dimension,question,value_id,value,status,kind,reason,human
Data Ingestion Approach,"What source, transport, or acquisition approach should be used to bring raw data into the ML workflow?",39.1,External-source ingestion: Features are collected from systems or sources outside the ML pipeline.,accepted,option,External sources are an alternative choice for acquiring data into the ML workflow.,
Data Ingestion Approach,"What source, transport, or acquisition approach should be used to bring raw data into the ML workflow?",39.2,"ETL-based ingestion: Batch-oriented extract, transform, and load processes bring features into the workflow.",accepted,option,Batch ETL is an alternative choice for transporting and preparing data for the workflow.,
Data Ingestion Approach,"What source, transport, or acquisition approach should be used to bring raw data into the ML workflow?",39.3,Streaming ingestion: Features enter the workflow continuously through streaming mechanisms.,accepted,option,Streaming is an alternative choice for continuously bringing data into the workflow.,
Data Ingestion Approach,"What source, transport, or acquisition approach should be used to bring raw data into the ML workflow?",39.4,Additional-data feedback loop: Insufficient data sends the workflow back to ingestion to acquire useful additional information.,accepted,other_question,"A feedback loop specifies how to respond to insufficient data, not the primary ingestion approach.",
Data Processing Path,Which data-processing architecture or path should be used to transform incoming data?,40.1,Data-access delay: Delayed access to required data obstructs ML delivery and value generation.,outcome,effect,Delayed data access is a consequence that obstructs delivery and value generation.,
Data Processing Path,Which data-processing architecture or path should be used to transform incoming data?,40.2,Insufficient ML business value: Operational barriers prevent machine-learning initiatives from generating positive business value.,outcome,effect,Insufficient business value is an outcome of operational barriers.,
Data Processing Path,Which data-processing architecture or path should be used to transform incoming data?,40.3,"Event-stream data quality: Higher-quality, better-documented data supplied by mission-critical event streams.",outcome,effect,Higher-quality event-stream data is a resulting data-quality benefit.,
Data Processing Path,Which data-processing architecture or path should be used to transform incoming data?,40.4,Forty-minute decision latency: Experience approximately forty minutes between transaction persistence and fraud-blocking decisions.,outcome,effect,Forty-minute decision latency is a performance outcome.,
Data Processing Path,Which data-processing architecture or path should be used to transform incoming data?,40.5,Rigid resource-intensive processing: Experience rigid architecture and substantial resource consumption from traditional batch processing.,outcome,effect,Rigid resource-intensive processing is a consequence of traditional batch processing.,
Data Processing Path,Which data-processing architecture or path should be used to transform incoming data?,40.6,"Data processing latency mode: Selection of batch, streaming, real-time, or near-real-time data processing.",accepted,option,"Selecting batch, streaming, real-time, or near-real-time is a processing-path choice.",
Data Processing Path,Which data-processing architecture or path should be used to transform incoming data?,40.7,Dual event-data routing: Route ambiguous interaction information through both low-latency event and quality-focused data flows.,accepted,other_question,"Dual routing answers how data should be routed across flows, a distinct routing decision.",
Data Processing Path,Which data-processing architecture or path should be used to transform incoming data?,40.8,Event-oriented low-latency processing: Process time-sensitive interaction units as events with minimal latency.,accepted,option,Event-oriented low-latency processing is an alternative processing path.,
Data Processing Path,Which data-processing architecture or path should be used to transform incoming data?,40.9,"Data-oriented quality-and-quantity processing: Process and store denser information units for later use, prioritizing quality and quantity over latency.",accepted,option,Data-oriented quality-and-quantity processing is an alternative processing path.,
Data Processing Path,Which data-processing architecture or path should be used to transform incoming data?,40.10,High-throughput structured streaming processing: Use streaming processing suited to high-throughput structured real-time data.,accepted,option,Structured streaming for high-throughput real-time data is an alternative processing architecture.,
Data Processing Path,Which data-processing architecture or path should be used to transform incoming data?,40.11,Low-latency video stream processing: Use streaming processing specialized for low-latency real-time video data.,accepted,option,Specialized low-latency video streaming is an alternative processing architecture.,
Data Processing Path,Which data-processing architecture or path should be used to transform incoming data?,40.12,"ETL batch analytics pipeline: Use extraction, transformation, batch analytics, and subsequent prediction as the data-processing architecture.",mixed,option,An ETL batch analytics pipeline is an alternative data-processing architecture.,
Feature Pipeline Architecture and Tooling,"What architecture and tooling should be selected to build, organize, and manage model-feature pipelines?",43.1,"Dedicated feature engineering pipeline: A distinct pipeline selects, transforms, combines, and prepares raw data before algorithm use.",accepted,option,A dedicated feature-engineering pipeline is an architectural choice for preparing features.,
Feature Pipeline Architecture and Tooling,"What architecture and tooling should be selected to build, organize, and manage model-feature pipelines?",43.2,"Feature preparation tooling: Spark, Python, or database capabilities implement feature analysis and transformation.",accepted,option,"Selecting Spark, Python, or database capabilities is a tooling choice for feature preparation.",
Feature Pipeline Architecture and Tooling,"What architecture and tooling should be selected to build, organize, and manage model-feature pipelines?",43.3,Modular reusable transformation functions: Organize feature and data preparation as independently testable functions that can be imported across pipeline stages.,accepted,option,Using modular reusable transformation functions is a choice about pipeline implementation structure.,
Feature Pipeline Architecture and Tooling,"What architecture and tooling should be selected to build, organize, and manage model-feature pipelines?",43.4,"Feature resource-cost measurement: Feature dependencies, inference latency, and memory cost are measured against predictive benefit.",accepted,other_question,This addresses the separate decision of whether and how to measure feature resource costs against benefit.,
Feature Pipeline Architecture and Tooling,"What architecture and tooling should be selected to build, organize, and manage model-feature pipelines?",43.5,"Three-layer ML pipeline architecture: Separate data, computation, and serving-orchestration layers in the ML pipeline.",accepted,option,"Separating data, computation, and serving orchestration is an alternative pipeline architecture.",
Feature Pipeline Architecture and Tooling,"What architecture and tooling should be selected to build, organize, and manage model-feature pipelines?",43.6,Shared-transformation downstream improvement: Improving one canonical production transformation automatically improves dependent downstream pipelines.,outcome,effect,Improving downstream pipelines is a consequence of sharing canonical transformations.,
Feature Pipeline Architecture and Tooling,"What architecture and tooling should be selected to build, organize, and manage model-feature pipelines?",43.7,Reduced data-pipeline plumbing: Feature-store tooling reduces effort spent building data pipes and negotiating data access.,outcome,effect,Reducing data-pipeline plumbing is an outcome attributed to feature-store tooling.,
Feature Transformation Strategy,Which overall data-transformation strategy should be selected to convert source data into model features?,44.1,Improved transformation code quality: A structured development environment improves the quality of transformation code.,outcome,effect,Improved transformation code quality is an outcome attributed to using a structured development environment.,
Feature Transformation Strategy,Which overall data-transformation strategy should be selected to convert source data into model features?,44.2,Real-time featurization complexity cost: Real-time feature computation increases machine-learning system complexity.,outcome,effect,Real-time featurization complexity cost is a consequence of computing features in real time.,
Feature Transformation Strategy,Which overall data-transformation strategy should be selected to convert source data into model features?,44.3,Domain-informed feature engineering: Combine raw data with domain knowledge to construct features for model consumption.,accepted,other_question,This is a choice about whether and how to incorporate domain knowledge into feature engineering.,
Feature Transformation Strategy,Which overall data-transformation strategy should be selected to convert source data into model features?,44.4,Missing-value handling strategy: Choose imputation or record/field removal strategies for missing values during transformation.,accepted,other_question,This is a choice about how to handle missing values during transformation.,
Feature Transformation Strategy,Which overall data-transformation strategy should be selected to convert source data into model features?,44.5,"Outlier treatment strategy: Choose whether to retain, correct, or remove anomalous records during data cleaning.",accepted,other_question,This is a choice about how to treat anomalous or outlier records.,
Feature Transformation Strategy,Which overall data-transformation strategy should be selected to convert source data into model features?,44.6,"Record and dataset restructuring: Restructure fields, records, granularity, pivots, and aggregations to match downstream task requirements.",accepted,other_question,"This is a choice about restructuring data fields, records, granularity, pivots, and aggregations.",
Training-Serving Feature Consistency,How should training and serving feature preparation be organized to maintain feature consistency?,28.1,Separate training-serving feature preparation: Maintain distinct preparation paths for training data and serving-time features.,accepted,option,It proposes distinct training and serving preparation paths as a consistency approach.,
Training-Serving Feature Consistency,How should training and serving feature preparation be organized to maintain feature consistency?,28.2,Training-serving feature consistency controls: Use shared or explicitly aligned transformations so training features and serving features remain consistent.,accepted,option,It proposes shared or explicitly aligned transformations as a consistency approach.,
Data Profiling and Validation,Which data profiling and validation practices should be adopted to establish that prepared data is trustworthy?,15.1,"Metadata and distribution profiling: Attribute metadata, value distributions, and visualizations are documented to understand dataset structure.",accepted,option,This is an adoptable profiling practice for understanding dataset structure and distributions.,
Data Profiling and Validation,Which data profiling and validation practices should be adopted to establish that prepared data is trustworthy?,15.2,"User-defined dataset validation: Custom routines detect inconsistencies, incorrect associations, missing values, and other data errors.",accepted,option,This is an adoptable validation practice for detecting data inconsistencies and errors.,
Data Profiling and Validation,Which data profiling and validation practices should be adopted to establish that prepared data is trustworthy?,15.3,"Schema-anomaly pipeline halt: Stop training or processing when incoming features are unexpected, missing, or invalid.",accepted,option,This is an adoptable validation response that prevents processing when schema anomalies occur.,
Data Profiling and Validation,Which data profiling and validation practices should be adopted to establish that prepared data is trustworthy?,15.4,Data-type mismatch detection: Observed validation output identifying inputs whose types violate dataset expectations.,outcome,effect,This describes an observed validation result rather than a practice or design choice.,
Training Execution Mode,Which computational execution mode should produce model updates?,17.1,Offline batch training: Training runs as an offline process rather than during prediction requests.,mixed,option,Offline batch training is an alternative execution mode for producing model updates.,
Training Execution Mode,Which computational execution mode should produce model updates?,17.2,Real-time online learning: The model updates continuously or incrementally while operating on incoming data.,accepted,option,Real-time online learning is an alternative execution mode for producing model updates.,
Training Execution Mode,Which computational execution mode should produce model updates?,17.3,Nearline computation: Intermediate computation balancing freshness and computational flexibility without strict real-time serving.,mixed,option,Nearline computation is an alternative execution mode between offline and real-time operation.,
Training Execution Mode,Which computational execution mode should produce model updates?,17.4,"Hybrid offline-nearline-online computation: Combine offline, nearline, and online computation regimes in one managed architecture.",accepted,option,A hybrid regime is an architectural alternative combining multiple execution modes.,
Training Execution Mode,Which computational execution mode should produce model updates?,17.5,Streaming update granularity: Update incrementally per individual data point or in small mini-batches.,accepted,other_question,This addresses update granularity rather than the broader computational execution mode.,
Training Execution Mode,Which computational execution mode should produce model updates?,17.6,Batch and real-time processing support: Accommodate both batch and real-time execution modes in the ML processing architecture.,mixed,option,Supporting batch and real-time processing is an alternative execution-mode architecture.,
Training Execution Mode,Which computational execution mode should produce model updates?,17.7,Limited production suitability of forecast workflows: Offline forecast workflows provide limited usefulness for industry production systems.,outcome,effect,Limited production suitability is an outcome of particular forecast workflows.,
Training Execution Mode,Which computational execution mode should produce model updates?,17.8,Reduced training-data memory requirement: Incremental training avoids retaining the complete training dataset in memory.,outcome,effect,Reduced training-data memory requirement is a consequence of incremental training.,
Training Execution Mode,Which computational execution mode should produce model updates?,17.9,Real-time learning scalability burden: High-rate incremental training creates a significant scaling challenge.,outcome,effect,A scalability burden is a consequence or risk of high-rate incremental training.,
Training Trigger Policy,What temporal or event policy determines when training or retraining runs?,18.1,"Time- and event-triggered training: Schedulers, calendar events, messages, monitoring events, or data and code changes initiate training.",accepted,option,It is an alternative policy in which schedules and operational events initiate training.,
Training Trigger Policy,What temporal or event policy determines when training or retraining runs?,18.2,"Criticality-dependent training schedule: Training frequency varies according to application criticality, from multiple times daily to daily execution.",accepted,option,It is an alternative policy that sets training frequency according to application criticality.,
Training Trigger Policy,What temporal or event policy determines when training or retraining runs?,18.3,Performance- and drift-triggered retraining: Retrain when model performance degrades or feature distributions indicate drift.,accepted,option,It is an alternative policy that initiates retraining based on performance degradation or detected drift.,
Training Parallelization and Resilience,How should model-training computation be partitioned and parallelized across workers?,25.1,Data-partitioned model replicas: Data is partitioned and a model replica trains on each partition.,mixed,option,Data-partitioned model replicas are an alternative training-parallelization strategy.,
Training Parallelization and Resilience,How should model-training computation be partitioned and parallelized across workers?,25.2,Model-partitioned parameter updates: The model is partitioned so separate workers update different parameter subsets.,accepted,option,Partitioning model parameters across workers is an alternative training-parallelization strategy.,
Training Parallelization and Resilience,How should model-training computation be partitioned and parallelized across workers?,25.3,Checkpointed training partitions: Training partitions use checkpoints and retry or failover mechanisms after transient failures.,accepted,other_question,Checkpointing and failover choose a restartability strategy rather than a parallelization strategy.,
Training Update Algorithm,Which learning algorithm or model architecture should be used to produce model updates?,41.1,Stochastic-gradient incremental training: Stochastic gradient descent provides the optimization routine for incremental online learning.,accepted,option,Stochastic gradient descent is an alternative optimization algorithm for producing incremental model updates.,
Training Update Algorithm,Which learning algorithm or model architecture should be used to produce model updates?,41.2,Linear learning algorithm: A simple linear or logistic learner updates parameters efficiently for online prediction.,accepted,option,A linear or logistic learner is an alternative model and update algorithm for online prediction.,
Training Update Algorithm,Which learning algorithm or model architecture should be used to produce model updates?,41.3,Parameter-only prediction: Prediction uses learned weights or parameters without retaining a complex model representation.,accepted,other_question,This chooses how predictions are represented rather than which algorithm produces model updates.,
Training Update Algorithm,Which learning algorithm or model architecture should be used to produce model updates?,41.4,"Gradient-boosted tree model: Use a gradient-boosted tree algorithm, exemplified by XGBoost, for model training.",accepted,option,A gradient-boosted tree model is an alternative model family for training.,
Training Update Algorithm,Which learning algorithm or model architecture should be used to produce model updates?,41.5,Multi-variable fraud model: A model using multiple variables addresses complex and evolving fraud vectors.,accepted,option,A multi-variable fraud model is an alternative model design for producing predictions and updates.,
Training Update Algorithm,Which learning algorithm or model architecture should be used to produce model updates?,41.6,Scalable algorithm architecture: Choose an algorithm architecture supporting arbitrary complexity and very large data volumes.,accepted,option,A scalable algorithm architecture is an alternative architectural approach to model computation.,
Training Update Algorithm,Which learning algorithm or model architecture should be used to produce model updates?,41.7,Pluggable recommendation algorithm architecture: Design recommendation algorithms so new approaches can be integrated easily.,accepted,other_question,This addresses extensibility of recommendation algorithms rather than the training update algorithm itself.,
Training Update Algorithm,Which learning algorithm or model architecture should be used to produce model updates?,41.8,"Recommendation technology selection: Select technologies balancing recommendation scalability, flexibility, freshness, and responsiveness.",accepted,other_question,"This selects recommendation technologies against system qualities, not a specific training update algorithm.",
Training Update Algorithm,Which learning algorithm or model architecture should be used to produce model updates?,41.9,Algorithm decomposition: Decompose recommendation algorithms strategically to achieve scalability and responsiveness.,accepted,other_question,This chooses how recommendation algorithms are decomposed rather than which learning algorithm updates the model.,
Training Update Algorithm,Which learning algorithm or model architecture should be used to produce model updates?,41.10,Scikit-learn model-building framework: Build models using the scikit-learn framework.,accepted,other_question,"Scikit-learn is a model-building framework choice, not itself a training update algorithm.",
Training Update Algorithm,Which learning algorithm or model architecture should be used to produce model updates?,41.11,Built-in gradient-boosting algorithm: Use a managed platform's built-in gradient-boosting algorithm rather than a framework deployment.,accepted,option,A built-in gradient-boosting algorithm is an alternative training algorithm implementation.,
Training Update Algorithm,Which learning algorithm or model architecture should be used to produce model updates?,41.12,Probability-valued prediction output: Return probabilistic classification scores rather than only categorical predictions.,accepted,other_question,This chooses prediction-output representation rather than the algorithm used to produce model updates.,
Training Update Algorithm,Which learning algorithm or model architecture should be used to produce model updates?,41.13,Linearity constraint: The learning approach cannot directly represent nonlinear relationships.,outcome,effect,Limited representation of nonlinear relationships is a consequence or limitation of a learning approach.,
Training Update Algorithm,Which learning algorithm or model architecture should be used to produce model updates?,41.14,Rapid adaptation to change: An online learner reacts quickly to changing data during operation.,outcome,effect,Rapid adaptation to changing data is an outcome of using an online learning approach.,
Candidate-Model Search Execution,Should candidate-model training during search execute sequentially or in parallel?,42.1,Sequential candidate-model training: Running training jobs one after another when searching candidate configurations.,accepted,option,Sequential training is an alternative execution-order choice for candidate-model search.,
Candidate-Model Search Execution,Should candidate-model training during search execute sequentially or in parallel?,42.2,"Parallel candidate-model training: Multiple algorithms, parameter configurations, or candidate models train concurrently.",accepted,option,Parallel training is an alternative execution-order choice for candidate-model search.,
Model Evaluation Dataset Strategy,How should data be held out and partitioned to support model evaluation?,45.1,Held-out-data evaluation: Performance is measured on data not used during training to assess generalization.,accepted,option,Using held-out data is an alternative evaluation-data arrangement.,
Model Evaluation Dataset Strategy,How should data be held out and partitioned to support model evaluation?,45.2,Evaluation-subset model selection: The best candidate is selected by comparing performance against true values in an evaluation dataset.,accepted,other_question,"This addresses how to select the best model, rather than how to arrange evaluation data.",
Model Evaluation Dataset Strategy,How should data be held out and partitioned to support model evaluation?,45.3,Sequential dataset splitting: Partition data into training and testing subsets by preserving source order and applying a ratio.,accepted,option,Sequential splitting is an alternative method for partitioning evaluation data.,
Model Evaluation Dataset Strategy,How should data be held out and partitioned to support model evaluation?,45.4,Random-seed dataset splitting: Partition data into training and testing subsets through randomized selection controlled by a seed and ratio.,accepted,option,Randomized splitting is an alternative method for partitioning evaluation data.,
Model Evaluation Dataset Strategy,How should data be held out and partitioned to support model evaluation?,45.5,Injectable dataset segregation strategy: Select and configure dataset segregation algorithms at runtime through an injectable strategy and service.,accepted,other_question,This addresses how segregation strategies are configured and injected at runtime.,
Model Evaluation Criteria and Instrumentation,"Which evaluation criteria, metrics, baselines, and interpretability or fairness instruments should be used to assess model quality?",46.1,Pluggable evaluator library: Multiple evaluation metrics can be combined or exchanged through a flexible evaluator library.,accepted,option,Choosing a pluggable evaluator library is an alternative design for combining or exchanging assessment metrics.,
Model Evaluation Criteria and Instrumentation,"Which evaluation criteria, metrics, baselines, and interpretability or fairness instruments should be used to assess model quality?",46.2,"Fairness and inclusion testing: Candidate models are tested for fairness, bias, inclusion, and protected-category effects before release.",accepted,option,Fairness and inclusion testing is an assessment instrument that can be adopted or omitted.,
Model Evaluation Criteria and Instrumentation,"Which evaluation criteria, metrics, baselines, and interpretability or fairness instruments should be used to assess model quality?",46.3,Business-impact-aligned evaluation: Model metrics are evaluated together with business outcomes such as revenue or engagement.,accepted,option,Aligning evaluation with business impact is an alternative choice about what outcomes to assess.,
Model Evaluation Criteria and Instrumentation,"Which evaluation criteria, metrics, baselines, and interpretability or fairness instruments should be used to assess model quality?",46.4,Out-of-fold prediction blending: Combining out-of-fold candidate predictions to form the final prediction pipeline.,accepted,other_question,"Out-of-fold prediction blending concerns construction of the prediction pipeline, not evaluation criteria or instrumentation.",
Model Evaluation Criteria and Instrumentation,"Which evaluation criteria, metrics, baselines, and interpretability or fairness instruments should be used to assess model quality?",46.5,"Multi-criteria operational evaluation: Evaluation considers stability, ethics, fairness, explainability, user experience, and edge cases beyond error alone.",accepted,option,Multi-criteria operational evaluation is an alternative approach to defining model assessment.,
Model Evaluation Criteria and Instrumentation,"Which evaluation criteria, metrics, baselines, and interpretability or fairness instruments should be used to assess model quality?",46.6,Single-objective error minimization: Considering one error objective instead of broader operational criteria was rejected for model assessment.,rejected,option,"Single-objective error minimization is a possible evaluation approach, explicitly rejected here.",
Model Evaluation Criteria and Instrumentation,"Which evaluation criteria, metrics, baselines, and interpretability or fairness instruments should be used to assess model quality?",46.7,"Model interpretability instrumentation: Interpretability mechanisms explain model results for users, governance, and regulatory needs.",accepted,option,Interpretability instrumentation is an optional assessment and governance mechanism.,
Model Evaluation Criteria and Instrumentation,"Which evaluation criteria, metrics, baselines, and interpretability or fairness instruments should be used to assess model quality?",46.8,Heuristic baseline model: Use simple hand-crafted rules as a reference model for evaluating later ML models.,accepted,option,Selecting a heuristic baseline is an alternative choice for benchmarking model quality.,
Model Evaluation Criteria and Instrumentation,"Which evaluation criteria, metrics, baselines, and interpretability or fairness instruments should be used to assess model quality?",46.9,Ground-truth-limited precision and recall: Inaccurate labels impose an upper bound on achievable model precision and recall.,outcome,effect,Limited ground-truth quality constraining precision and recall is a consequence of inaccurate labels.,
Model Evaluation Criteria and Instrumentation,"Which evaluation criteria, metrics, baselines, and interpretability or fairness instruments should be used to assess model quality?",46.10,Production accuracy requirement: Require AutoML-produced models to meet the accuracy needed for real-world use.,outcome,goal,Requiring production-level accuracy states a target requirement rather than an evaluation-design option.,
Ground Truth and Labeling Strategy,How should ground-truth labels be constructed and categorized for model assessment?,34.1,Ground-truth construction and label separation: Practitioners construct accurate labels and preserve distinctions between materially different outcome categories.,accepted,option,It proposes practitioner-created labels that preserve distinctions between materially different outcomes.,
Ground Truth and Labeling Strategy,How should ground-truth labels be constructed and categorized for model assessment?,34.2,Chargeback-type separation for modeling: Separating chargeback types as a modeling ground-truth strategy was explicitly rejected.,mixed,option,It identifies chargeback-type separation as a modeling ground-truth strategy that could be adopted or rejected.,
Ground Truth and Labeling Strategy,How should ground-truth labels be constructed and categorized for model assessment?,34.3,Web-based manual labeling: Use a web application to support human creation of ground-truth labels.,accepted,option,It proposes web-based manual labeling as the labeling mechanism.,
Ground Truth and Labeling Strategy,How should ground-truth labels be constructed and categorized for model assessment?,34.4,Outsourced manual labeling: Use an external labeling service to create ground-truth labels.,accepted,option,It proposes outsourced manual labeling as the labeling mechanism.,
Model Optimization Strategy,"Which strategy should be used to search, tune, regularize, or otherwise optimize model configurations?",23.1,Hyperparameter optimization and regularization: Iterative optimization and regularization refine candidate models before final selection.,accepted,option,It is an adoptable strategy combining iterative hyperparameter optimization with regularization.,
Model Optimization Strategy,"Which strategy should be used to search, tune, regularize, or otherwise optimize model configurations?",23.2,Manual deep-learning hyperparameter tuning: Manually exploring deep-learning hyperparameters without automated search.,mixed,option,It is an adoptable manual strategy for tuning deep-learning hyperparameters.,
Model Optimization Strategy,"Which strategy should be used to search, tune, regularize, or otherwise optimize model configurations?",23.3,"Neural architecture search: Automated search selects neural architectures using defined spaces, metrics, and search algorithms.",accepted,option,It is an adoptable automated strategy for selecting neural architectures.,
Model Optimization Strategy,"Which strategy should be used to search, tune, regularize, or otherwise optimize model configurations?",23.4,Ecological-cost optimization: Model optimization accounts for computational carbon footprint as an objective.,accepted,option,It is an adoptable optimization strategy that includes computational carbon footprint as an objective.,
Model Optimization Strategy,"Which strategy should be used to search, tune, regularize, or otherwise optimize model configurations?",23.5,Model optimization objective selection: Selecting the performance criterion or error type that model optimization prioritizes.,accepted,other_question,"It addresses which optimization objective or error criterion to prioritize, rather than how to search or tune models.",
Model Optimization Strategy,"Which strategy should be used to search, tune, regularize, or otherwise optimize model configurations?",23.6,Automated algorithm and model selection: Automation evaluates multiple algorithms or models to select a suitable candidate during training.,accepted,option,It is an adoptable automated strategy for selecting among algorithms or models.,
Model Optimization Strategy,"Which strategy should be used to search, tune, regularize, or otherwise optimize model configurations?",23.7,Expanded deep-learning hyperparameter search space: Growth in the number of hyperparameters that makes exhaustive manual search impractical.,outcome,effect,It describes a consequence of expanding the hyperparameter space that increases the difficulty of manual search.,
Model Optimization Strategy,"Which strategy should be used to search, tune, regularize, or otherwise optimize model configurations?",23.8,Reduced hyperparameter-search burden: Reduced data-scientist effort resulting from automated hyperparameter optimization.,outcome,effect,It describes a benefit resulting from automated hyperparameter optimization.,
Model Optimization Strategy,"Which strategy should be used to search, tune, regularize, or otherwise optimize model configurations?",23.9,Heuristic rule complexity: Rule-based fraud heuristics become unwieldy as fraud vectors grow more complex and evolve.,outcome,effect,It describes an adverse consequence of increasingly complex and evolving fraud vectors for heuristic rules.,
Pre-release Validation,Which testing and release-validation mechanisms should be used to establish pipeline integrity and production readiness?,24.1,"Automated end-to-end pipeline testing: The complete data, training, and model pipeline is regularly executed and checked before production.",accepted,option,Automated end-to-end execution is an alternative pipeline-validation practice.,
Pre-release Validation,Which testing and release-validation mechanisms should be used to establish pipeline integrity and production readiness?,24.2,Validation-set regression thresholds: Quality thresholds detect gradual or sudden degradation across model versions.,accepted,option,Regression thresholds are an alternative mechanism for detecting model-quality degradation.,
Pre-release Validation,Which testing and release-validation mechanisms should be used to establish pipeline integrity and production readiness?,24.3,Canary serving validation: A model is tested in a production-like serving environment using realistic data before full service.,accepted,option,Canary serving is an alternative production-like validation practice.,
Pre-release Validation,Which testing and release-validation mechanisms should be used to establish pipeline integrity and production readiness?,24.4,Diff-testing against previous models: Comparing new models directly with previously built models is explicitly discouraged because maintenance is difficult.,mixed,option,Rejecting direct diff-testing is a choice about whether to use that validation practice.,
Pre-release Validation,Which testing and release-validation mechanisms should be used to establish pipeline integrity and production readiness?,24.5,Competing-model production testing: Multiple candidate models receive split production traffic for comparative performance evaluation.,accepted,option,Split-traffic competing-model testing is an alternative production-validation strategy.,
Pre-release Validation,Which testing and release-validation mechanisms should be used to establish pipeline integrity and production readiness?,24.6,Manual documented test execution: Run tests manually while documenting and distributing their results.,accepted,option,Manual documented execution is an alternative way to perform release checks.,
Pre-release Validation,Which testing and release-validation mechanisms should be used to establish pipeline integrity and production readiness?,24.7,Automated repeated test execution: Use automation to run tests repeatedly.,accepted,option,Automated repeated execution is an alternative way to perform release checks.,
Pre-release Validation,Which testing and release-validation mechanisms should be used to establish pipeline integrity and production readiness?,24.8,Minimum-section readiness scoring: Let the least-developed testing or monitoring section determine overall readiness.,accepted,other_question,"This chooses how to aggregate readiness across sections, not which validation checks to run.",
Pre-release Validation,Which testing and release-validation mechanisms should be used to establish pipeline integrity and production readiness?,24.9,ML Test Score readiness measure: Use a combined testing and monitoring score to assess production readiness.,accepted,other_question,"This chooses a combined readiness scoring framework, a distinct assessment question.",
Pre-release Validation,Which testing and release-validation mechanisms should be used to establish pipeline integrity and production readiness?,24.10,Production-readiness level classification: Classify systems by ranges of testing and monitoring maturity.,accepted,other_question,"This chooses how to classify testing and monitoring maturity, rather than which checks to perform.",
Pre-release Validation,Which testing and release-validation mechanisms should be used to establish pipeline integrity and production readiness?,24.11,Traffic-splitting and data-collection complexity: Comparative production testing increases operational complexity while traffic is divided and evidence accumulates.,outcome,effect,Operational complexity is a consequence of comparative production testing.,
Pre-release Validation,Which testing and release-validation mechanisms should be used to establish pipeline integrity and production readiness?,24.12,Reliability gaps from insufficient testing: Insufficient testing leaves serious reliability holes and requires further productionization investment.,outcome,effect,Reliability gaps and added investment are consequences of insufficient testing.,
Pre-release Validation,Which testing and release-validation mechanisms should be used to establish pipeline integrity and production readiness?,24.13,Testing and monitoring automation strength: Higher readiness scores indicate stronger testing and monitoring automation.,outcome,effect,Stronger automation is an outcome associated with higher readiness scores.,
Prediction Serving Interaction,How are prediction requests and completed results temporally and communicatively exchanged between callers and the serving system?,5.1,Synchronous online serving: A caller submits a request and receives a prediction during the request interaction.,accepted,option,Synchronous request-response serving is an alternative interaction pattern.,
Prediction Serving Interaction,How are prediction requests and completed results temporally and communicatively exchanged between callers and the serving system?,5.2,"Asynchronous offline serving: Large collections are scored as batch jobs, with results retrieved after completion.",accepted,option,Batch scoring with later retrieval is an alternative temporal serving pattern.,
Prediction Serving Interaction,How are prediction requests and completed results temporally and communicatively exchanged between callers and the serving system?,5.3,Push-based score delivery: Completed predictions are delivered to the caller through an independent notification.,accepted,option,Independent push delivery is an alternative result-delivery pattern.,
Prediction Serving Interaction,How are prediction requests and completed results temporally and communicatively exchanged between callers and the serving system?,5.4,Polling-based score retrieval: The caller periodically checks a low-latency store for completed predictions.,accepted,option,Periodic polling is an alternative result-retrieval pattern.,
Prediction Serving Interaction,How are prediction requests and completed results temporally and communicatively exchanged between callers and the serving system?,5.5,Broker-based completion notification: A message broker signals completion of offline scoring before consumers fetch results.,accepted,option,Broker-mediated completion notification is an alternative communication pattern.,
Prediction Serving Interaction,How are prediction requests and completed results temporally and communicatively exchanged between callers and the serving system?,5.6,Model-version request routing: Requests identify a model version and a router directs them to the corresponding model.,accepted,other_question,This chooses how requests are routed by model version rather than how predictions are exchanged.,
Prediction Serving Interaction,How are prediction requests and completed results temporally and communicatively exchanged between callers and the serving system?,5.7,Cached offline predictions: Precomputed predictions are cached to reduce access latency for repeated or relevant requests.,accepted,other_question,This chooses a caching strategy rather than the prediction interaction contract.,
Prediction Serving Interaction,How are prediction requests and completed results temporally and communicatively exchanged between callers and the serving system?,5.8,Prediction-request feature payload: Including available contextual features directly in prediction requests.,accepted,other_question,This specifies the request input payload rather than the serving interaction pattern.,
Prediction Serving Interaction,How are prediction requests and completed results temporally and communicatively exchanged between callers and the serving system?,5.9,Fresh recommendation results: Serve recommendation outputs that rapidly reflect new data and user actions.,accepted,goal,Freshness is a desired property of recommendation results.,
Prediction Serving Interaction,How are prediction requests and completed results temporally and communicatively exchanged between callers and the serving system?,5.10,Low-latency recommendation serving: Return recommendation results quickly enough to respond to interactions.,accepted,goal,Low latency is a performance objective for recommendation serving.,
Prediction Serving Interaction,How are prediction requests and completed results temporally and communicatively exchanged between callers and the serving system?,5.11,"Three-way prediction input contract: Supply predictions with model artifacts, processed data, and fresh live signals.",accepted,other_question,This defines the required prediction inputs rather than the request and delivery interaction.,
Prediction Serving Interaction,How are prediction requests and completed results temporally and communicatively exchanged between callers and the serving system?,5.12,REST model invocation: Request predictions from a remotely hosted model through a REST interface.,accepted,other_question,"REST is an invocation protocol choice, a different question from the temporal serving contract.",
Prediction Serving Interaction,How are prediction requests and completed results temporally and communicatively exchanged between callers and the serving system?,5.13,gRPC model invocation: Request predictions from a remotely hosted model through gRPC.,accepted,other_question,"gRPC is an invocation protocol choice, a different question from the temporal serving contract.",
Prediction Serving Interaction,How are prediction requests and completed results temporally and communicatively exchanged between callers and the serving system?,5.14,Reduced fraud-response latency: Streaming and real-time decisioning reduce the elapsed time from suspicious transaction detection to account blocking.,outcome,effect,Reduced fraud-response latency is an outcome attributed to serving choices.,
Serving Architecture Style,Which architectural style should organize model-serving components and define their boundaries?,29.1,Microservice architecture: Clearly separated product components are independently served as microservices.,mixed,option,Microservice architecture is an alternative serving style that can be adopted or rejected.,
Serving Architecture Style,Which architectural style should organize model-serving components and define their boundaries?,29.2,Monolithic architecture: A monolithic serving architecture was considered as an alternative to decomposed ML integration and rejected.,mixed,option,Monolithic architecture is an alternative serving style that can be adopted or rejected.,
Serving Architecture Style,Which architectural style should organize model-serving components and define their boundaries?,29.3,Hybrid microservice-monolith architecture: Microservice and monolithic structures are combined when both separation and shared integration are needed.,accepted,option,A hybrid microservice-monolith is an alternative serving style combining two organizational structures.,
Serving Architecture Style,Which architectural style should organize model-serving components and define their boundaries?,29.4,Universal default monolith: Treating the standard monolith as suitable for every situation is explicitly rejected.,mixed,option,Using a universal default monolith is a serving-style strategy that can be accepted or rejected.,
Serving Architecture Style,Which architectural style should organize model-serving components and define their boundaries?,29.5,Lambda architecture: Combine streaming and batch paths to support continuously updated online-learning systems.,accepted,other_question,"Lambda architecture answers how streaming and batch processing paths are organized, not primarily how serving components are bounded.",
Serving Architecture Style,Which architectural style should organize model-serving components and define their boundaries?,29.6,Loosely coupled serving integration: Keep serving components integrated with surrounding systems while allowing independent evolution and maintenance.,accepted,other_question,Loosely coupled integration answers a component-coupling and evolution question rather than selecting a serving style.,
Serving Architecture Style,Which architectural style should organize model-serving components and define their boundaries?,29.7,Weak ML component boundaries: ML components have weak boundaries that impede independent architecture and deployment.,outcome,effect,Weak component boundaries are an outcome or property resulting from architectural choices.,
Serving Architecture Style,Which architectural style should organize model-serving components and define their boundaries?,29.8,"Interleaved ML model dependencies: One model consumes another model's outputs, creating coupled component dependencies.",outcome,effect,Interleaved model dependencies are a consequence describing coupling between model components.,
Serving Deployment Arrangement,"Which deployment arrangement should host and connect serving components, and determine how they are deployed?",30.1,Separate model and API deployment: The model and feature-retrieval or invocation APIs operate as distinct serving components.,accepted,option,A separate model and API deployment is an alternative serving arrangement.,
Serving Deployment Arrangement,"Which deployment arrangement should host and connect serving components, and determine how they are deployed?",30.2,Containerized prediction microservice: A prediction model is packaged and deployed as a containerized microservice.,mixed,option,A containerized prediction microservice is an alternative deployment arrangement.,
Serving Deployment Arrangement,"Which deployment arrangement should host and connect serving components, and determine how they are deployed?",30.3,"Clustered queue-backed serving: Online serving runs across a cluster behind a queue for load balancing, throughput, and low latency.",accepted,option,Clustered queue-backed serving is an alternative arrangement for operating online serving.,
Serving Deployment Arrangement,"Which deployment arrangement should host and connect serving components, and determine how they are deployed?",30.4,Parallel stateless prediction pipelines: Multiple stateless prediction pipelines scale horizontally to accommodate load.,accepted,option,Parallel stateless prediction pipelines are an alternative horizontally scalable serving arrangement.,
Serving Deployment Arrangement,"Which deployment arrangement should host and connect serving components, and determine how they are deployed?",30.5,Web-service model deployment: Hosting trained models behind web-service interfaces in cloud or local environments.,accepted,option,Web-service model deployment is an alternative way to host and expose models.,
Serving Deployment Arrangement,"Which deployment arrangement should host and connect serving components, and determine how they are deployed?",30.6,Replaceable serving components: Serving components or providers can be substituted independently without rebuilding the whole system.,accepted,other_question,Independent component replacement answers a modularity and substitutability question rather than the deployment-arrangement question.,
Serving Deployment Arrangement,"Which deployment arrangement should host and connect serving components, and determine how they are deployed?",30.7,"Container orchestration platform: Use Kubernetes, Fargate, or an equivalent orchestrator to run serving containers.",accepted,other_question,"Choosing Kubernetes, Fargate, or another orchestrator answers a platform-selection question.",
Serving Deployment Arrangement,"Which deployment arrangement should host and connect serving components, and determine how they are deployed?",30.8,Openscoring model serving: Serve trained models through the Openscoring serving mechanism.,accepted,other_question,Openscoring is a choice of serving mechanism rather than a general deployment arrangement.,
Serving Deployment Arrangement,"Which deployment arrangement should host and connect serving components, and determine how they are deployed?",30.9,Rolling serving upgrades: Update deployed ML services incrementally without downtime.,accepted,other_question,Rolling upgrades answer a deployment-update and availability strategy question.,
Serving Deployment Arrangement,"Which deployment arrangement should host and connect serving components, and determine how they are deployed?",30.10,HTTPS service communication: Secure REST service communication using HTTPS as a deployment and integration requirement.,accepted,goal,HTTPS communication is a security and integration requirement for the deployment.,
Serving Deployment Arrangement,"Which deployment arrangement should host and connect serving components, and determine how they are deployed?",30.11,Reduced single-point-of-failure risk: Service decomposition reduces dependence on one provider or component failure.,outcome,effect,Reduced single-point-of-failure risk is a consequence of service decomposition.,
Serving Deployment Arrangement,"Which deployment arrangement should host and connect serving components, and determine how they are deployed?",30.12,Feature-service independence: Independent feature services enable distributed development and component autonomy.,outcome,effect,Feature-service independence is an organizational and architectural consequence of decomposition.,
Serving Deployment Arrangement,"Which deployment arrangement should host and connect serving components, and determine how they are deployed?",30.13,Distributed development enablement: Service decomposition enables development by distributed teams.,outcome,effect,Distributed development enablement is an organizational consequence of service decomposition.,
Serving Deployment Arrangement,"Which deployment arrangement should host and connect serving components, and determine how they are deployed?",30.14,Software development cost: Development and maintenance effort affected by application architecture and code organization.,outcome,effect,Software development cost is an economic consequence affected by architectural choices.,
Serving Capacity and Recovery,How should prediction-serving capacity be scaled and recovered to remain operational under changing demand and failures?,31.1,Elastic serving scale: Prediction infrastructure dynamically scales capacity with changing workload demand.,accepted,option,Dynamic scaling is an adoptable strategy for matching serving capacity to demand.,
Serving Capacity and Recovery,How should prediction-serving capacity be scaled and recovered to remain operational under changing demand and failures?,31.2,Automated failover and recovery: Production serving activates geographically resilient failover and rapid automated recovery.,accepted,option,Geographically resilient automated failover is an adoptable recovery strategy.,
Serving Capacity and Recovery,How should prediction-serving capacity be scaled and recovered to remain operational under changing demand and failures?,31.3,Serverless service deployment: Deploy services through a serverless runtime rather than dedicated continuously running hosts.,accepted,other_question,Serverless versus dedicated hosting answers a deployment-model question rather than the central scaling-and-recovery question.,
Serving Capacity and Recovery,How should prediction-serving capacity be scaled and recovered to remain operational under changing demand and failures?,31.4,Availability-oriented serving: Prioritize service availability and rapid recovery so prediction requests receive responses despite failures or load.,accepted,goal,Availability and rapid recovery are objectives for serving rather than an architectural option.,
Serving Capacity and Recovery,How should prediction-serving capacity be scaled and recovered to remain operational under changing demand and failures?,31.5,"Performance-oriented serving: Choose serving architecture to meet read, write, scoring, and response-time performance requirements.",accepted,goal,Meeting performance requirements is an objective rather than a specific capacity or recovery choice.,
Serving Capacity and Recovery,How should prediction-serving capacity be scaled and recovered to remain operational under changing demand and failures?,31.6,Horizontal execution-cluster scaling: Scale the execution cluster horizontally for automated ML workflows.,accepted,other_question,Horizontal scaling of an execution cluster answers an automated-ML workflow execution question.,
Serving Capacity and Recovery,How should prediction-serving capacity be scaled and recovered to remain operational under changing demand and failures?,31.7,Workload-managed serving computation: Manage computational resources according to workload to sustain efficient production operation.,accepted,option,Managing computation according to workload is an adoptable resource-management strategy.,
Serving Capacity and Recovery,How should prediction-serving capacity be scaled and recovered to remain operational under changing demand and failures?,31.8,Fault-tolerant self-healing serving: Recover from component breakdowns through fault tolerance and self-healing operation.,accepted,option,Fault tolerance and self-healing are adoptable strategies for recovering from serving failures.,
Serving Capacity and Recovery,How should prediction-serving capacity be scaled and recovered to remain operational under changing demand and failures?,31.9,"Serverless state and duration mismatch: Stateless short-lived serverless functions can fit poorly with stateful, long-running data-science workers.",outcome,effect,State and duration mismatch is a consequence or risk of using serverless functions.,
Serving Capacity and Recovery,How should prediction-serving capacity be scaled and recovered to remain operational under changing demand and failures?,31.10,Scalable ML pipeline operation: Ability of deployed ML pipeline infrastructure to operate at increasing scale.,outcome,effect,Scalable ML pipeline operation is an outcome of infrastructure and scaling choices.,
Serving Capacity and Recovery,How should prediction-serving capacity be scaled and recovered to remain operational under changing demand and failures?,31.11,Sub-10-millisecond scoring latency: Observed prediction response latency below ten milliseconds under load.,outcome,effect,Sub-10-millisecond scoring latency is an observed performance result.,
Serving Capacity and Recovery,How should prediction-serving capacity be scaled and recovered to remain operational under changing demand and failures?,31.12,Software scalability: The selected service architecture improves software scalability.,outcome,effect,Improved software scalability is a consequence of the selected service architecture.,
Serving Capacity and Recovery,How should prediction-serving capacity be scaled and recovered to remain operational under changing demand and failures?,31.13,Latency-throughput constraint: Meet application-specific latency and throughput requirements for production inference.,outcome,goal,Meeting latency and throughput requirements is a production inference objective.,
Feature and Model State Storage,"Which storage strategy should provide feature, model, and serving state to prediction components?",32.1,In-memory feature store: Input features are kept in a low-read-latency in-memory store for online prediction.,accepted,option,An in-memory feature store is an alternative storage strategy for online prediction features.,
Feature and Model State Storage,"Which storage strategy should provide feature, model, and serving state to prediction components?",32.2,Atomic model-state persistence: Model parameter reads and writes preserve an all-or-nothing serving-visible model state.,accepted,other_question,"Atomic model-state persistence is a choice about update atomicity and serving consistency, not storage strategy.",
Feature and Model State Storage,"Which storage strategy should provide feature, model, and serving state to prediction components?",32.3,Key-value model store: Models and parameters are stored in a key-value system to improve serving performance.,accepted,option,A key-value model store is an alternative storage strategy for models and parameters.,
Serving Platform and Hardware,Which serving platform or execution environment should host and run model inference?,35.1,Edge model deployment: Deployment of inference models to edge devices rather than only centralized services.,accepted,option,Choosing edge deployment versus centralized serving is an alternative execution-location choice.,
Serving Platform and Hardware,Which serving platform or execution environment should host and run model inference?,35.2,"Inference hardware selection: Selection of CPU, GPU, or FPGA resources for model inference.",accepted,other_question,"Choosing CPU, GPU, or FPGA is a distinct hardware-selection decision.",
Serving Platform and Hardware,Which serving platform or execution environment should host and run model inference?,35.3,"Target-platform resource configuration: Configuration of VM family, memory, cores, and related serving resources.",accepted,other_question,"Choosing VM family, memory, and cores is a distinct resource-sizing and configuration decision.",
Serving Platform and Hardware,Which serving platform or execution environment should host and run model inference?,35.4,Hosted model-serving infrastructure: Models are hosted and maintained on dedicated infrastructure after deployment.,accepted,other_question,Choosing dedicated hosted infrastructure concerns the hosting and maintenance model rather than the serving platform alone.,
Serving Platform and Hardware,Which serving platform or execution environment should host and run model inference?,35.5,"Azure or local serving target: Deploy real-time model services to Azure Container Instance, Azure Kubernetes Service, or a local environment.",accepted,option,"Choosing Azure Container Instance, Azure Kubernetes Service, or local deployment is an alternative serving-platform choice.",
Serving Platform and Hardware,Which serving platform or execution environment should host and run model inference?,35.6,Infrastructure hosting cost: Data-storage and server costs resulting from infrastructure and deployment architecture.,outcome,effect,Infrastructure hosting cost is a consequence of the deployment and serving decisions.,
Serving Packaging and Runtime,Which deployment packaging mechanism should package model-serving code and its execution configuration?,36.1,Dependency-defined serving environment: Packaging runtime dependencies required by the serving entry point and models.,accepted,other_question,It addresses how serving dependencies and the runtime environment should be managed.,
Serving Packaging and Runtime,Which deployment packaging mechanism should package model-serving code and its execution configuration?,36.2,Model-serving entry script: Request-handling entry point that invokes models and returns prediction responses.,accepted,other_question,It addresses the separate design question of how request handling should be entered and implemented.,
Serving Packaging and Runtime,Which deployment packaging mechanism should package model-serving code and its execution configuration?,36.3,Supplemental model-serving assets: Packaging of additional text or data assets required at serving time.,accepted,other_question,It addresses how supplemental serving assets should be packaged.,
Serving Packaging and Runtime,Which deployment packaging mechanism should package model-serving code and its execution configuration?,36.4,Machine-learning function abstraction: Packaging executable ML code as managed functions with injected runtime context.,accepted,other_question,It addresses which abstraction should represent executable machine-learning functionality.,
Serving Packaging and Runtime,Which deployment packaging mechanism should package model-serving code and its execution configuration?,36.5,Serverless ZIP packaging: Package serverless code and dependencies as a ZIP artifact with a single invocation entry point.,accepted,option,It is an alternative deployment artifact format using a serverless ZIP and invocation entry point.,
Serving Packaging and Runtime,Which deployment packaging mechanism should package model-serving code and its execution configuration?,36.6,"Deployment package configuration: Package model artifacts, dependencies, invocation code, and deployment configuration together.",accepted,option,"It is an alternative choice to bundle artifacts, dependencies, invocation code, and deployment configuration.",
Serving Packaging and Runtime,Which deployment packaging mechanism should package model-serving code and its execution configuration?,36.7,"Manifest-defined execution package: Package production execution through a manifest defining code configuration, dependencies, resources, and runtime baseline.",accepted,option,It is an alternative manifest-based mechanism for defining the production execution package.,
Serving Packaging and Runtime,Which deployment packaging mechanism should package model-serving code and its execution configuration?,36.8,"Wrapper-based runtime injection: Supply secrets, credentials, execution context, and parameters through the runtime wrapper rather than embedded code.",accepted,other_question,"It addresses the separate choice of how runtime secrets, context, and parameters are injected.",
Serving Packaging and Runtime,Which deployment packaging mechanism should package model-serving code and its execution configuration?,36.9,Model-as-dependency packaging: Package a trained model inside an application as a conventional software dependency.,accepted,other_question,It addresses the separate choice of how the trained model is represented as an application dependency.,
Serving Packaging and Runtime,Which deployment packaging mechanism should package model-serving code and its execution configuration?,36.10,Microservice maintainability burden: Maintainability and readability costs resulting from extensive service decomposition.,outcome,effect,It is a maintainability cost resulting from service decomposition.,
Serving Packaging and Runtime,Which deployment packaging mechanism should package model-serving code and its execution configuration?,36.11,Monolithic dependency-change ripple: Change propagation across a shared codebase after a deeply nested dependency change.,outcome,effect,It is a change-propagation consequence of a deeply nested monolithic dependency.,
Serving Packaging and Runtime,Which deployment packaging mechanism should package model-serving code and its execution configuration?,36.12,Monolithic cognitive overhead: Debugging and extension effort caused by traversing a large shared codebase.,outcome,effect,It is a debugging and extension consequence of a large shared codebase.,
Serving Packaging and Runtime,Which deployment packaging mechanism should package model-serving code and its execution configuration?,36.13,Serverless artifact-size constraint: Deployment artifact size limits constrain serverless packaging.,outcome,effect,It is a packaging constraint arising from serverless artifact-size limits.,
Serving Packaging and Runtime,Which deployment packaging mechanism should package model-serving code and its execution configuration?,36.14,Reproducible software builds: Manage declared dependencies and environments to produce repeatable software builds.,outcome,goal,It states an objective of producing repeatable builds from declared dependencies and environments.,
ML Delivery Automation,"What degree and mechanism of automation should be used to deliver, operate, and continuously improve machine-learning systems?",7.1,"Manual RAD pipeline execution: Preparation, training, validation, and testing are performed manually with exploratory tools such as notebooks.",accepted,option,Manual execution is an alternative level of automation for the ML delivery workflow.,
ML Delivery Automation,"What degree and mechanism of automation should be used to deliver, operate, and continuously improve machine-learning systems?",7.2,Pull-request-triggered experiments: Code changes submitted through pull requests automatically launch experiment execution.,accepted,option,Pull-request triggers are an alternative mechanism for automating ML experiments.,
ML Delivery Automation,"What degree and mechanism of automation should be used to deliver, operate, and continuously improve machine-learning systems?",7.3,"Automated CI/CD pipeline: Code, data, models, and pipelines are automatically built, tested, and deployed.",accepted,option,An automated CI/CD pipeline is an alternative delivery-automation architecture.,
ML Delivery Automation,"What degree and mechanism of automation should be used to deliver, operate, and continuously improve machine-learning systems?",7.4,"Event-triggered model deployment: Data, code, monitoring, messages, or calendar events trigger training and deployment workflows.",accepted,option,Event-triggered deployment is an alternative automation trigger and workflow design.,
ML Delivery Automation,"What degree and mechanism of automation should be used to deliver, operate, and continuously improve machine-learning systems?",7.5,"Interdependent-task orchestration: Feature engineering, training, and prediction tasks are scheduled and coordinated across compute infrastructure.",accepted,option,Interdependent-task orchestration is an alternative way to automate ML workflow coordination.,
ML Delivery Automation,"What degree and mechanism of automation should be used to deliver, operate, and continuously improve machine-learning systems?",7.6,"End-to-end MLOps automation: Integration, testing, release, deployment, infrastructure management, and training are automated as one lifecycle.",accepted,option,End-to-end MLOps automation is an alternative lifecycle-automation strategy.,
ML Delivery Automation,"What degree and mechanism of automation should be used to deliver, operate, and continuously improve machine-learning systems?",7.7,MLOps platform automation: An end-to-end platform automates technical tasks and reduces operational bottlenecks at scale.,accepted,option,Platform automation is an alternative mechanism for scaling ML operational automation.,
ML Delivery Automation,"What degree and mechanism of automation should be used to deliver, operate, and continuously improve machine-learning systems?",7.8,"Hypothesis-driven experimentation: Short feedback cycles and explicit hypotheses guide experiments, learning, and backlog decisions.",accepted,other_question,This chooses an experimentation and learning methodology rather than delivery automation.,
ML Delivery Automation,"What degree and mechanism of automation should be used to deliver, operate, and continuously improve machine-learning systems?",7.9,Interactive development execution: Practitioners execute workflow steps interactively during early development before automation increases.,accepted,option,Interactive execution is an alternative development-time automation level.,
ML Delivery Automation,"What degree and mechanism of automation should be used to deliver, operate, and continuously improve machine-learning systems?",7.10,Continuous integration pipeline: An adopted continuous-integration pipeline supports implementation testing and delivery.,mixed,option,Continuous integration is an alternative component of automated ML delivery.,
ML Delivery Automation,"What degree and mechanism of automation should be used to deliver, operate, and continuously improve machine-learning systems?",7.11,Continuous delivery pipeline: Model releases are automatically delivered through a continuous delivery process.,mixed,option,Continuous delivery is an alternative mechanism for automating model release.,
ML Delivery Automation,"What degree and mechanism of automation should be used to deliver, operate, and continuously improve machine-learning systems?",7.12,"Automated retraining-and-deployment pipeline: Pipeline automation that retrains, validates, and deploys models from offline development.",accepted,option,Automated retraining and deployment is an alternative lifecycle-automation workflow.,
ML Delivery Automation,"What degree and mechanism of automation should be used to deliver, operate, and continuously improve machine-learning systems?",7.13,Automated repeatable data preprocessing: Repeatable automated preprocessing within retraining and deployment workflows.,accepted,option,Automated preprocessing is an alternative choice for automating a delivery-pipeline step.,
ML Delivery Automation,"What degree and mechanism of automation should be used to deliver, operate, and continuously improve machine-learning systems?",7.14,Standalone boxed AutoML: Adopt a packaged AutoML solution without embedding it in a broader data-science process.,mixed,other_question,"This chooses whether to adopt packaged AutoML, a tooling and process-boundary decision.",
ML Delivery Automation,"What degree and mechanism of automation should be used to deliver, operate, and continuously improve machine-learning systems?",7.15,CRISP-DM as insufficient for evolving ML: Use CRISP-DM alone as the process model for rapidly changing data-science work.,mixed,other_question,This concerns the suitability of a process model for evolving ML work.,
ML Delivery Automation,"What degree and mechanism of automation should be used to deliver, operate, and continuously improve machine-learning systems?",7.16,"Specialized-toolchain MLOps: Assemble multiple specialized tools across pipeline, deployment, monitoring, and orchestration activities.",accepted,option,A specialized toolchain is an alternative implementation of MLOps automation.,
ML Delivery Automation,"What degree and mechanism of automation should be used to deliver, operate, and continuously improve machine-learning systems?",7.17,"ML process model: Adopt a structured process model with lifecycle activities, templates, guidelines, or implementation roadmaps.",accepted,other_question,This chooses a structured ML process model rather than an automation mechanism.,
ML Delivery Automation,"What degree and mechanism of automation should be used to deliver, operate, and continuously improve machine-learning systems?",7.18,Heavyweight Waterfall or V-Model process: Use a heavyweight sequential process for ML delivery.,mixed,other_question,This chooses a heavyweight development process model rather than delivery automation.,
ML Delivery Automation,"What degree and mechanism of automation should be used to deliver, operate, and continuously improve machine-learning systems?",7.19,Manual model analysis: Perform model analysis manually before or between workflow iterations.,accepted,option,Manual model analysis is an alternative automation level within the ML workflow.,
ML Delivery Automation,"What degree and mechanism of automation should be used to deliver, operate, and continuously improve machine-learning systems?",7.20,"Automated ML lifecycle management: Automate training, deployment, retraining, and related lifecycle operations to reduce manual effort.",mixed,option,Automated lifecycle management is an alternative degree of ML delivery automation.,
ML Delivery Automation,"What degree and mechanism of automation should be used to deliver, operate, and continuously improve machine-learning systems?",7.21,Continuous model training: Train and retrain models continuously or frequently as data and operational conditions change.,accepted,other_question,This primarily chooses a model-training cadence and operating policy.,
ML Delivery Automation,"What degree and mechanism of automation should be used to deliver, operate, and continuously improve machine-learning systems?",7.22,Pipeline complexity from automated pre-deployment work: Added deployment-pipeline complexity resulting from automating training and validation steps.,outcome,effect,Pipeline complexity is a consequence of automating pre-deployment work.,
ML Delivery Automation,"What degree and mechanism of automation should be used to deliver, operate, and continuously improve machine-learning systems?",7.23,Single-command research-to-production delivery: A single command automates delivery from research through production deployment.,outcome,effect,Single-command delivery is a resulting capability of extensive automation.,
ML Delivery Automation,"What degree and mechanism of automation should be used to deliver, operate, and continuously improve machine-learning systems?",7.24,Research-to-production lead time: The elapsed time required to transfer a model from research into production affects delivery automation.,outcome,effect,Research-to-production lead time is an outcome affected by delivery automation.,
ML Delivery Automation,"What degree and mechanism of automation should be used to deliver, operate, and continuously improve machine-learning systems?",7.25,Experimental-phase project attrition: Projects fail to progress from experimentation into operational production.,outcome,effect,Project attrition is a consequence associated with difficulty in operationalizing ML.,
ML Delivery Automation,"What degree and mechanism of automation should be used to deliver, operate, and continuously improve machine-learning systems?",7.26,Human intervention burden: Frequent manual intervention remains necessary across a specialized-tool MLOps lifecycle.,outcome,effect,Human intervention burden is an operational consequence of the chosen toolchain and automation.,
ML Delivery Automation,"What degree and mechanism of automation should be used to deliver, operate, and continuously improve machine-learning systems?",7.27,Lightweight data-science process: Use a lightweight process model for data-science work.,outcome,other_question,This chooses a lightweight data-science process model rather than an automation design.,
ML Delivery Automation,"What degree and mechanism of automation should be used to deliver, operate, and continuously improve machine-learning systems?",7.28,Extended productization effort: Productionizing ML artifacts requires substantially more time and multidisciplinary effort than initial creation.,outcome,effect,Extended productization effort is a cost and effort consequence of ML delivery choices.,
ML Delivery Automation,"What degree and mechanism of automation should be used to deliver, operate, and continuously improve machine-learning systems?",7.29,"Faster experimentation and deployment: Reduce time required for ML experimentation, development, and production deployment.",outcome,goal,Faster experimentation and deployment is an objective for selecting automation approaches.,
Model Governance and Lineage,"What governance and lineage mechanisms should control the identity, provenance, versioning, lifecycle, and operational handling of ML artifacts?",8.1,Self-contained model artifacts: Artifacts contain the preprocessing and prediction components required to generate results.,accepted,option,Choosing self-contained artifacts is an architectural approach to packaging model execution components.,
Model Governance and Lineage,"What governance and lineage mechanisms should control the identity, provenance, versioning, lifecycle, and operational handling of ML artifacts?",8.2,"Model-code-data lineage: Relationships among models, training code, training data, and test data are tracked.",accepted,option,"Tracking model, code, and data relationships is a direct lineage-governance choice.",
Model Governance and Lineage,"What governance and lineage mechanisms should control the identity, provenance, versioning, lifecycle, and operational handling of ML artifacts?",8.3,Centralized model registry: Production candidates are published and managed in a central registry or hub.,accepted,option,Adopting a centralized registry is a choice for governing production model candidates.,
Model Governance and Lineage,"What governance and lineage mechanisms should control the identity, provenance, versioning, lifecycle, and operational handling of ML artifacts?",8.4,"Published-model metadata catalog: The registry records identifiers, locations, datasets, metrics, and system or business metadata.",accepted,option,Recording specified model metadata is a registry-governance choice.,
Model Governance and Lineage,"What governance and lineage mechanisms should control the identity, provenance, versioning, lifecycle, and operational handling of ML artifacts?",8.5,Model version tracking: Versions and their publication dates are recorded for change management.,accepted,option,Recording model versions and publication dates is a change-management choice.,
Model Governance and Lineage,"What governance and lineage mechanisms should control the identity, provenance, versioning, lifecycle, and operational handling of ML artifacts?",8.6,"Lifecycle-stage promotion: Artifacts are explicitly marked for development, staging, production, or archival stages.",accepted,option,Using explicit lifecycle-stage promotion is a model-governance choice.,
Model Governance and Lineage,"What governance and lineage mechanisms should control the identity, provenance, versioning, lifecycle, and operational handling of ML artifacts?",8.7,Governance and audit metadata: Registry records support auditability and regulatory requirements.,accepted,option,Including audit and regulatory metadata is a governance-control choice.,
Model Governance and Lineage,"What governance and lineage mechanisms should control the identity, provenance, versioning, lifecycle, and operational handling of ML artifacts?",8.8,Shadow-mode model testing: Candidate model changes are evaluated alongside production behavior before or during deployment.,accepted,other_question,Shadow testing answers how model changes are validated during deployment.,
Model Governance and Lineage,"What governance and lineage mechanisms should control the identity, provenance, versioning, lifecycle, and operational handling of ML artifacts?",8.9,Previous-model fallback and reversion: Retain and restore a prior model when a new model serves too slowly or degrades predictive accuracy.,accepted,other_question,Fallback and reversion answer how serving failures or regressions are recovered.,
Model Governance and Lineage,"What governance and lineage mechanisms should control the identity, provenance, versioning, lifecycle, and operational handling of ML artifacts?",8.10,"Version-chain responsibility pattern: Assign responsibility across linked model, code, data, and deployment versions throughout the lifecycle.",accepted,option,Assigning responsibility across linked versions is a lineage-accountability choice.,
Model Governance and Lineage,"What governance and lineage mechanisms should control the identity, provenance, versioning, lifecycle, and operational handling of ML artifacts?",8.11,Source-controlled pipeline implementation: Keep pipeline and model implementation units in a source-code repository for controlled collaboration and reproducibility.,accepted,other_question,Source control answers how implementation collaboration and reproducibility are managed.,
Model Governance and Lineage,"What governance and lineage mechanisms should control the identity, provenance, versioning, lifecycle, and operational handling of ML artifacts?",8.12,DVC-based data versioning: Using DVC or comparable tooling to version datasets and reproduce training experiments.,accepted,other_question,DVC-based versioning answers how datasets and experiments are reproduced.,
Model Governance and Lineage,"What governance and lineage mechanisms should control the identity, provenance, versioning, lifecycle, and operational handling of ML artifacts?",8.13,Training-configuration recording: Recording training configurations so experiments can be reproduced across environments.,accepted,other_question,Recording training configuration answers how experiments are made reproducible.,
Model Governance and Lineage,"What governance and lineage mechanisms should control the identity, provenance, versioning, lifecycle, and operational handling of ML artifacts?",8.14,Deterministic reproducible training: Training is designed to produce identical models from identical data and controlled randomness.,accepted,other_question,Deterministic training answers how identical training inputs produce repeatable outputs.,
Model Governance and Lineage,"What governance and lineage mechanisms should control the identity, provenance, versioning, lifecycle, and operational handling of ML artifacts?",8.15,Serving model update control: Operational support for replacing or updating the model used by a prediction service.,accepted,other_question,Serving update control answers how deployed prediction services change models.,
Model Governance and Lineage,"What governance and lineage mechanisms should control the identity, provenance, versioning, lifecycle, and operational handling of ML artifacts?",8.16,Experiment lifecycle tracking platform: A platform records experiments and manages the machine-learning lifecycle between development and deployment.,accepted,other_question,An experiment lifecycle platform answers which platform manages development-to-deployment workflows.,
Model Governance and Lineage,"What governance and lineage mechanisms should control the identity, provenance, versioning, lifecycle, and operational handling of ML artifacts?",8.17,Pipeline design versioning: Preserve prior pipeline designs while iterating on new workflow versions.,accepted,option,Preserving pipeline design versions is a lineage and change-management choice.,
Model Governance and Lineage,"What governance and lineage mechanisms should control the identity, provenance, versioning, lifecycle, and operational handling of ML artifacts?",8.18,"Model management policy: Define a consistent policy for managing models, artifacts, versions, and business or regulatory requirements.",accepted,goal,A model management policy states governance requirements rather than an implementation alternative.,
Model Governance and Lineage,"What governance and lineage mechanisms should control the identity, provenance, versioning, lifecycle, and operational handling of ML artifacts?",8.19,Enterprise architecture standards: Apply organization-wide architectural standards and guidelines as constraints on ML technology and implementation choices.,accepted,goal,Enterprise architecture standards are organizational constraints and principles.,
Model Governance and Lineage,"What governance and lineage mechanisms should control the identity, provenance, versioning, lifecycle, and operational handling of ML artifacts?",8.20,Permissive open-source licensing: Permit open-source technology selection only when licensing meets permissive organizational requirements.,accepted,goal,Permissive licensing is a selection requirement rather than a lineage mechanism.,
Model Governance and Lineage,"What governance and lineage mechanisms should control the identity, provenance, versioning, lifecycle, and operational handling of ML artifacts?",8.21,"Artifact and dataset execution tracking: Record artifacts, datasets, and models used or produced during executable ML runs.",accepted,option,Tracking artifacts and datasets during execution is a provenance-recording choice.,
Operational Monitoring Strategy,"How should deployed models be operationally monitored, reviewed, and checked for health, quality, failures, drift, and business impact?",9.1,"End-to-end lifecycle monitoring: Models, infrastructure, and all ML construction and operation steps are monitored continuously.",accepted,option,It is an alternative scope for continuously observing the full ML lifecycle and its infrastructure.,
Operational Monitoring Strategy,"How should deployed models be operationally monitored, reviewed, and checked for health, quality, failures, drift, and business impact?",9.2,"Data-scientist-led monitoring: The model creator personally collects feedback, iterates, and supervises the model after deployment.",accepted,option,It is an alternative assignment of responsibility for monitoring and post-deployment supervision.,
Operational Monitoring Strategy,"How should deployed models be operationally monitored, reviewed, and checked for health, quality, failures, drift, and business impact?",9.3,Periodic model health checks: Teams revisit deployed models at regular intervals for basic health assessment.,accepted,option,It is an alternative monitoring cadence based on regular model health reviews.,
Operational Monitoring Strategy,"How should deployed models be operationally monitored, reviewed, and checked for health, quality, failures, drift, and business impact?",9.4,"User-reported issue detection: Users identify failures and problems, after which the team responds reactively.",accepted,option,It is an alternative reactive strategy in which users surface operational problems.,
Operational Monitoring Strategy,"How should deployed models be operationally monitored, reviewed, and checked for health, quality, failures, drift, and business impact?",9.5,Custom monitoring dashboard: Important models use internally built dashboards for dedicated operational observation.,accepted,option,It is an alternative implementation using dedicated internal monitoring dashboards.,
Operational Monitoring Strategy,"How should deployed models be operationally monitored, reviewed, and checked for health, quality, failures, drift, and business impact?",9.6,Failure-driven monitoring checks: Custom checks are added incrementally after operational failures occur.,accepted,option,It is an alternative strategy of adding monitoring checks in response to failures.,
Operational Monitoring Strategy,"How should deployed models be operationally monitored, reviewed, and checked for health, quality, failures, drift, and business impact?",9.7,Separated model and business KPI reporting: Operational model metrics and business KPI reports are maintained in separate views or silos.,accepted,option,It is an alternative reporting arrangement separating model metrics from business KPIs.,
Operational Monitoring Strategy,"How should deployed models be operationally monitored, reviewed, and checked for health, quality, failures, drift, and business impact?",9.8,Human review of uncertain predictions: Predictions below a confidence threshold are routed to human workers for review and updating.,accepted,option,It is an alternative monitoring and review mechanism for low-confidence predictions.,
Operational Monitoring Strategy,"How should deployed models be operationally monitored, reviewed, and checked for health, quality, failures, drift, and business impact?",9.9,Active model performance monitoring: The source explicitly rejected active model-performance monitoring as the selected monitoring approach.,rejected,option,It is a rejected alternative concerning whether active model-performance monitoring is used.,
Operational Monitoring Strategy,"How should deployed models be operationally monitored, reviewed, and checked for health, quality, failures, drift, and business impact?",9.10,Training-serving data drift monitoring: Monitor divergence between training data or features and those observed during production serving.,accepted,option,It is an alternative monitoring capability for training-serving data drift.,
Operational Monitoring Strategy,"How should deployed models be operationally monitored, reviewed, and checked for health, quality, failures, drift, and business impact?",9.11,Below-threshold human review loop: Route predictions below a confidence or quality threshold to human review before accepting the result.,accepted,option,It is an alternative human-review mechanism triggered by low confidence or quality.,
Operational Monitoring Strategy,"How should deployed models be operationally monitored, reviewed, and checked for health, quality, failures, drift, and business impact?",9.12,Complete online-learning data logging: Whether all incoming online-learning data is retained for offline analysis and replay.,accepted,other_question,It concerns the separate data-retention question of whether all online-learning data is retained.,
Operational Monitoring Strategy,"How should deployed models be operationally monitored, reviewed, and checked for health, quality, failures, drift, and business impact?",9.13,"Prediction logging: Whether predictions and their inputs are logged for replay, validation, and optimization.",accepted,option,Logging predictions and inputs is an observation mechanism supporting replay and operational monitoring.,
Operational Monitoring Strategy,"How should deployed models be operationally monitored, reviewed, and checked for health, quality, failures, drift, and business impact?",9.14,Deferred persistence of logged data: Whether operational logs may be persisted later when immediate durability is unnecessary.,accepted,other_question,It concerns the separate persistence-timing decision for operational logs.,
Operational Monitoring Strategy,"How should deployed models be operationally monitored, reviewed, and checked for health, quality, failures, drift, and business impact?",9.15,Half-blind input-output monitoring: Monitoring inputs and predictions before ground truth or business outcomes are immediately available.,accepted,option,It is an alternative monitoring approach before ground truth or business outcomes are available.,
Operational Monitoring Strategy,"How should deployed models be operationally monitored, reviewed, and checked for health, quality, failures, drift, and business impact?",9.16,Classifier decision-threshold adjustment: Changing prediction thresholds to respond to drift or evolving model behavior.,accepted,other_question,It concerns the separate response decision of changing classifier thresholds.,
Operational Monitoring Strategy,"How should deployed models be operationally monitored, reviewed, and checked for health, quality, failures, drift, and business impact?",9.17,Product-feature compensation for model flaws: Changing product features to mitigate known model weaknesses or population-specific failures.,accepted,other_question,It concerns the separate product-design response of compensating for model weaknesses.,
Operational Monitoring Strategy,"How should deployed models be operationally monitored, reviewed, and checked for health, quality, failures, drift, and business impact?",9.18,Automated model adjustment: Operationally automated changes maintain or improve a deployed model after delivery.,accepted,other_question,It concerns the separate automation decision for changing or maintaining deployed models.,
Operational Monitoring Strategy,"How should deployed models be operationally monitored, reviewed, and checked for health, quality, failures, drift, and business impact?",9.19,Live-data performance monitoring: Production performance statistics from live data support operational decisions and retraining.,accepted,option,It is an alternative monitoring approach based on performance statistics from live production data.,
Operational Monitoring Strategy,"How should deployed models be operationally monitored, reviewed, and checked for health, quality, failures, drift, and business impact?",9.20,Pipeline dependency-change monitoring: Monitoring detects dependency changes across the complete machine-learning pipeline.,accepted,option,It is an alternative monitoring capability for dependency changes across the ML pipeline.,
Operational Monitoring Strategy,"How should deployed models be operationally monitored, reviewed, and checked for health, quality, failures, drift, and business impact?",9.21,Training-serving input schema monitoring: Monitoring alerts when production inputs violate the schema established during training.,accepted,option,It is an alternative monitoring capability for violations of training-established input schemas.,
Operational Monitoring Strategy,"How should deployed models be operationally monitored, reviewed, and checked for health, quality, failures, drift, and business impact?",9.22,Alert-threshold tuning: Alert thresholds are tuned to keep monitoring signals useful and credible.,accepted,option,It is an alternative monitoring configuration practice for tuning alert thresholds.,
Operational Monitoring Strategy,"How should deployed models be operationally monitored, reviewed, and checked for health, quality, failures, drift, and business impact?",9.23,Numerical and computational stability alerting: Monitoring alerts on numerical invalidity and dramatic or gradual computational regressions.,accepted,option,It is an alternative monitoring capability for numerical and computational regressions.,
Operational Monitoring Strategy,"How should deployed models be operationally monitored, reviewed, and checked for health, quality, failures, drift, and business impact?",9.24,"Lifecycle event alerting: Alert on experiment, registration, deployment, and drift events during the model lifecycle.",accepted,option,It is an alternative event-based alerting strategy across the model lifecycle.,
Operational Monitoring Strategy,"How should deployed models be operationally monitored, reviewed, and checked for health, quality, failures, drift, and business impact?",9.25,Distinct ML monitoring domain: Treat monitoring of model behavior and impact as a specialized operational discipline distinct from general software monitoring.,accepted,option,It is an alternative organizational framing that treats ML monitoring as a distinct discipline.,
Operational Monitoring Strategy,"How should deployed models be operationally monitored, reviewed, and checked for health, quality, failures, drift, and business impact?",9.26,"Cross-functional monitoring responsibility: Assign model monitoring responsibility across technical, business, support, and other affected stakeholders.",accepted,option,It is an alternative allocation of monitoring responsibility across stakeholders.,
Operational Monitoring Strategy,"How should deployed models be operationally monitored, reviewed, and checked for health, quality, failures, drift, and business impact?",9.27,Software-metrics-only monitoring: Rely exclusively on software metrics to monitor a production model.,rejected,option,It is a rejected alternative that would restrict monitoring to software metrics.,
Operational Monitoring Strategy,"How should deployed models be operationally monitored, reviewed, and checked for health, quality, failures, drift, and business impact?",9.28,Business-KPI-only monitoring: Wait exclusively for downstream product or business KPIs to monitor model behavior.,rejected,option,It is a rejected alternative that would restrict monitoring to business KPIs.,
Operational Monitoring Strategy,"How should deployed models be operationally monitored, reviewed, and checked for health, quality, failures, drift, and business impact?",9.29,Production model as operational service: Treat a deployed model as a user-facing operational service within a product or process.,accepted,other_question,It concerns the separate operational-service framing of a production model.,
Operational Monitoring Strategy,"How should deployed models be operationally monitored, reviewed, and checked for health, quality, failures, drift, and business impact?",9.30,"Partial monitoring coverage: Only a minority of deployed models receive monitoring, leaving substantial operational blind spots.",outcome,effect,It describes incomplete monitoring coverage as an operational consequence or condition.,
Operational Monitoring Strategy,"How should deployed models be operationally monitored, reviewed, and checked for health, quality, failures, drift, and business impact?",9.31,Model degradation: Changing real-world data causes predictive performance to decline over time.,outcome,effect,It describes predictive degradation as a consequence of changing real-world data.,
Operational Monitoring Strategy,"How should deployed models be operationally monitored, reviewed, and checked for health, quality, failures, drift, and business impact?",9.32,Feedback-loop bias amplification: Optimizing the wrong objective can bias collected data and amplify bias through subsequent retraining.,outcome,effect,It describes bias amplification as a consequence of feedback and objective choices.,
Operational Monitoring Strategy,"How should deployed models be operationally monitored, reviewed, and checked for health, quality, failures, drift, and business impact?",9.33,Silent model failure: Harmful or incorrect predictions that appear operationally successful and evade ordinary outage detection.,outcome,effect,It describes silent failure as a harmful outcome that monitoring may fail to detect.,
Operational Monitoring Strategy,"How should deployed models be operationally monitored, reviewed, and checked for health, quality, failures, drift, and business impact?",9.34,Delayed business-outcome failure detection: Failure detection delayed until customer outcomes or business KPIs become observable.,outcome,effect,It describes delayed detection as a consequence of waiting for business outcomes.,
Operational Monitoring Strategy,"How should deployed models be operationally monitored, reviewed, and checked for health, quality, failures, drift, and business impact?",9.35,"Performance degradation from data drift: Model performance decline caused by changing production data profiles, sensors, seasons, or feature relationships.",outcome,effect,It describes performance decline as an outcome of production data drift.,
Operational Monitoring Strategy,"How should deployed models be operationally monitored, reviewed, and checked for health, quality, failures, drift, and business impact?",9.36,"Enterprise adoption difficulty: Production adoption may remain difficult despite deployment, requiring organizational and operational support.",outcome,effect,It describes organizational adoption difficulty as a consequence of deployment conditions.,
Operational Monitoring Strategy,"How should deployed models be operationally monitored, reviewed, and checked for health, quality, failures, drift, and business impact?",9.37,Absence of model-drift violation: Observed distributional distance remains below the configured drift threshold.,outcome,fact,It reports an observed drift measurement relative to a configured threshold.,
Operational Monitoring Strategy,"How should deployed models be operationally monitored, reviewed, and checked for health, quality, failures, drift, and business impact?",9.38,Prediction-confidence distribution: Operational results distribute predictions across high-confidence and indeterminate confidence bands.,outcome,fact,It describes the observed distribution of prediction-confidence levels.,
ML Infrastructure Placement,"Where should ML infrastructure and workloads be physically deployed—on premises, in the cloud, or across a hybrid environment—to satisfy data and security constraints?",37.1,Hybrid cloud and on-premises infrastructure: Cloud services coexist with on-premises systems to accommodate sensitive workloads and existing infrastructure.,accepted,option,Hybrid cloud and on-premises deployment is an alternative answer to the infrastructure-placement question.,
ML Infrastructure Placement,"Where should ML infrastructure and workloads be physically deployed—on premises, in the cloud, or across a hybrid environment—to satisfy data and security constraints?",37.2,On-premises sensitive-data retention: Private or sensitive data remains on company-controlled servers to reduce exposure risk.,accepted,option,Keeping sensitive data on premises is a placement choice motivated by security constraints.,
ML Infrastructure Placement,"Where should ML infrastructure and workloads be physically deployed—on premises, in the cloud, or across a hybrid environment—to satisfy data and security constraints?",37.3,"Centralized consistent storage: Accessible data is retained in a consistent structure, ideally in one centralized location.",mixed,other_question,Centralized versus distributed storage is a separate data-organization decision.,
ML Infrastructure Placement,"Where should ML infrastructure and workloads be physically deployed—on premises, in the cloud, or across a hybrid environment—to satisfy data and security constraints?",37.4,"Computation-resource abstraction: Separating ML code from the cluster, distributed engine, or runtime executing it.",accepted,other_question,Separating ML code from execution resources is a runtime-abstraction decision.,
ML Infrastructure Placement,"Where should ML infrastructure and workloads be physically deployed—on premises, in the cloud, or across a hybrid environment—to satisfy data and security constraints?",37.5,Organizational workflow reorganization: Reworking organizational workflows and processes to enable machine-learning adoption.,accepted,other_question,Reorganizing workflows is an organizational-adoption decision rather than a placement choice.,
ML Infrastructure Placement,"Where should ML infrastructure and workloads be physically deployed—on premises, in the cloud, or across a hybrid environment—to satisfy data and security constraints?",37.6,Direct underlying-data access: Allowing direct access to underlying data was explicitly rejected as an infrastructure access approach.,rejected,other_question,Direct versus indirect data access is an infrastructure-access-control decision.,
ML Infrastructure Placement,"Where should ML infrastructure and workloads be physically deployed—on premises, in the cloud, or across a hybrid environment—to satisfy data and security constraints?",37.7,Machine-local dependency installation: Notebook dependencies are installed only on an individual developer machine.,accepted,other_question,Machine-local dependency installation is a dependency-management and development-environment decision.,
ML Infrastructure Placement,"Where should ML infrastructure and workloads be physically deployed—on premises, in the cloud, or across a hybrid environment—to satisfy data and security constraints?",37.8,Custom-built MLOps infrastructure: Build and maintain an organization-specific MLOps tool ecosystem in-house.,accepted,other_question,Building MLOps infrastructure in-house is a sourcing and operating-model decision.,
ML Infrastructure Placement,"Where should ML infrastructure and workloads be physically deployed—on premises, in the cloud, or across a hybrid environment—to satisfy data and security constraints?",37.9,Managed cloud MLOps platform: Adopt a fully managed cloud platform spanning substantial portions of model development and operations.,accepted,other_question,"Using a managed cloud MLOps platform is a platform-sourcing decision, not merely a placement choice.",
ML Infrastructure Placement,"Where should ML infrastructure and workloads be physically deployed—on premises, in the cloud, or across a hybrid environment—to satisfy data and security constraints?",37.10,Pre-built MLOps pipeline components: Assemble MLOps workflows from pre-built components and templates supplied by a platform.,accepted,other_question,Using pre-built pipeline components is a workflow-composition decision.,
ML Infrastructure Placement,"Where should ML infrastructure and workloads be physically deployed—on premises, in the cloud, or across a hybrid environment—to satisfy data and security constraints?",37.11,Hybrid MLOps infrastructure: Combine internally built and externally managed infrastructure components for MLOps.,accepted,other_question,Combining internally built and externally managed components is an MLOps operating-model decision.,
ML Infrastructure Placement,"Where should ML infrastructure and workloads be physically deployed—on premises, in the cloud, or across a hybrid environment—to satisfy data and security constraints?",37.12,Hybrid infrastructure management complexity: Operating cloud and on-premises environments together creates additional management complexity.,outcome,effect,Additional complexity is a consequence of combining cloud and on-premises environments.,
ML Infrastructure Placement,"Where should ML infrastructure and workloads be physically deployed—on premises, in the cloud, or across a hybrid environment—to satisfy data and security constraints?",37.13,Sensitive-data exposure risk: A vulnerability affecting private data can have catastrophic consequences and motivates infrastructure isolation.,outcome,effect,Sensitive-data exposure risk is a security consequence motivating infrastructure isolation.,
ML Infrastructure Placement,"Where should ML infrastructure and workloads be physically deployed—on premises, in the cloud, or across a hybrid environment—to satisfy data and security constraints?",37.14,On-premises infrastructure reliability failures: Reliability problems arising from operating infrastructure on premises.,outcome,effect,On-premises reliability failures are an operational consequence of on-premises deployment.,
ML Infrastructure Placement,"Where should ML infrastructure and workloads be physically deployed—on premises, in the cloud, or across a hybrid environment—to satisfy data and security constraints?",37.15,Specialized compute and storage access gaps: Limited access to specialized infrastructure resources under self-managed deployment.,outcome,effect,Specialized compute and storage access gaps are a consequence of self-managed deployment.,
ML Infrastructure Placement,"Where should ML infrastructure and workloads be physically deployed—on premises, in the cloud, or across a hybrid environment—to satisfy data and security constraints?",37.16,Infrastructure-specific skills gap: Additional specialist skills required to operate self-managed infrastructure.,outcome,effect,The infrastructure-specific skills gap is an operational consequence of self-managed infrastructure.,
ML Infrastructure Placement,"Where should ML infrastructure and workloads be physically deployed—on premises, in the cloud, or across a hybrid environment—to satisfy data and security constraints?",37.17,Infrastructure management diversion from model R&D: Operational infrastructure work displaces attention from model research and data collection.,outcome,effect,Diversion from model research and data collection is an organizational consequence of infrastructure operations.,
ML Infrastructure Placement,"Where should ML infrastructure and workloads be physically deployed—on premises, in the cloud, or across a hybrid environment—to satisfy data and security constraints?",37.18,Managed platform flexibility and scalability: Flexibility and scalability resulting from using a fully managed platform.,outcome,effect,Flexibility and scalability are benefits resulting from managed-platform use.,
ML Infrastructure Placement,"Where should ML infrastructure and workloads be physically deployed—on premises, in the cloud, or across a hybrid environment—to satisfy data and security constraints?",37.19,"Managed platform compliance and security exposure: Compliance, regulatory, and security concerns introduced by managed-platform use.",outcome,effect,Compliance and security exposure are risks resulting from managed-platform use.,
ML Infrastructure Placement,"Where should ML infrastructure and workloads be physically deployed—on premises, in the cloud, or across a hybrid environment—to satisfy data and security constraints?",37.20,Cloud-based ML infrastructure: Running ML infrastructure in cloud environments rather than only self-managed local systems.,outcome,option,Cloud-based ML infrastructure is an alternative answer to the infrastructure-placement question.,
ML Infrastructure Placement,"Where should ML infrastructure and workloads be physically deployed—on premises, in the cloud, or across a hybrid environment—to satisfy data and security constraints?",37.21,"ML infrastructure maintenance burden: Building, updating, and operating in-house ML infrastructure consumes substantial engineering effort.",outcome,effect,The maintenance burden is a cost resulting from building and operating in-house infrastructure.,
ML Development Environment,"Which language, notebook, platform, and development-environment approach should support ML implementation and experimentation?",38.1,Enterprise-standard RStudio platform: An organization mandates RStudio Server as the standard data-science development platform.,accepted,option,Selecting an enterprise-standard RStudio platform is an alternative development-environment choice.,
ML Development Environment,"Which language, notebook, platform, and development-environment approach should support ML implementation and experimentation?",38.2,Mandatory R-language constraint: Organizational guidelines require data-science projects to use R.,accepted,option,Mandating R is an alternative programming-language choice for ML development.,
ML Development Environment,"Which language, notebook, platform, and development-environment approach should support ML implementation and experimentation?",38.3,Notebook-based prototyping: Data scientists prototype with notebooks despite an enterprise-provided platform.,mixed,option,Using notebooks for prototyping is an alternative development workflow choice.,
ML Development Environment,"Which language, notebook, platform, and development-environment approach should support ML implementation and experimentation?",38.4,Model access authentication: Authentication restricts model use to authorized parties.,accepted,other_question,Authentication concerns model-access security rather than the ML development environment.,
ML Development Environment,"Which language, notebook, platform, and development-environment approach should support ML implementation and experimentation?",38.5,Notebook production pipeline: Using notebooks as the production pipeline was explicitly rejected.,mixed,option,Using or rejecting notebooks as the production pipeline is a workflow choice.,
ML Development Environment,"Which language, notebook, platform, and development-environment approach should support ML implementation and experimentation?",38.6,Multi-language implementation support: Use infrastructure that permits services or ML components to be implemented in multiple programming languages.,mixed,option,Supporting multiple implementation languages is an alternative technology-platform choice.,
ML Development Environment,"Which language, notebook, platform, and development-environment approach should support ML implementation and experimentation?",38.7,Visual low-code/no-code ML tooling: Use of visual tools instead of conventional code-centered ML development.,accepted,option,Visual low-code or no-code tooling is an alternative ML development approach.,
ML Development Environment,"Which language, notebook, platform, and development-environment approach should support ML implementation and experimentation?",38.8,Cloud-hosted notebook execution: Using cloud-hosted notebook execution was explicitly rejected in favor of the selected execution arrangement.,mixed,option,Cloud-hosted versus another notebook execution arrangement is an environment choice.,
ML Development Environment,"Which language, notebook, platform, and development-environment approach should support ML implementation and experimentation?",38.9,Uncontainerized notebook runtime: Research notebooks run without container isolation from production environments.,accepted,option,Running notebooks without container isolation is an execution-environment choice.,
ML Development Environment,"Which language, notebook, platform, and development-environment approach should support ML implementation and experimentation?",38.10,Notebook execution without build and CI validation: Notebook execution bypasses build processing and server-enforced continuous-integration validation.,accepted,option,Bypassing build and CI validation is a notebook execution and development-process choice.,
ML Development Environment,"Which language, notebook, platform, and development-environment approach should support ML implementation and experimentation?",38.11,Python implementation language: Python is selected as the primary implementation language for machine learning and data science.,accepted,option,Selecting Python is an alternative implementation-language choice.,
ML Development Environment,"Which language, notebook, platform, and development-environment approach should support ML implementation and experimentation?",38.12,"JSON-file notebook representation: Represent notebooks as large JSON documents, affecting collaboration and versioning.",mixed,option,Representing notebooks as JSON is a notebook-tooling and representation choice.,
ML Development Environment,"Which language, notebook, platform, and development-environment approach should support ML implementation and experimentation?",38.13,Local-machine data access: Develop by accessing protected data directly from a local machine.,rejected,option,Local-machine development against protected data is an alternative development-environment choice.,
ML Development Environment,"Which language, notebook, platform, and development-environment approach should support ML implementation and experimentation?",38.14,Secure VM-hosted IDE development: Use a secure virtual machine and IDE for protected-data development.,accepted,option,Secure VM-hosted IDE development is an alternative protected-data development setup.,
ML Development Environment,"Which language, notebook, platform, and development-environment approach should support ML implementation and experimentation?",38.15,"Replicable IDE code development: Use an IDE setup that supports proper, repeatable code and results.",accepted,option,Using a replicable IDE setup is an alternative development-environment approach.,
ML Development Environment,"Which language, notebook, platform, and development-environment approach should support ML implementation and experimentation?",38.16,Notebook cell SQL execution: Execute SQL directly through notebook cell integrations.,mixed,other_question,"Executing SQL in notebook cells is a query-authoring and integration choice, not the environment question itself.",
ML Development Environment,"Which language, notebook, platform, and development-environment approach should support ML implementation and experimentation?",38.17,Generic query-generation function: Generate related queries through a reusable function parameterized by changing elements.,accepted,other_question,Generating queries through a reusable function is a query-design and code-structuring choice.,
ML Development Environment,"Which language, notebook, platform, and development-environment approach should support ML implementation and experimentation?",38.18,Notebook execution-state caching: Cache executed cell results and variables for reuse across notebook cells.,accepted,other_question,Caching notebook execution state is a state-management technique rather than a development-environment alternative.,
ML Development Environment,"Which language, notebook, platform, and development-environment approach should support ML implementation and experimentation?",38.19,Explicit notebook cache invalidation: Clear cached state or rerun defining cells to invalidate notebook results.,accepted,other_question,Invalidating notebook caches is a notebook state-management practice rather than an environment choice.,
ML Development Environment,"Which language, notebook, platform, and development-environment approach should support ML implementation and experimentation?",38.20,PyCharm data-science editor: Use an IDE such as PyCharm as the primary environment for editing data-science code.,accepted,option,Using PyCharm as the primary editor is an alternative IDE choice.,
ML Development Environment,"Which language, notebook, platform, and development-environment approach should support ML implementation and experimentation?",38.21,Server-side notebook hosting: Host notebooks on servers to protect sensitive data and centralize execution.,mixed,option,Server-side notebook hosting is an alternative hosting and execution-environment choice.,
ML Development Environment,"Which language, notebook, platform, and development-environment approach should support ML implementation and experimentation?",38.22,Notebook showcasing and exploratory workflow: Use interactive notebooks for presenting results and conducting exploratory data analysis.,accepted,option,Using notebooks for exploration and presentation is an alternative development workflow choice.,
ML Development Environment,"Which language, notebook, platform, and development-environment approach should support ML implementation and experimentation?",38.23,"Notebook code-quality and testing burden: Notebook-centered development creates difficulty with linting, function structure, and automated testing.",outcome,effect,Code-quality and testing difficulty is a consequence of notebook-centered development.,
ML Development Environment,"Which language, notebook, platform, and development-environment approach should support ML implementation and experimentation?",38.24,Technology-dependent maintenance and expert availability burden: Maintenance difficulty and staffing constraints resulting from selected languages and technologies.,outcome,effect,Maintenance and staffing burden is a consequence of selected technologies and languages.,
ML Development Environment,"Which language, notebook, platform, and development-environment approach should support ML implementation and experimentation?",38.25,Research-production numerical divergence: Dependency differences cause numerical calculations to differ between research and production.,outcome,effect,Numerical divergence between research and production is a consequence of dependency differences.,
ML Development Environment,"Which language, notebook, platform, and development-environment approach should support ML implementation and experimentation?",38.26,Non-reproducible local notebook results: Local dependency and caching differences produce different notebook results across machines.,outcome,effect,Non-reproducible local results are a consequence of dependency and cache differences.,
ML Development Environment,"Which language, notebook, platform, and development-environment approach should support ML implementation and experimentation?",38.27,Data value realization: Business value sought from collected data and enabled by organizational ML capabilities.,outcome,goal,Realizing business value from data is an objective motivating ML capabilities.,
ML Development Environment,"Which language, notebook, platform, and development-environment approach should support ML implementation and experimentation?",38.28,Notebook merge difficulty: Difficulty merging collaboratively edited notebooks because of their document representation.,outcome,effect,Notebook merge difficulty is a consequence of collaborative notebook representation.,
ML Development Environment,"Which language, notebook, platform, and development-environment approach should support ML implementation and experimentation?",38.29,Notebook review-workflow gap: Difficulty applying pull requests and software review practices to collaborative notebooks.,outcome,effect,A review-workflow gap is a consequence of collaborative notebook development.,
ML Development Environment,"Which language, notebook, platform, and development-environment approach should support ML implementation and experimentation?",38.30,Lowered data-science entry barriers: Notebook environments make data science more accessible by reducing barriers to entry.,outcome,effect,Lower entry barriers are an outcome of notebook environments.,
ML Development Environment,"Which language, notebook, platform, and development-environment approach should support ML implementation and experimentation?",38.31,Duplicated credential management: Maintain access credentials separately across notebooks.,outcome,effect,Duplicated credential management is a consequence of notebook access practices.,
ML Development Environment,"Which language, notebook, platform, and development-environment approach should support ML implementation and experimentation?",38.32,"Noncanonical dataset definition: Lack a reusable canonical representation of a dataset, requiring copied query definitions.",outcome,effect,Lack of a canonical dataset definition is a consequence of the described query workflow.,
ML Development Environment,"Which language, notebook, platform, and development-environment approach should support ML implementation and experimentation?",38.33,"Untracked notebook accumulation: Accumulate notebooks whose purpose, history, and version relationships are unclear.",outcome,effect,Untracked notebook accumulation is a maintenance consequence of notebook-centered work.,
ML Development Environment,"Which language, notebook, platform, and development-environment approach should support ML implementation and experimentation?",38.34,"IDE productivity improvement: Improve development speed, code quality, and production delivery through IDE-supported work.",outcome,effect,Improved productivity is an outcome attributed to IDE-supported development.,
ML Development Environment,"Which language, notebook, platform, and development-environment approach should support ML implementation and experimentation?",38.35,Duplicated notebook queries: Repeated notebook query cells create duplicated query code.,outcome,effect,Duplicated notebook queries are a consequence of repeated query-cell authoring.,
ML Development Environment,"Which language, notebook, platform, and development-environment approach should support ML implementation and experimentation?",38.36,"Avoided repeated notebook computation: Avoid repeated expensive training, retrieval, or database computation through cached results.",outcome,effect,Avoided repeated computation is an outcome of caching.,
ML Development Environment,"Which language, notebook, platform, and development-environment approach should support ML implementation and experimentation?",38.37,Stale notebook state risk: Retained notebook state can expose obsolete data or model results.,outcome,effect,Stale notebook state is a risk caused by retained execution state.,
ML Development Environment,"Which language, notebook, platform, and development-environment approach should support ML implementation and experimentation?",38.38,"Procedural notebook workflow: Develop notebook work as sequential procedural steps, with associated maintainability consequences.",outcome,effect,Procedural notebook workflow and its maintainability consequences describe an outcome or consequence.,
Model Artifact Representation,"How should trained models be represented and packaged for storage, exchange, and deployment portability?",13.1,"Framework-specific model serialization: Models are stored in formats native to their training framework, such as pickle, MOJO, Protocol Buffers, TorchScript, HDF5, or MLeap.",accepted,option,It is an alternative framework-native representation for storing and deploying models.,
Model Artifact Representation,"How should trained models be represented and packaged for storage, exchange, and deployment portability?",13.2,Language-agnostic exchange format: Models are exchanged and served through a framework-independent format such as PMML.,accepted,option,It is an alternative framework-independent representation for exchanging and serving models.,
Model Artifact Representation,"How should trained models be represented and packaged for storage, exchange, and deployment portability?",13.3,Platform-specific model format conversion: Models are converted into a target platform format for embedded or platform-bound deployment.,accepted,option,It is an alternative approach that converts models into a target platform's deployment format.,
Model Artifact Representation,"How should trained models be represented and packaged for storage, exchange, and deployment portability?",13.4,Vendor-specific model exchange format: Distribute models using an exchange format tied to a particular vendor ecosystem.,accepted,option,It is an alternative vendor-ecosystem-bound representation for model exchange.,
Model Artifact Representation,"How should trained models be represented and packaged for storage, exchange, and deployment portability?",13.5,Independent executable model asset: Package a model as an executable asset that can run outside its training environment.,accepted,option,It is an alternative packaging approach that makes the model independently executable.,
Model Artifact Representation,"How should trained models be represented and packaged for storage, exchange, and deployment portability?",13.6,Model-code-and-parameter co-management burden: Amalgamated model packages require exported code and parameters to be managed together.,outcome,effect,It describes the management burden resulting from packaging model code and parameters together.,
Data Storage Architecture,What storage architecture should hold ML and analytics data?,16.1,"Distributed storage medium: Use physical, in-memory, or distributed virtual-file storage according to pipeline characteristics and system requirements.",accepted,option,"It selects an alternative physical, in-memory, or distributed storage architecture.",
Data Storage Architecture,What storage architecture should hold ML and analytics data?,16.2,"Database technology family: Choose relational, NoSQL, or NewSQL technology based on data model, queries, and CAP-related requirements.",accepted,other_question,"It answers which database technology family should be selected, a different technology-family question.",
Data Storage Architecture,What storage architecture should hold ML and analytics data?,16.3,"Analytical or transactional storage role: Assign data to operational stores, warehouses, lakes, marts, OLTP, OLAP, or related storage roles.",accepted,other_question,"It answers which analytical or transactional storage role should be assigned, a different placement question.",
Data Storage Architecture,What storage architecture should hold ML and analytics data?,16.4,"Schema and data model: Represent data with relational, key-value, document, wide-column, graph, star, snowflake, or cube models.",accepted,other_question,"It answers which schema or data model should represent the data, a different modeling question.",
Data Storage Architecture,What storage architecture should hold ML and analytics data?,16.5,Warehouse-centered platform storage: Consolidate raw and external data in a persistent warehouse serving downstream BI and data-science consumers.,accepted,option,It selects a warehouse-centered architecture for consolidating and serving data.,
Data Storage Architecture,What storage architecture should hold ML and analytics data?,16.6,Columnar or NoSQL logging store: Use of slower columnar or NoSQL storage for retained prediction and input logs.,accepted,option,It selects a columnar or NoSQL architecture for retained logs.,
Data Storage Architecture,What storage architecture should hold ML and analytics data?,16.7,Distributed parallel analytics processing: Distributed and parallel querying or processing for analytical workloads.,accepted,other_question,"It answers how analytical processing should be distributed and parallelized, not where data should be stored.",
Data Storage Architecture,What storage architecture should hold ML and analytics data?,16.8,Data access and query technology: Selection of languages and tools used to retrieve and process stored data.,accepted,other_question,"It answers which data-access and query technologies should be used, a different tooling question.",
Data Storage Architecture,What storage architecture should hold ML and analytics data?,16.9,"Analytics outcome type: Selection among descriptive, predictive, prescriptive, and business-intelligence analytics goals.",accepted,other_question,It selects an analytics outcome or purpose rather than a storage architecture.,
Data Storage Architecture,What storage architecture should hold ML and analytics data?,16.10,"Business-intelligence tool usage: Use of analyst-oriented tools for querying, visualization, and business analysis.",accepted,other_question,"It answers whether and which business-intelligence tools should be used, a different tooling question.",
Data Storage Architecture,What storage architecture should hold ML and analytics data?,16.11,Relational historical-data storage: Store historical data in a relational database technology such as Db2.,accepted,option,It selects relational storage for historical data.,
Data Storage Architecture,What storage architecture should hold ML and analytics data?,16.12,Star-schema analytical transformation: Transform analytical data into a denormalized star schema during ETL.,accepted,other_question,It answers how analytical data should be transformed and modeled during ETL.,
