dimension,question,value_id,value,status,kind,reason,human
Data Ingestion Approach,What ingestion mode should bring raw data into the ML workflow?,39.1,External-source ingestion: Features are collected from systems or sources outside the ML pipeline.,accepted,other_question,"It addresses whether data originates from outside the ML pipeline, not the ingestion mode.",
Data Ingestion Approach,What ingestion mode should bring raw data into the ML workflow?,39.2,"ETL-based ingestion: Batch-oriented extract, transform, and load processes bring features into the workflow.",accepted,option,ETL is an alternative batch-oriented mode for bringing data into the workflow.,
Data Ingestion Approach,What ingestion mode should bring raw data into the ML workflow?,39.3,Streaming ingestion: Features enter the workflow continuously through streaming mechanisms.,accepted,option,Streaming is an alternative continuous mode for bringing data into the workflow.,
Data Ingestion Approach,What ingestion mode should bring raw data into the ML workflow?,39.4,Additional-data feedback loop: Insufficient data sends the workflow back to ingestion to acquire useful additional information.,outcome,effect,It describes a feedback outcome triggered by insufficient data rather than an ingestion choice.,
Data Processing Path,Which data-processing path or architecture should transform incoming data?,40.1,Data-access delay: Delayed access to required data obstructs ML delivery and value generation.,outcome,effect,Delayed data access is a consequence or problem resulting from processing choices.,
Data Processing Path,Which data-processing path or architecture should transform incoming data?,40.2,Insufficient ML business value: Operational barriers prevent machine-learning initiatives from generating positive business value.,outcome,effect,Insufficient business value is an outcome of operational and processing limitations.,
Data Processing Path,Which data-processing path or architecture should transform incoming data?,40.3,"Event-stream data quality: Higher-quality, better-documented data supplied by mission-critical event streams.",outcome,effect,Improved event-stream data quality is a resulting benefit of processing choices.,
Data Processing Path,Which data-processing path or architecture should transform incoming data?,40.4,Forty-minute decision latency: Experience approximately forty minutes between transaction persistence and fraud-blocking decisions.,outcome,effect,Forty-minute decision latency is a measured performance outcome.,
Data Processing Path,Which data-processing path or architecture should transform incoming data?,40.5,Rigid resource-intensive processing: Experience rigid architecture and substantial resource consumption from traditional batch processing.,outcome,effect,Rigid architecture and high resource use are consequences of batch processing.,
Data Processing Path,Which data-processing path or architecture should transform incoming data?,40.6,"Data processing latency mode: Selection of batch, streaming, real-time, or near-real-time data processing.",accepted,option,"Batch, streaming, real-time, and near-real-time are alternative processing modes.",
Data Processing Path,Which data-processing path or architecture should transform incoming data?,40.7,Dual event-data routing: Route ambiguous interaction information through both low-latency event and quality-focused data flows.,accepted,option,Dual routing is an alternative architecture for processing ambiguous event data.,
Data Processing Path,Which data-processing path or architecture should transform incoming data?,40.8,Event-oriented low-latency processing: Process time-sensitive interaction units as events with minimal latency.,accepted,option,Event-oriented low-latency processing is an alternative processing path.,
Data Processing Path,Which data-processing path or architecture should transform incoming data?,40.9,"Data-oriented quality-and-quantity processing: Process and store denser information units for later use, prioritizing quality and quantity over latency.",accepted,option,Data-oriented quality-focused processing is an alternative processing path.,
Data Processing Path,Which data-processing path or architecture should transform incoming data?,40.10,High-throughput structured streaming processing: Use streaming processing suited to high-throughput structured real-time data.,accepted,option,Structured streaming is an alternative path for high-throughput data processing.,
Data Processing Path,Which data-processing path or architecture should transform incoming data?,40.11,Low-latency video stream processing: Use streaming processing specialized for low-latency real-time video data.,accepted,option,Specialized video streaming is an alternative low-latency processing path.,
Data Processing Path,Which data-processing path or architecture should transform incoming data?,40.12,"ETL batch analytics pipeline: Use extraction, transformation, batch analytics, and subsequent prediction as the data-processing architecture.",mixed,option,An ETL batch analytics pipeline is an adoptable processing architecture.,
Data Processing Path,Which data-processing path or architecture should transform incoming data?,40.13,Lambda architecture: Combine streaming and batch paths to support continuously updated online-learning systems.,accepted,option,Lambda architecture is an adoptable combination of streaming and batch paths.,
Data Processing Path,Which data-processing path or architecture should transform incoming data?,40.14,Distributed parallel analytics processing: Distributed and parallel querying or processing for analytical workloads.,accepted,option,Distributed parallel processing is an alternative architecture for analytical workloads.,
Data Processing Path,Which data-processing path or architecture should transform incoming data?,40.15,Data access and query technology: Selection of languages and tools used to retrieve and process stored data.,accepted,other_question,"It selects data-access languages and tools, which is a different technology-selection question.",
Feature Pipeline Architecture and Tooling,"How should the feature pipeline be architected and tooled to produce, organize, and manage model features?",43.1,"Dedicated feature engineering pipeline: A distinct pipeline selects, transforms, combines, and prepares raw data before algorithm use.",accepted,option,Choosing a dedicated feature-engineering pipeline is an architectural alternative.,
Feature Pipeline Architecture and Tooling,"How should the feature pipeline be architected and tooled to produce, organize, and manage model features?",43.2,"Feature preparation tooling: Spark, Python, or database capabilities implement feature analysis and transformation.",accepted,option,"Choosing Spark, Python, or database capabilities is a tooling alternative.",
Feature Pipeline Architecture and Tooling,"How should the feature pipeline be architected and tooled to produce, organize, and manage model features?",43.3,Modular reusable transformation functions: Organize feature and data preparation as independently testable functions that can be imported across pipeline stages.,accepted,option,Choosing modular reusable transformation functions is an implementation-organization alternative.,
Feature Pipeline Architecture and Tooling,"How should the feature pipeline be architected and tooled to produce, organize, and manage model features?",43.4,"Feature resource-cost measurement: Feature dependencies, inference latency, and memory cost are measured against predictive benefit.",outcome,effect,"Measuring feature resource cost is an evaluation activity or outcome, not a pipeline alternative.",
Feature Pipeline Architecture and Tooling,"How should the feature pipeline be architected and tooled to produce, organize, and manage model features?",43.5,"Three-layer ML pipeline architecture: Separate data, computation, and serving-orchestration layers in the ML pipeline.",accepted,option,"Choosing separate data, computation, and serving layers is an architectural alternative.",
Feature Pipeline Architecture and Tooling,"How should the feature pipeline be architected and tooled to produce, organize, and manage model features?",43.6,Shared-transformation downstream improvement: Improving one canonical production transformation automatically improves dependent downstream pipelines.,outcome,effect,Improved downstream pipelines are a consequence of canonical shared transformations.,
Feature Pipeline Architecture and Tooling,"How should the feature pipeline be architected and tooled to produce, organize, and manage model features?",43.7,Reduced data-pipeline plumbing: Feature-store tooling reduces effort spent building data pipes and negotiating data access.,outcome,effect,Reduced pipeline plumbing is a benefit resulting from feature-store tooling.,
Feature Transformation Strategy,Which single data-transformation strategy should be used to convert source data into model-ready features?,44.1,Improved transformation code quality: A structured development environment improves the quality of transformation code.,outcome,effect,Improved transformation code quality is a consequence of using a structured development environment.,
Feature Transformation Strategy,Which single data-transformation strategy should be used to convert source data into model-ready features?,44.2,Real-time featurization complexity cost: Real-time feature computation increases machine-learning system complexity.,outcome,effect,Increased machine-learning system complexity is a cost resulting from real-time feature computation.,
Feature Transformation Strategy,Which single data-transformation strategy should be used to convert source data into model-ready features?,44.3,Domain-informed feature engineering: Combine raw data with domain knowledge to construct features for model consumption.,accepted,other_question,This is a choice about whether and how to incorporate domain knowledge into feature engineering.,
Feature Transformation Strategy,Which single data-transformation strategy should be used to convert source data into model-ready features?,44.4,Missing-value handling strategy: Choose imputation or record/field removal strategies for missing values during transformation.,accepted,other_question,This is a separate choice about handling missing values through imputation or removal.,
Feature Transformation Strategy,Which single data-transformation strategy should be used to convert source data into model-ready features?,44.5,"Outlier treatment strategy: Choose whether to retain, correct, or remove anomalous records during data cleaning.",accepted,other_question,"This is a separate choice about retaining, correcting, or removing outliers.",
Feature Transformation Strategy,Which single data-transformation strategy should be used to convert source data into model-ready features?,44.6,"Record and dataset restructuring: Restructure fields, records, granularity, pivots, and aggregations to match downstream task requirements.",accepted,other_question,"This is a separate choice about restructuring data fields, records, granularity, pivots, and aggregations.",
Training-Serving Feature Consistency,How should training and serving feature preparation be separated or aligned to maintain feature consistency?,28.1,Separate training-serving feature preparation: Maintain distinct preparation paths for training data and serving-time features.,accepted,option,Maintaining distinct preparation paths is an alternative architectural choice for managing training-serving feature consistency.,
Training-Serving Feature Consistency,How should training and serving feature preparation be separated or aligned to maintain feature consistency?,28.2,Training-serving feature consistency controls: Use shared or explicitly aligned transformations so training features and serving features remain consistent.,accepted,option,Using shared or explicitly aligned transformations is an alternative architectural choice for managing training-serving feature consistency.,
Data Profiling and Validation,Which data profiling and validation practices should be adopted to establish that prepared data is trustworthy?,15.1,"Metadata and distribution profiling: Attribute metadata, value distributions, and visualizations are documented to understand dataset structure.",accepted,option,"It is an adoptable practice for profiling metadata, distributions, and visualizations.",
Data Profiling and Validation,Which data profiling and validation practices should be adopted to establish that prepared data is trustworthy?,15.2,"User-defined dataset validation: Custom routines detect inconsistencies, incorrect associations, missing values, and other data errors.",accepted,option,It is an adoptable practice for detecting dataset inconsistencies and errors.,
Data Profiling and Validation,Which data profiling and validation practices should be adopted to establish that prepared data is trustworthy?,15.3,"Schema-anomaly pipeline halt: Stop training or processing when incoming features are unexpected, missing, or invalid.",accepted,option,It is an adoptable control policy to halt processing when schema anomalies occur.,
Data Profiling and Validation,Which data profiling and validation practices should be adopted to establish that prepared data is trustworthy?,15.4,Data-type mismatch detection: Observed validation output identifying inputs whose types violate dataset expectations.,outcome,effect,"It describes an observed validation result identifying type violations, not a practice to adopt.",
Training Execution Mode,Which computational execution mode should produce model updates?,17.1,Offline batch training: Training runs as an offline process rather than during prediction requests.,mixed,option,Offline batch training is an alternative execution mode for producing model updates.,
Training Execution Mode,Which computational execution mode should produce model updates?,17.2,Real-time online learning: The model updates continuously or incrementally while operating on incoming data.,accepted,option,Real-time online learning is an alternative execution mode for producing model updates.,
Training Execution Mode,Which computational execution mode should produce model updates?,17.3,Nearline computation: Intermediate computation balancing freshness and computational flexibility without strict real-time serving.,mixed,option,Nearline computation is an alternative execution mode between offline and real-time processing.,
Training Execution Mode,Which computational execution mode should produce model updates?,17.4,"Hybrid offline-nearline-online computation: Combine offline, nearline, and online computation regimes in one managed architecture.",accepted,option,A hybrid offline-nearline-online architecture is an alternative execution-mode choice.,
Training Execution Mode,Which computational execution mode should produce model updates?,17.5,Streaming update granularity: Update incrementally per individual data point or in small mini-batches.,accepted,other_question,This chooses update granularity rather than the overall computational execution mode.,
Training Execution Mode,Which computational execution mode should produce model updates?,17.6,Batch and real-time processing support: Accommodate both batch and real-time execution modes in the ML processing architecture.,mixed,other_question,This chooses which processing capabilities the architecture supports rather than which mode produces updates.,
Training Execution Mode,Which computational execution mode should produce model updates?,17.7,Limited production suitability of forecast workflows: Offline forecast workflows provide limited usefulness for industry production systems.,outcome,effect,Limited production suitability is an outcome of offline forecast workflows.,
Training Execution Mode,Which computational execution mode should produce model updates?,17.8,Reduced training-data memory requirement: Incremental training avoids retaining the complete training dataset in memory.,outcome,effect,Reduced training-data memory requirement is a consequence of incremental training.,
Training Execution Mode,Which computational execution mode should produce model updates?,17.9,Real-time learning scalability burden: High-rate incremental training creates a significant scaling challenge.,outcome,effect,A real-time learning scalability burden is a consequence or risk of high-rate incremental training.,
Training Trigger Policy,What temporal or event policy determines when model training or retraining runs?,18.1,"Time- and event-triggered training: Schedulers, calendar events, messages, monitoring events, or data and code changes initiate training.",accepted,option,"It is an alternative policy in which schedules, events, or changes initiate training.",
Training Trigger Policy,What temporal or event policy determines when model training or retraining runs?,18.2,"Criticality-dependent training schedule: Training frequency varies according to application criticality, from multiple times daily to daily execution.",accepted,option,It is an alternative policy that sets training frequency according to application criticality.,
Training Trigger Policy,What temporal or event policy determines when model training or retraining runs?,18.3,Performance- and drift-triggered retraining: Retrain when model performance degrades or feature distributions indicate drift.,accepted,option,It is an alternative policy that initiates retraining when performance degrades or drift is detected.,
Training Trigger Policy,What temporal or event policy determines when model training or retraining runs?,18.4,Continuous model training: Train and retrain models continuously or frequently as data and operational conditions change.,accepted,option,It is an alternative policy of running training continuously or very frequently.,
Training Parallelization and Resilience,How should training workloads be partitioned and parallelized across workers?,25.1,Data-partitioned model replicas: Data is partitioned and a model replica trains on each partition.,mixed,option,Data partitioning with model replicas is an alternative training-parallelization strategy.,
Training Parallelization and Resilience,How should training workloads be partitioned and parallelized across workers?,25.2,Model-partitioned parameter updates: The model is partitioned so separate workers update different parameter subsets.,accepted,option,Model partitioning across workers is an alternative training-parallelization strategy.,
Training Parallelization and Resilience,How should training workloads be partitioned and parallelized across workers?,25.3,Checkpointed training partitions: Training partitions use checkpoints and retry or failover mechanisms after transient failures.,accepted,other_question,"Checkpointing and failover answer how training should recover from failures, not how computation is parallelized.",
Training Parallelization and Resilience,How should training workloads be partitioned and parallelized across workers?,25.4,Horizontal execution-cluster scaling: Scale the execution cluster horizontally for automated ML workflows.,accepted,other_question,"Horizontal cluster scaling answers how execution infrastructure should be sized, not how training is partitioned.",
Training Update Algorithm,Which learning algorithm or model architecture should be used to produce model updates?,41.1,Stochastic-gradient incremental training: Stochastic gradient descent provides the optimization routine for incremental online learning.,accepted,option,Stochastic-gradient training is an alternative algorithm for producing incremental model updates.,
Training Update Algorithm,Which learning algorithm or model architecture should be used to produce model updates?,41.2,Linear learning algorithm: A simple linear or logistic learner updates parameters efficiently for online prediction.,accepted,option,A linear or logistic learner is an alternative model family for online updates.,
Training Update Algorithm,Which learning algorithm or model architecture should be used to produce model updates?,41.3,Parameter-only prediction: Prediction uses learned weights or parameters without retaining a complex model representation.,accepted,other_question,Parameter-only prediction concerns prediction representation rather than the update algorithm.,
Training Update Algorithm,Which learning algorithm or model architecture should be used to produce model updates?,41.4,"Gradient-boosted tree model: Use a gradient-boosted tree algorithm, exemplified by XGBoost, for model training.",accepted,option,Gradient-boosted trees are an alternative model family for training.,
Training Update Algorithm,Which learning algorithm or model architecture should be used to produce model updates?,41.5,Multi-variable fraud model: A model using multiple variables addresses complex and evolving fraud vectors.,accepted,option,A multivariable fraud model is an alternative model design for producing predictions.,
Training Update Algorithm,Which learning algorithm or model architecture should be used to produce model updates?,41.6,Scalable algorithm architecture: Choose an algorithm architecture supporting arbitrary complexity and very large data volumes.,accepted,option,A scalable algorithm architecture is an alternative architectural approach for model computation.,
Training Update Algorithm,Which learning algorithm or model architecture should be used to produce model updates?,41.7,Pluggable recommendation algorithm architecture: Design recommendation algorithms so new approaches can be integrated easily.,accepted,other_question,Pluggability concerns extensibility of recommendation architecture rather than the training algorithm.,
Training Update Algorithm,Which learning algorithm or model architecture should be used to produce model updates?,41.8,"Recommendation technology selection: Select technologies balancing recommendation scalability, flexibility, freshness, and responsiveness.",accepted,other_question,Technology selection addresses platform and system tradeoffs rather than the update algorithm.,
Training Update Algorithm,Which learning algorithm or model architecture should be used to produce model updates?,41.9,Algorithm decomposition: Decompose recommendation algorithms strategically to achieve scalability and responsiveness.,accepted,other_question,Algorithm decomposition addresses how recommendation logic is partitioned rather than which learner updates the model.,
Training Update Algorithm,Which learning algorithm or model architecture should be used to produce model updates?,41.11,Built-in gradient-boosting algorithm: Use a managed platform's built-in gradient-boosting algorithm rather than a framework deployment.,accepted,option,A built-in gradient-boosting algorithm is an alternative training approach.,
Training Update Algorithm,Which learning algorithm or model architecture should be used to produce model updates?,41.12,Probability-valued prediction output: Return probabilistic classification scores rather than only categorical predictions.,accepted,other_question,Probability-valued output concerns prediction format rather than model-update selection.,
Training Update Algorithm,Which learning algorithm or model architecture should be used to produce model updates?,41.13,Linearity constraint: The learning approach cannot directly represent nonlinear relationships.,outcome,effect,Inability to represent nonlinear relationships is a consequence of a linear learning approach.,
Training Update Algorithm,Which learning algorithm or model architecture should be used to produce model updates?,41.14,Rapid adaptation to change: An online learner reacts quickly to changing data during operation.,outcome,effect,Rapid adaptation is an outcome of using an online learning approach.,
Training Update Algorithm,Which learning algorithm or model architecture should be used to produce model updates?,41.15,Out-of-fold prediction blending: Combining out-of-fold candidate predictions to form the final prediction pipeline.,accepted,other_question,Out-of-fold blending concerns prediction-pipeline composition rather than model-update training.,
Candidate-Model Search Execution,How should candidate-model training jobs be ordered or scheduled during the search?,42.1,Sequential candidate-model training: Running training jobs one after another when searching candidate configurations.,accepted,option,Sequential training is an alternative scheduling choice for running candidate models.,
Candidate-Model Search Execution,How should candidate-model training jobs be ordered or scheduled during the search?,42.2,"Parallel candidate-model training: Multiple algorithms, parameter configurations, or candidate models train concurrently.",accepted,option,Parallel training is an alternative scheduling choice for running candidate models.,
Candidate-Model Search Execution,How should candidate-model training jobs be ordered or scheduled during the search?,42.3,Automated algorithm and model selection: Automation evaluates multiple algorithms or models to select a suitable candidate during training.,accepted,other_question,"Automated algorithm and model selection concerns how candidates are selected, not their execution ordering.",
Model Evaluation Dataset Strategy,How should data be held out and partitioned for model evaluation?,45.1,Held-out-data evaluation: Performance is measured on data not used during training to assess generalization.,accepted,option,Holding out training-excluded data is an alternative evaluation-data arrangement.,
Model Evaluation Dataset Strategy,How should data be held out and partitioned for model evaluation?,45.3,Sequential dataset splitting: Partition data into training and testing subsets by preserving source order and applying a ratio.,accepted,option,Preserving source order when splitting is an alternative dataset-partitioning method.,
Model Evaluation Dataset Strategy,How should data be held out and partitioned for model evaluation?,45.4,Random-seed dataset splitting: Partition data into training and testing subsets through randomized selection controlled by a seed and ratio.,accepted,option,Randomized splitting with a controlled seed is an alternative dataset-partitioning method.,
Model Evaluation Dataset Strategy,How should data be held out and partitioned for model evaluation?,45.5,Injectable dataset segregation strategy: Select and configure dataset segregation algorithms at runtime through an injectable strategy and service.,accepted,other_question,"This chooses how segregation strategies are selected and configured at runtime, not which data arrangement is used.",
Model Evaluation Criteria and Instrumentation,"Which criteria, evaluators, baselines, fairness checks, and interpretability instruments should be used to assess model quality?",46.1,Pluggable evaluator library: Multiple evaluation metrics can be combined or exchanged through a flexible evaluator library.,accepted,option,A pluggable evaluator library is an architectural choice for combining or exchanging assessment metrics.,
Model Evaluation Criteria and Instrumentation,"Which criteria, evaluators, baselines, fairness checks, and interpretability instruments should be used to assess model quality?",46.2,"Fairness and inclusion testing: Candidate models are tested for fairness, bias, inclusion, and protected-category effects before release.",accepted,option,Fairness and inclusion testing is a selectable assessment practice for candidate models.,
Model Evaluation Criteria and Instrumentation,"Which criteria, evaluators, baselines, fairness checks, and interpretability instruments should be used to assess model quality?",46.3,Business-impact-aligned evaluation: Model metrics are evaluated together with business outcomes such as revenue or engagement.,accepted,option,Aligning evaluation with business outcomes is an alternative model-assessment approach.,
Model Evaluation Criteria and Instrumentation,"Which criteria, evaluators, baselines, fairness checks, and interpretability instruments should be used to assess model quality?",46.5,"Multi-criteria operational evaluation: Evaluation considers stability, ethics, fairness, explainability, user experience, and edge cases beyond error alone.",accepted,option,Multi-criteria operational evaluation is an alternative to evaluating models only by error.,
Model Evaluation Criteria and Instrumentation,"Which criteria, evaluators, baselines, fairness checks, and interpretability instruments should be used to assess model quality?",46.6,Single-objective error minimization: Considering one error objective instead of broader operational criteria was rejected for model assessment.,rejected,option,"Single-objective error minimization is a possible assessment approach, although it was rejected.",
Model Evaluation Criteria and Instrumentation,"Which criteria, evaluators, baselines, fairness checks, and interpretability instruments should be used to assess model quality?",46.7,"Model interpretability instrumentation: Interpretability mechanisms explain model results for users, governance, and regulatory needs.",accepted,option,Adding interpretability mechanisms is a selectable instrumentation approach for model assessment.,
Model Evaluation Criteria and Instrumentation,"Which criteria, evaluators, baselines, fairness checks, and interpretability instruments should be used to assess model quality?",46.8,Heuristic baseline model: Use simple hand-crafted rules as a reference model for evaluating later ML models.,accepted,option,Using a heuristic baseline is an alternative choice for contextualizing model performance.,
Model Evaluation Criteria and Instrumentation,"Which criteria, evaluators, baselines, fairness checks, and interpretability instruments should be used to assess model quality?",46.9,Ground-truth-limited precision and recall: Inaccurate labels impose an upper bound on achievable model precision and recall.,outcome,effect,Limited ground-truth quality is a consequence that constrains achievable precision and recall.,
Model Evaluation Criteria and Instrumentation,"Which criteria, evaluators, baselines, fairness checks, and interpretability instruments should be used to assess model quality?",46.10,Production accuracy requirement: Require AutoML-produced models to meet the accuracy needed for real-world use.,outcome,goal,Requiring production-level accuracy states a performance requirement rather than an assessment alternative.,
Model Evaluation Criteria and Instrumentation,"Which criteria, evaluators, baselines, fairness checks, and interpretability instruments should be used to assess model quality?",46.11,Model optimization objective selection: Selecting the performance criterion or error type that model optimization prioritizes.,accepted,other_question,"Selecting the optimization objective answers which criterion training should prioritize, not how model quality should be assessed.",
Ground Truth and Labeling Strategy,How should ground-truth outcome categories be defined and separated for model assessment?,34.1,Ground-truth construction and label separation: Practitioners construct accurate labels and preserve distinctions between materially different outcome categories.,accepted,option,It proposes constructing accurate labels while preserving distinctions between materially different outcome categories.,
Ground Truth and Labeling Strategy,How should ground-truth outcome categories be defined and separated for model assessment?,34.2,Chargeback-type separation for modeling: Separating chargeback types as a modeling ground-truth strategy was explicitly rejected.,outcome,option,It is an explicitly rejected alternative for separating chargeback outcome types in the ground truth.,
Ground Truth and Labeling Strategy,How should ground-truth outcome categories be defined and separated for model assessment?,34.3,Web-based manual labeling: Use a web application to support human creation of ground-truth labels.,accepted,other_question,It addresses the separate choice of using a web application to perform manual labeling.,
Ground Truth and Labeling Strategy,How should ground-truth outcome categories be defined and separated for model assessment?,34.4,Outsourced manual labeling: Use an external labeling service to create ground-truth labels.,accepted,other_question,It addresses the separate choice of outsourcing manual labeling to an external service.,
Model Optimization Strategy,"Which search, tuning, regularization, model-selection, or optimization strategy should be used to select or improve model configurations?",23.1,Hyperparameter optimization and regularization: Iterative optimization and regularization refine candidate models before final selection.,accepted,option,It proposes iterative hyperparameter optimization and regularization as a model-improvement strategy.,
Model Optimization Strategy,"Which search, tuning, regularization, model-selection, or optimization strategy should be used to select or improve model configurations?",23.2,Manual deep-learning hyperparameter tuning: Manually exploring deep-learning hyperparameters without automated search.,mixed,option,It proposes manual hyperparameter tuning as an alternative optimization strategy.,
Model Optimization Strategy,"Which search, tuning, regularization, model-selection, or optimization strategy should be used to select or improve model configurations?",23.3,"Neural architecture search: Automated search selects neural architectures using defined spaces, metrics, and search algorithms.",accepted,option,It proposes neural architecture search to automate model-configuration selection.,
Model Optimization Strategy,"Which search, tuning, regularization, model-selection, or optimization strategy should be used to select or improve model configurations?",23.4,Ecological-cost optimization: Model optimization accounts for computational carbon footprint as an objective.,accepted,option,It proposes incorporating ecological cost as an objective when optimizing models.,
Model Optimization Strategy,"Which search, tuning, regularization, model-selection, or optimization strategy should be used to select or improve model configurations?",23.7,Expanded deep-learning hyperparameter search space: Growth in the number of hyperparameters that makes exhaustive manual search impractical.,outcome,effect,"It describes a consequence of a growing hyperparameter space, not a strategy choice.",
Model Optimization Strategy,"Which search, tuning, regularization, model-selection, or optimization strategy should be used to select or improve model configurations?",23.8,Reduced hyperparameter-search burden: Reduced data-scientist effort resulting from automated hyperparameter optimization.,outcome,effect,It describes a benefit resulting from automated hyperparameter optimization.,
Model Optimization Strategy,"Which search, tuning, regularization, model-selection, or optimization strategy should be used to select or improve model configurations?",23.9,Heuristic rule complexity: Rule-based fraud heuristics become unwieldy as fraud vectors grow more complex and evolve.,outcome,effect,It describes the consequence of increasingly complex and evolving fraud vectors for heuristic rules.,
Model Optimization Strategy,"Which search, tuning, regularization, model-selection, or optimization strategy should be used to select or improve model configurations?",23.10,Evaluation-subset model selection: The best candidate is selected by comparing performance against true values in an evaluation dataset.,accepted,option,It proposes selecting models by comparing their performance on an evaluation subset.,
Model Optimization Strategy,"Which search, tuning, regularization, model-selection, or optimization strategy should be used to select or improve model configurations?",23.11,Classifier decision-threshold adjustment: Changing prediction thresholds to respond to drift or evolving model behavior.,accepted,option,It proposes adjusting classifier thresholds as a model-tuning strategy in response to drift.,
Pre-release Validation,Which pre-release testing and validation checks should be used to establish pipeline integrity and production readiness?,24.1,"Automated end-to-end pipeline testing: The complete data, training, and model pipeline is regularly executed and checked before production.",accepted,option,Automated end-to-end execution is a possible pipeline validation approach.,
Pre-release Validation,Which pre-release testing and validation checks should be used to establish pipeline integrity and production readiness?,24.2,Validation-set regression thresholds: Quality thresholds detect gradual or sudden degradation across model versions.,accepted,option,Regression thresholds are a possible model-quality validation approach.,
Pre-release Validation,Which pre-release testing and validation checks should be used to establish pipeline integrity and production readiness?,24.3,Canary serving validation: A model is tested in a production-like serving environment using realistic data before full service.,accepted,option,Canary serving is a possible production-like validation approach.,
Pre-release Validation,Which pre-release testing and validation checks should be used to establish pipeline integrity and production readiness?,24.4,Diff-testing against previous models: Comparing new models directly with previously built models is explicitly discouraged because maintenance is difficult.,outcome,effect,The statement emphasizes maintenance difficulty as the consequence motivating discouragement of diff-testing.,
Pre-release Validation,Which pre-release testing and validation checks should be used to establish pipeline integrity and production readiness?,24.5,Competing-model production testing: Multiple candidate models receive split production traffic for comparative performance evaluation.,accepted,other_question,This chooses a production traffic-splitting strategy for comparative model evaluation.,
Pre-release Validation,Which pre-release testing and validation checks should be used to establish pipeline integrity and production readiness?,24.6,Manual documented test execution: Run tests manually while documenting and distributing their results.,accepted,other_question,This chooses how tests are executed and documented rather than which validation check is used.,
Pre-release Validation,Which pre-release testing and validation checks should be used to establish pipeline integrity and production readiness?,24.7,Automated repeated test execution: Use automation to run tests repeatedly.,accepted,other_question,This chooses the degree of test-execution automation and repetition.,
Pre-release Validation,Which pre-release testing and validation checks should be used to establish pipeline integrity and production readiness?,24.8,Minimum-section readiness scoring: Let the least-developed testing or monitoring section determine overall readiness.,accepted,other_question,This chooses a method for aggregating readiness across testing or monitoring sections.,
Pre-release Validation,Which pre-release testing and validation checks should be used to establish pipeline integrity and production readiness?,24.9,ML Test Score readiness measure: Use a combined testing and monitoring score to assess production readiness.,accepted,other_question,This chooses a composite readiness measurement framework.,
Pre-release Validation,Which pre-release testing and validation checks should be used to establish pipeline integrity and production readiness?,24.10,Production-readiness level classification: Classify systems by ranges of testing and monitoring maturity.,accepted,other_question,This chooses a maturity classification scheme for production readiness.,
Pre-release Validation,Which pre-release testing and validation checks should be used to establish pipeline integrity and production readiness?,24.11,Traffic-splitting and data-collection complexity: Comparative production testing increases operational complexity while traffic is divided and evidence accumulates.,outcome,effect,Operational complexity is a consequence of comparative production testing with split traffic.,
Pre-release Validation,Which pre-release testing and validation checks should be used to establish pipeline integrity and production readiness?,24.12,Reliability gaps from insufficient testing: Insufficient testing leaves serious reliability holes and requires further productionization investment.,outcome,effect,Reliability gaps and added investment are consequences of insufficient testing.,
Pre-release Validation,Which pre-release testing and validation checks should be used to establish pipeline integrity and production readiness?,24.13,Testing and monitoring automation strength: Higher readiness scores indicate stronger testing and monitoring automation.,outcome,effect,Stronger testing and monitoring automation is described as an outcome of higher readiness scores.,
Pre-release Validation,Which pre-release testing and validation checks should be used to establish pipeline integrity and production readiness?,24.14,Shadow-mode model testing: Candidate model changes are evaluated alongside production behavior before or during deployment.,accepted,option,Shadow-mode evaluation is a possible validation approach for candidate model changes.,
Prediction Serving Interaction,"What temporal and communication interaction pattern is used to request, complete, deliver, and retrieve prediction results?",5.1,Synchronous online serving: A caller submits a request and receives a prediction during the request interaction.,accepted,option,Synchronous request-response serving is an alternative interaction pattern.,
Prediction Serving Interaction,"What temporal and communication interaction pattern is used to request, complete, deliver, and retrieve prediction results?",5.2,"Asynchronous offline serving: Large collections are scored as batch jobs, with results retrieved after completion.",accepted,option,Asynchronous batch serving is an alternative interaction pattern.,
Prediction Serving Interaction,"What temporal and communication interaction pattern is used to request, complete, deliver, and retrieve prediction results?",5.3,Push-based score delivery: Completed predictions are delivered to the caller through an independent notification.,accepted,option,Push-based delivery is an alternative result-delivery pattern.,
Prediction Serving Interaction,"What temporal and communication interaction pattern is used to request, complete, deliver, and retrieve prediction results?",5.4,Polling-based score retrieval: The caller periodically checks a low-latency store for completed predictions.,accepted,option,Polling-based retrieval is an alternative result-retrieval pattern.,
Prediction Serving Interaction,"What temporal and communication interaction pattern is used to request, complete, deliver, and retrieve prediction results?",5.5,Broker-based completion notification: A message broker signals completion of offline scoring before consumers fetch results.,accepted,option,Broker-mediated completion notification is an alternative interaction pattern.,
Prediction Serving Interaction,"What temporal and communication interaction pattern is used to request, complete, deliver, and retrieve prediction results?",5.8,Prediction-request feature payload: Including available contextual features directly in prediction requests.,accepted,other_question,It concerns whether contextual features are included in the prediction input payload.,
Prediction Serving Interaction,"What temporal and communication interaction pattern is used to request, complete, deliver, and retrieve prediction results?",5.9,Fresh recommendation results: Serve recommendation outputs that rapidly reflect new data and user actions.,outcome,effect,Fresh results are an outcome of serving and data-update choices.,
Prediction Serving Interaction,"What temporal and communication interaction pattern is used to request, complete, deliver, and retrieve prediction results?",5.10,Low-latency recommendation serving: Return recommendation results quickly enough to respond to interactions.,outcome,effect,Low-latency serving is a performance outcome of architectural choices.,
Prediction Serving Interaction,"What temporal and communication interaction pattern is used to request, complete, deliver, and retrieve prediction results?",5.11,"Three-way prediction input contract: Supply predictions with model artifacts, processed data, and fresh live signals.",accepted,other_question,It concerns the composition of the prediction input contract.,
Prediction Serving Interaction,"What temporal and communication interaction pattern is used to request, complete, deliver, and retrieve prediction results?",5.14,Reduced fraud-response latency: Streaming and real-time decisioning reduce the elapsed time from suspicious transaction detection to account blocking.,outcome,effect,Reduced fraud-response latency is an outcome of streaming and real-time decisioning.,
Prediction Serving Interaction,"What temporal and communication interaction pattern is used to request, complete, deliver, and retrieve prediction results?",5.15,HTTPS service communication: Secure REST service communication using HTTPS as a deployment and integration requirement.,accepted,other_question,HTTPS service communication concerns transport security and integration protocol choice.,
Serving Architecture Style,Which architectural style should organize model-serving components and their boundaries?,29.1,Microservice architecture: Clearly separated product components are independently served as microservices.,mixed,option,Microservice architecture is an alternative organizational style for serving components.,
Serving Architecture Style,Which architectural style should organize model-serving components and their boundaries?,29.2,Monolithic architecture: A monolithic serving architecture was considered as an alternative to decomposed ML integration and rejected.,mixed,option,Monolithic architecture is an alternative organizational style for serving components.,
Serving Architecture Style,Which architectural style should organize model-serving components and their boundaries?,29.3,Hybrid microservice-monolith architecture: Microservice and monolithic structures are combined when both separation and shared integration are needed.,accepted,option,A hybrid architecture is an alternative way to organize serving boundaries.,
Serving Architecture Style,Which architectural style should organize model-serving components and their boundaries?,29.4,Universal default monolith: Treating the standard monolith as suitable for every situation is explicitly rejected.,outcome,option,"Using a universal default monolith is a possible, though rejected, architectural policy.",
Serving Architecture Style,Which architectural style should organize model-serving components and their boundaries?,29.6,Loosely coupled serving integration: Keep serving components integrated with surrounding systems while allowing independent evolution and maintenance.,accepted,option,Loose coupling is an alternative choice for organizing serving integration and boundaries.,
Serving Architecture Style,Which architectural style should organize model-serving components and their boundaries?,29.7,Weak ML component boundaries: ML components have weak boundaries that impede independent architecture and deployment.,outcome,effect,"Weak component boundaries are a consequence or problematic result, not an architectural option.",
Serving Architecture Style,Which architectural style should organize model-serving components and their boundaries?,29.8,"Interleaved ML model dependencies: One model consumes another model's outputs, creating coupled component dependencies.",outcome,effect,Interleaved model dependencies are a coupling consequence or structural outcome.,
Serving Architecture Style,Which architectural style should organize model-serving components and their boundaries?,29.9,REST model invocation: Request predictions from a remotely hosted model through a REST interface.,accepted,other_question,"REST is an option for the model-invocation protocol, a different design question.",
Serving Architecture Style,Which architectural style should organize model-serving components and their boundaries?,29.10,gRPC model invocation: Request predictions from a remotely hosted model through gRPC.,accepted,other_question,"gRPC is an option for the model-invocation protocol, a different design question.",
Serving Architecture Style,Which architectural style should organize model-serving components and their boundaries?,29.11,Production model as operational service: Treat a deployed model as a user-facing operational service within a product or process.,accepted,other_question,"Treating a model as an operational service concerns its deployment role, a different design question.",
Serving Deployment Arrangement,"Which deployment arrangement should host, connect, scale, and make serving components replaceable?",30.1,Separate model and API deployment: The model and feature-retrieval or invocation APIs operate as distinct serving components.,accepted,option,Separate model and API deployments are an alternative serving arrangement.,
Serving Deployment Arrangement,"Which deployment arrangement should host, connect, scale, and make serving components replaceable?",30.2,Containerized prediction microservice: A prediction model is packaged and deployed as a containerized microservice.,mixed,option,A containerized prediction microservice is an alternative deployment arrangement.,
Serving Deployment Arrangement,"Which deployment arrangement should host, connect, scale, and make serving components replaceable?",30.3,"Clustered queue-backed serving: Online serving runs across a cluster behind a queue for load balancing, throughput, and low latency.",accepted,option,Queue-backed clustered serving is an alternative arrangement for operating online serving.,
Serving Deployment Arrangement,"Which deployment arrangement should host, connect, scale, and make serving components replaceable?",30.4,Parallel stateless prediction pipelines: Multiple stateless prediction pipelines scale horizontally to accommodate load.,accepted,option,Parallel stateless pipelines are an alternative horizontally scalable serving arrangement.,
Serving Deployment Arrangement,"Which deployment arrangement should host, connect, scale, and make serving components replaceable?",30.5,Web-service model deployment: Hosting trained models behind web-service interfaces in cloud or local environments.,accepted,option,Web-service model deployment is an alternative way to expose hosted models.,
Serving Deployment Arrangement,"Which deployment arrangement should host, connect, scale, and make serving components replaceable?",30.6,Replaceable serving components: Serving components or providers can be substituted independently without rebuilding the whole system.,accepted,option,Independent replaceable serving components are an architectural arrangement choice.,
Serving Deployment Arrangement,"Which deployment arrangement should host, connect, scale, and make serving components replaceable?",30.11,Reduced single-point-of-failure risk: Service decomposition reduces dependence on one provider or component failure.,outcome,effect,Reduced single-point-of-failure risk is a consequence of decomposition.,
Serving Deployment Arrangement,"Which deployment arrangement should host, connect, scale, and make serving components replaceable?",30.12,Feature-service independence: Independent feature services enable distributed development and component autonomy.,outcome,effect,Feature-service independence is a consequence of independent service decomposition.,
Serving Deployment Arrangement,"Which deployment arrangement should host, connect, scale, and make serving components replaceable?",30.13,Distributed development enablement: Service decomposition enables development by distributed teams.,outcome,effect,Distributed development enablement is a consequence of service decomposition.,
Serving Deployment Arrangement,"Which deployment arrangement should host, connect, scale, and make serving components replaceable?",30.14,Software development cost: Development and maintenance effort affected by application architecture and code organization.,outcome,effect,Development cost is an outcome affected by architectural organization.,
Serving Deployment Arrangement,"Which deployment arrangement should host, connect, scale, and make serving components replaceable?",30.15,Model-version request routing: Requests identify a model version and a router directs them to the corresponding model.,accepted,other_question,"Version-based request routing concerns model-version selection and routing, not deployment arrangement.",
Serving Deployment Arrangement,"Which deployment arrangement should host, connect, scale, and make serving components replaceable?",30.16,Serverless service deployment: Deploy services through a serverless runtime rather than dedicated continuously running hosts.,accepted,option,Serverless deployment is an alternative serving-host arrangement.,
Serving Deployment Arrangement,"Which deployment arrangement should host, connect, scale, and make serving components replaceable?",30.17,Hosted model-serving infrastructure: Models are hosted and maintained on dedicated infrastructure after deployment.,accepted,option,Dedicated hosted serving infrastructure is an alternative deployment arrangement.,
Serving Deployment Arrangement,"Which deployment arrangement should host, connect, scale, and make serving components replaceable?",30.18,Serving model update control: Operational support for replacing or updating the model used by a prediction service.,accepted,other_question,Serving model update control concerns model lifecycle and replacement operations.,
Serving Deployment Arrangement,"Which deployment arrangement should host, connect, scale, and make serving components replaceable?",30.19,Model access authentication: Authentication restricts model use to authorized parties.,accepted,other_question,Model access authentication concerns authorization and security controls.,
Serving Capacity and Recovery,What serving-capacity and recovery strategy should be adopted to keep prediction infrastructure operational under changing demand and failures?,31.1,Elastic serving scale: Prediction infrastructure dynamically scales capacity with changing workload demand.,accepted,option,Dynamic scaling is an alternative strategy for matching serving capacity to workload demand.,
Serving Capacity and Recovery,What serving-capacity and recovery strategy should be adopted to keep prediction infrastructure operational under changing demand and failures?,31.2,Automated failover and recovery: Production serving activates geographically resilient failover and rapid automated recovery.,accepted,option,Geographically resilient automated failover is an alternative recovery strategy.,
Serving Capacity and Recovery,What serving-capacity and recovery strategy should be adopted to keep prediction infrastructure operational under changing demand and failures?,31.4,Availability-oriented serving: Prioritize service availability and rapid recovery so prediction requests receive responses despite failures or load.,outcome,effect,Availability and rapid recovery describe an outcome of serving decisions.,
Serving Capacity and Recovery,What serving-capacity and recovery strategy should be adopted to keep prediction infrastructure operational under changing demand and failures?,31.5,"Performance-oriented serving: Choose serving architecture to meet read, write, scoring, and response-time performance requirements.",outcome,goal,"Meeting read, write, scoring, and response-time requirements is a performance objective.",
Serving Capacity and Recovery,What serving-capacity and recovery strategy should be adopted to keep prediction infrastructure operational under changing demand and failures?,31.7,Workload-managed serving computation: Manage computational resources according to workload to sustain efficient production operation.,accepted,option,Workload-managed computation is an alternative resource-management strategy.,
Serving Capacity and Recovery,What serving-capacity and recovery strategy should be adopted to keep prediction infrastructure operational under changing demand and failures?,31.8,Fault-tolerant self-healing serving: Recover from component breakdowns through fault tolerance and self-healing operation.,accepted,option,Fault tolerance and self-healing are alternative mechanisms for recovering from breakdowns.,
Serving Capacity and Recovery,What serving-capacity and recovery strategy should be adopted to keep prediction infrastructure operational under changing demand and failures?,31.9,"Serverless state and duration mismatch: Stateless short-lived serverless functions can fit poorly with stateful, long-running data-science workers.",outcome,fact,The state and duration mismatch describes a property of serverless functions and data-science workers.,
Serving Capacity and Recovery,What serving-capacity and recovery strategy should be adopted to keep prediction infrastructure operational under changing demand and failures?,31.10,Scalable ML pipeline operation: Ability of deployed ML pipeline infrastructure to operate at increasing scale.,outcome,effect,Operating an ML pipeline at increasing scale is a resulting capability.,
Serving Capacity and Recovery,What serving-capacity and recovery strategy should be adopted to keep prediction infrastructure operational under changing demand and failures?,31.11,Sub-10-millisecond scoring latency: Observed prediction response latency below ten milliseconds under load.,outcome,effect,Sub-ten-millisecond scoring is an observed latency result.,
Serving Capacity and Recovery,What serving-capacity and recovery strategy should be adopted to keep prediction infrastructure operational under changing demand and failures?,31.12,Software scalability: The selected service architecture improves software scalability.,outcome,effect,Improved software scalability is a consequence of the selected architecture.,
Serving Capacity and Recovery,What serving-capacity and recovery strategy should be adopted to keep prediction infrastructure operational under changing demand and failures?,31.13,Latency-throughput constraint: Meet application-specific latency and throughput requirements for production inference.,outcome,goal,Meeting application-specific latency and throughput requirements is a production inference objective.,
Serving Capacity and Recovery,What serving-capacity and recovery strategy should be adopted to keep prediction infrastructure operational under changing demand and failures?,31.14,Previous-model fallback and reversion: Retain and restore a prior model when a new model serves too slowly or degrades predictive accuracy.,accepted,option,Retaining and reverting to a previous model is an alternative model-serving recovery strategy.,
Feature and Model State Storage,What storage strategy should provide the data and state used by prediction components during serving?,32.1,In-memory feature store: Input features are kept in a low-read-latency in-memory store for online prediction.,accepted,option,An in-memory feature store is a storage strategy for serving feature data.,
Feature and Model State Storage,What storage strategy should provide the data and state used by prediction components during serving?,32.2,Atomic model-state persistence: Model parameter reads and writes preserve an all-or-nothing serving-visible model state.,outcome,other_question,Atomic model-state persistence addresses consistency and atomicity rather than the storage strategy itself.,
Feature and Model State Storage,What storage strategy should provide the data and state used by prediction components during serving?,32.3,Key-value model store: Models and parameters are stored in a key-value system to improve serving performance.,accepted,option,A key-value model store is a storage strategy for serving models and parameters.,
Feature and Model State Storage,What storage strategy should provide the data and state used by prediction components during serving?,32.4,Cached offline predictions: Precomputed predictions are cached to reduce access latency for repeated or relevant requests.,accepted,option,Caching offline predictions is a storage and retrieval strategy for serving prediction results.,
Serving Platform and Hardware,Where should model inference be hosted and executed: at the edge or in a centralized/cloud or local serving environment?,35.1,Edge model deployment: Deployment of inference models to edge devices rather than only centralized services.,accepted,option,It is an alternative deployment location: edge devices rather than centralized services.,
Serving Platform and Hardware,Where should model inference be hosted and executed: at the edge or in a centralized/cloud or local serving environment?,35.2,"Inference hardware selection: Selection of CPU, GPU, or FPGA resources for model inference.",accepted,other_question,It answers which compute hardware type should perform inference.,
Serving Platform and Hardware,Where should model inference be hosted and executed: at the edge or in a centralized/cloud or local serving environment?,35.3,"Target-platform resource configuration: Configuration of VM family, memory, cores, and related serving resources.",accepted,other_question,"It answers how serving resources such as VM size, memory, and cores should be configured.",
Serving Platform and Hardware,Where should model inference be hosted and executed: at the edge or in a centralized/cloud or local serving environment?,35.5,"Azure or local serving target: Deploy real-time model services to Azure Container Instance, Azure Kubernetes Service, or a local environment.",accepted,option,"It presents alternative hosting environments for real-time model services, including Azure or local deployment.",
Serving Platform and Hardware,Where should model inference be hosted and executed: at the edge or in a centralized/cloud or local serving environment?,35.6,Infrastructure hosting cost: Data-storage and server costs resulting from infrastructure and deployment architecture.,outcome,effect,It is a cost outcome resulting from infrastructure and deployment choices.,
Serving Platform and Hardware,Where should model inference be hosted and executed: at the edge or in a centralized/cloud or local serving environment?,35.7,"Container orchestration platform: Use Kubernetes, Fargate, or an equivalent orchestrator to run serving containers.",accepted,other_question,It answers which container orchestration platform should run serving containers.,
Serving Packaging and Runtime,Which deployment-package approach should be used to make model serving executable?,36.1,Dependency-defined serving environment: Packaging runtime dependencies required by the serving entry point and models.,accepted,other_question,"It answers how serving dependencies and the runtime environment should be specified, not which deployment-package approach to use.",
Serving Packaging and Runtime,Which deployment-package approach should be used to make model serving executable?,36.2,Model-serving entry script: Request-handling entry point that invokes models and returns prediction responses.,accepted,other_question,"It answers which request-handling entry point should be used, a separate serving-interface decision.",
Serving Packaging and Runtime,Which deployment-package approach should be used to make model serving executable?,36.3,Supplemental model-serving assets: Packaging of additional text or data assets required at serving time.,accepted,other_question,"It answers whether and how supplemental serving assets should be packaged, a separate asset-packaging decision.",
Serving Packaging and Runtime,Which deployment-package approach should be used to make model serving executable?,36.4,Machine-learning function abstraction: Packaging executable ML code as managed functions with injected runtime context.,accepted,other_question,"It answers which abstraction should represent executable ML code, rather than which deployment package should be used.",
Serving Packaging and Runtime,Which deployment-package approach should be used to make model serving executable?,36.5,Serverless ZIP packaging: Package serverless code and dependencies as a ZIP artifact with a single invocation entry point.,accepted,option,A ZIP artifact with an invocation entry point is an alternative deployment-package approach.,
Serving Packaging and Runtime,Which deployment-package approach should be used to make model serving executable?,36.6,"Deployment package configuration: Package model artifacts, dependencies, invocation code, and deployment configuration together.",accepted,option,"Bundling artifacts, dependencies, invocation code, and configuration is an alternative deployment-package approach.",
Serving Packaging and Runtime,Which deployment-package approach should be used to make model serving executable?,36.7,"Manifest-defined execution package: Package production execution through a manifest defining code configuration, dependencies, resources, and runtime baseline.",accepted,option,A manifest-defined execution package is an alternative deployment-package approach.,
Serving Packaging and Runtime,Which deployment-package approach should be used to make model serving executable?,36.8,"Wrapper-based runtime injection: Supply secrets, credentials, execution context, and parameters through the runtime wrapper rather than embedded code.",accepted,other_question,"It answers how runtime secrets and context should be injected, a separate runtime-configuration decision.",
Serving Packaging and Runtime,Which deployment-package approach should be used to make model serving executable?,36.9,Model-as-dependency packaging: Package a trained model inside an application as a conventional software dependency.,accepted,option,Treating the trained model as an application dependency is an alternative model-packaging approach.,
Serving Packaging and Runtime,Which deployment-package approach should be used to make model serving executable?,36.10,Microservice maintainability burden: Maintainability and readability costs resulting from extensive service decomposition.,outcome,effect,Maintainability burden is a consequence of extensive service decomposition.,
Serving Packaging and Runtime,Which deployment-package approach should be used to make model serving executable?,36.11,Monolithic dependency-change ripple: Change propagation across a shared codebase after a deeply nested dependency change.,outcome,effect,Dependency-change ripple is a consequence of shared monolithic dependency structure.,
Serving Packaging and Runtime,Which deployment-package approach should be used to make model serving executable?,36.12,Monolithic cognitive overhead: Debugging and extension effort caused by traversing a large shared codebase.,outcome,effect,Cognitive overhead is a consequence of navigating a large shared codebase.,
Serving Packaging and Runtime,Which deployment-package approach should be used to make model serving executable?,36.13,Serverless artifact-size constraint: Deployment artifact size limits constrain serverless packaging.,outcome,effect,Artifact-size constraints are a limitation resulting from serverless packaging.,
Serving Packaging and Runtime,Which deployment-package approach should be used to make model serving executable?,36.14,Reproducible software builds: Manage declared dependencies and environments to produce repeatable software builds.,outcome,goal,Reproducible builds describe a desired build property or engineering objective.,
Serving Packaging and Runtime,Which deployment-package approach should be used to make model serving executable?,36.15,Openscoring model serving: Serve trained models through the Openscoring serving mechanism.,accepted,other_question,"It answers which model-serving mechanism or product should be used, a separate serving-technology decision.",
ML Delivery Automation,"What degree and mechanism of automation should be used across the machine-learning delivery lifecycle, from experimentation and validation through deployment and operations?",7.1,"Manual RAD pipeline execution: Preparation, training, validation, and testing are performed manually with exploratory tools such as notebooks.",accepted,option,Manual execution is an alternative degree of ML delivery automation.,
ML Delivery Automation,"What degree and mechanism of automation should be used across the machine-learning delivery lifecycle, from experimentation and validation through deployment and operations?",7.2,Pull-request-triggered experiments: Code changes submitted through pull requests automatically launch experiment execution.,accepted,option,Pull-request-triggered execution is an automation mechanism for ML experiments.,
ML Delivery Automation,"What degree and mechanism of automation should be used across the machine-learning delivery lifecycle, from experimentation and validation through deployment and operations?",7.3,"Automated CI/CD pipeline: Code, data, models, and pipelines are automatically built, tested, and deployed.",accepted,option,Automated CI/CD is an alternative end-to-end delivery automation approach.,
ML Delivery Automation,"What degree and mechanism of automation should be used across the machine-learning delivery lifecycle, from experimentation and validation through deployment and operations?",7.4,"Event-triggered model deployment: Data, code, monitoring, messages, or calendar events trigger training and deployment workflows.",accepted,option,Event-triggered deployment is an alternative workflow-automation mechanism.,
ML Delivery Automation,"What degree and mechanism of automation should be used across the machine-learning delivery lifecycle, from experimentation and validation through deployment and operations?",7.5,"Interdependent-task orchestration: Feature engineering, training, and prediction tasks are scheduled and coordinated across compute infrastructure.",accepted,option,Task orchestration is an alternative way to automate ML workflow execution.,
ML Delivery Automation,"What degree and mechanism of automation should be used across the machine-learning delivery lifecycle, from experimentation and validation through deployment and operations?",7.6,"End-to-end MLOps automation: Integration, testing, release, deployment, infrastructure management, and training are automated as one lifecycle.",accepted,option,End-to-end MLOps automation is an alternative lifecycle automation approach.,
ML Delivery Automation,"What degree and mechanism of automation should be used across the machine-learning delivery lifecycle, from experimentation and validation through deployment and operations?",7.7,MLOps platform automation: An end-to-end platform automates technical tasks and reduces operational bottlenecks at scale.,accepted,option,A platform-automated MLOps approach is an alternative automation mechanism.,
ML Delivery Automation,"What degree and mechanism of automation should be used across the machine-learning delivery lifecycle, from experimentation and validation through deployment and operations?",7.8,"Hypothesis-driven experimentation: Short feedback cycles and explicit hypotheses guide experiments, learning, and backlog decisions.",accepted,other_question,This chooses an experimentation and learning methodology rather than delivery automation.,
ML Delivery Automation,"What degree and mechanism of automation should be used across the machine-learning delivery lifecycle, from experimentation and validation through deployment and operations?",7.9,Interactive development execution: Practitioners execute workflow steps interactively during early development before automation increases.,accepted,option,"Interactive execution is an alternative, lower-automation development mode.",
ML Delivery Automation,"What degree and mechanism of automation should be used across the machine-learning delivery lifecycle, from experimentation and validation through deployment and operations?",7.10,Continuous integration pipeline: An adopted continuous-integration pipeline supports implementation testing and delivery.,mixed,option,A continuous-integration pipeline is an automation choice for ML delivery.,
ML Delivery Automation,"What degree and mechanism of automation should be used across the machine-learning delivery lifecycle, from experimentation and validation through deployment and operations?",7.11,Continuous delivery pipeline: Model releases are automatically delivered through a continuous delivery process.,mixed,option,A continuous-delivery pipeline is an automation choice for model release.,
ML Delivery Automation,"What degree and mechanism of automation should be used across the machine-learning delivery lifecycle, from experimentation and validation through deployment and operations?",7.12,"Automated retraining-and-deployment pipeline: Pipeline automation that retrains, validates, and deploys models from offline development.",accepted,option,"Automated retraining, validation, and deployment is an ML lifecycle automation choice.",
ML Delivery Automation,"What degree and mechanism of automation should be used across the machine-learning delivery lifecycle, from experimentation and validation through deployment and operations?",7.13,Automated repeatable data preprocessing: Repeatable automated preprocessing within retraining and deployment workflows.,accepted,option,Automated repeatable preprocessing is an automation choice within delivery workflows.,
ML Delivery Automation,"What degree and mechanism of automation should be used across the machine-learning delivery lifecycle, from experimentation and validation through deployment and operations?",7.14,Standalone boxed AutoML: Adopt a packaged AutoML solution without embedding it in a broader data-science process.,mixed,other_question,"This chooses whether to adopt a packaged AutoML product, not delivery automation generally.",
ML Delivery Automation,"What degree and mechanism of automation should be used across the machine-learning delivery lifecycle, from experimentation and validation through deployment and operations?",7.15,CRISP-DM as insufficient for evolving ML: Use CRISP-DM alone as the process model for rapidly changing data-science work.,outcome,other_question,This chooses a process model rather than an automation mechanism.,
ML Delivery Automation,"What degree and mechanism of automation should be used across the machine-learning delivery lifecycle, from experimentation and validation through deployment and operations?",7.16,"Specialized-toolchain MLOps: Assemble multiple specialized tools across pipeline, deployment, monitoring, and orchestration activities.",accepted,option,A specialized toolchain is an alternative mechanism for automating MLOps activities.,
ML Delivery Automation,"What degree and mechanism of automation should be used across the machine-learning delivery lifecycle, from experimentation and validation through deployment and operations?",7.17,"ML process model: Adopt a structured process model with lifecycle activities, templates, guidelines, or implementation roadmaps.",accepted,other_question,This chooses a structured ML process model rather than delivery automation.,
ML Delivery Automation,"What degree and mechanism of automation should be used across the machine-learning delivery lifecycle, from experimentation and validation through deployment and operations?",7.18,Heavyweight Waterfall or V-Model process: Use a heavyweight sequential process for ML delivery.,mixed,other_question,This chooses a lifecycle governance or process model rather than automation.,
ML Delivery Automation,"What degree and mechanism of automation should be used across the machine-learning delivery lifecycle, from experimentation and validation through deployment and operations?",7.19,Manual model analysis: Perform model analysis manually before or between workflow iterations.,accepted,option,Manual model analysis represents an alternative degree of workflow automation.,
ML Delivery Automation,"What degree and mechanism of automation should be used across the machine-learning delivery lifecycle, from experimentation and validation through deployment and operations?",7.20,"Automated ML lifecycle management: Automate training, deployment, retraining, and related lifecycle operations to reduce manual effort.",mixed,option,Automated lifecycle management is an alternative ML delivery automation approach.,
ML Delivery Automation,"What degree and mechanism of automation should be used across the machine-learning delivery lifecycle, from experimentation and validation through deployment and operations?",7.22,Pipeline complexity from automated pre-deployment work: Added deployment-pipeline complexity resulting from automating training and validation steps.,outcome,effect,Pipeline complexity is a consequence of automating pre-deployment work.,
ML Delivery Automation,"What degree and mechanism of automation should be used across the machine-learning delivery lifecycle, from experimentation and validation through deployment and operations?",7.23,Single-command research-to-production delivery: A single command automates delivery from research through production deployment.,outcome,option,Single-command delivery is an alternative degree and mechanism of automation.,
ML Delivery Automation,"What degree and mechanism of automation should be used across the machine-learning delivery lifecycle, from experimentation and validation through deployment and operations?",7.24,Research-to-production lead time: The elapsed time required to transfer a model from research into production affects delivery automation.,outcome,effect,Research-to-production lead time is an outcome affected by delivery automation.,
ML Delivery Automation,"What degree and mechanism of automation should be used across the machine-learning delivery lifecycle, from experimentation and validation through deployment and operations?",7.25,Experimental-phase project attrition: Projects fail to progress from experimentation into operational production.,outcome,effect,Project attrition is a consequence associated with delivery process effectiveness.,
ML Delivery Automation,"What degree and mechanism of automation should be used across the machine-learning delivery lifecycle, from experimentation and validation through deployment and operations?",7.26,Human intervention burden: Frequent manual intervention remains necessary across a specialized-tool MLOps lifecycle.,outcome,effect,Human intervention burden is an operational consequence of the chosen automation approach.,
ML Delivery Automation,"What degree and mechanism of automation should be used across the machine-learning delivery lifecycle, from experimentation and validation through deployment and operations?",7.27,Lightweight data-science process: Use a lightweight process model for data-science work.,outcome,other_question,This chooses a data-science process weight rather than delivery automation.,
ML Delivery Automation,"What degree and mechanism of automation should be used across the machine-learning delivery lifecycle, from experimentation and validation through deployment and operations?",7.28,Extended productization effort: Productionizing ML artifacts requires substantially more time and multidisciplinary effort than initial creation.,outcome,effect,Extended productization effort is a cost or consequence of the delivery approach.,
ML Delivery Automation,"What degree and mechanism of automation should be used across the machine-learning delivery lifecycle, from experimentation and validation through deployment and operations?",7.29,"Faster experimentation and deployment: Reduce time required for ML experimentation, development, and production deployment.",outcome,goal,Faster experimentation and deployment is an objective for automation.,
ML Delivery Automation,"What degree and mechanism of automation should be used across the machine-learning delivery lifecycle, from experimentation and validation through deployment and operations?",7.30,Rolling serving upgrades: Update deployed ML services incrementally without downtime.,accepted,other_question,Rolling upgrades choose a deployment availability strategy rather than automation degree.,
ML Delivery Automation,"What degree and mechanism of automation should be used across the machine-learning delivery lifecycle, from experimentation and validation through deployment and operations?",7.31,Notebook execution without build and CI validation: Notebook execution bypasses build processing and server-enforced continuous-integration validation.,accepted,option,Bypassing build and CI validation is an alternative level of execution automation.,
Model Governance and Lineage,"How should ML models, code, data, metadata, versions, lifecycle stages, and deployment eligibility be governed and traced across their lifecycle?",8.2,"Model-code-data lineage: Relationships among models, training code, training data, and test data are tracked.",accepted,option,"Tracking model, code, training-data, and test-data relationships is a direct lineage-governance choice.",
Model Governance and Lineage,"How should ML models, code, data, metadata, versions, lifecycle stages, and deployment eligibility be governed and traced across their lifecycle?",8.3,Centralized model registry: Production candidates are published and managed in a central registry or hub.,accepted,option,Using a centralized model registry is an alternative governance and control mechanism.,
Model Governance and Lineage,"How should ML models, code, data, metadata, versions, lifecycle stages, and deployment eligibility be governed and traced across their lifecycle?",8.4,"Published-model metadata catalog: The registry records identifiers, locations, datasets, metrics, and system or business metadata.",accepted,option,Recording specified model metadata in a catalog is a direct metadata-governance choice.,
Model Governance and Lineage,"How should ML models, code, data, metadata, versions, lifecycle stages, and deployment eligibility be governed and traced across their lifecycle?",8.5,Model version tracking: Versions and their publication dates are recorded for change management.,accepted,option,Recording model versions and publication dates is a direct version-governance choice.,
Model Governance and Lineage,"How should ML models, code, data, metadata, versions, lifecycle stages, and deployment eligibility be governed and traced across their lifecycle?",8.6,"Lifecycle-stage promotion: Artifacts are explicitly marked for development, staging, production, or archival stages.",accepted,option,Marking artifacts by lifecycle stage is a direct promotion and eligibility-control choice.,
Model Governance and Lineage,"How should ML models, code, data, metadata, versions, lifecycle stages, and deployment eligibility be governed and traced across their lifecycle?",8.7,Governance and audit metadata: Registry records support auditability and regulatory requirements.,accepted,option,Maintaining governance and audit metadata is a direct auditability choice.,
Model Governance and Lineage,"How should ML models, code, data, metadata, versions, lifecycle stages, and deployment eligibility be governed and traced across their lifecycle?",8.10,"Version-chain responsibility pattern: Assign responsibility across linked model, code, data, and deployment versions throughout the lifecycle.",accepted,option,Assigning responsibility across linked artifact versions is a direct lineage-accountability choice.,
Model Governance and Lineage,"How should ML models, code, data, metadata, versions, lifecycle stages, and deployment eligibility be governed and traced across their lifecycle?",8.11,Source-controlled pipeline implementation: Keep pipeline and model implementation units in a source-code repository for controlled collaboration and reproducibility.,accepted,other_question,"Source-controlling implementation units answers how code and pipelines are managed, not primarily how lineage is governed.",
Model Governance and Lineage,"How should ML models, code, data, metadata, versions, lifecycle stages, and deployment eligibility be governed and traced across their lifecycle?",8.12,DVC-based data versioning: Using DVC or comparable tooling to version datasets and reproduce training experiments.,accepted,other_question,DVC-based dataset versioning answers which data-versioning and experiment-reproduction approach to use.,
Model Governance and Lineage,"How should ML models, code, data, metadata, versions, lifecycle stages, and deployment eligibility be governed and traced across their lifecycle?",8.13,Training-configuration recording: Recording training configurations so experiments can be reproduced across environments.,accepted,option,Recording training configurations is a metadata and provenance-control choice within lineage governance.,
Model Governance and Lineage,"How should ML models, code, data, metadata, versions, lifecycle stages, and deployment eligibility be governed and traced across their lifecycle?",8.14,Deterministic reproducible training: Training is designed to produce identical models from identical data and controlled randomness.,accepted,other_question,"Deterministic training answers how reproducibility is achieved, rather than how artifacts are governed or traced.",
Model Governance and Lineage,"How should ML models, code, data, metadata, versions, lifecycle stages, and deployment eligibility be governed and traced across their lifecycle?",8.16,Experiment lifecycle tracking platform: A platform records experiments and manages the machine-learning lifecycle between development and deployment.,accepted,other_question,"Selecting an experiment-lifecycle platform answers which platform manages ML work, a broader tooling decision.",
Model Governance and Lineage,"How should ML models, code, data, metadata, versions, lifecycle stages, and deployment eligibility be governed and traced across their lifecycle?",8.17,Pipeline design versioning: Preserve prior pipeline designs while iterating on new workflow versions.,accepted,other_question,"Preserving pipeline designs answers how workflow implementations are versioned, not the overall governance model.",
Model Governance and Lineage,"How should ML models, code, data, metadata, versions, lifecycle stages, and deployment eligibility be governed and traced across their lifecycle?",8.18,"Model management policy: Define a consistent policy for managing models, artifacts, versions, and business or regulatory requirements.",accepted,goal,A consistent model-management policy is an objective or governing principle rather than a concrete alternative.,
Model Governance and Lineage,"How should ML models, code, data, metadata, versions, lifecycle stages, and deployment eligibility be governed and traced across their lifecycle?",8.19,Enterprise architecture standards: Apply organization-wide architectural standards and guidelines as constraints on ML technology and implementation choices.,outcome,goal,Organization-wide architecture standards are constraints or principles guiding technology choices.,
Model Governance and Lineage,"How should ML models, code, data, metadata, versions, lifecycle stages, and deployment eligibility be governed and traced across their lifecycle?",8.20,Permissive open-source licensing: Permit open-source technology selection only when licensing meets permissive organizational requirements.,outcome,goal,Permissive licensing is an organizational requirement governing acceptable technology choices.,
Model Governance and Lineage,"How should ML models, code, data, metadata, versions, lifecycle stages, and deployment eligibility be governed and traced across their lifecycle?",8.21,"Artifact and dataset execution tracking: Record artifacts, datasets, and models used or produced during executable ML runs.",accepted,option,"Tracking artifacts, datasets, and models during execution is a direct provenance and lineage-control choice.",
Operational Monitoring Strategy,"How should deployed models be monitored, reviewed, and checked for operational health, quality, failures, and impact?",9.1,"End-to-end lifecycle monitoring: Models, infrastructure, and all ML construction and operation steps are monitored continuously.",accepted,option,It is an alternative for the scope and coverage of operational monitoring.,
Operational Monitoring Strategy,"How should deployed models be monitored, reviewed, and checked for operational health, quality, failures, and impact?",9.2,"Data-scientist-led monitoring: The model creator personally collects feedback, iterates, and supervises the model after deployment.",accepted,option,It is an alternative for who performs ongoing model monitoring and supervision.,
Operational Monitoring Strategy,"How should deployed models be monitored, reviewed, and checked for operational health, quality, failures, and impact?",9.3,Periodic model health checks: Teams revisit deployed models at regular intervals for basic health assessment.,accepted,option,It is an alternative based on scheduled model health assessments.,
Operational Monitoring Strategy,"How should deployed models be monitored, reviewed, and checked for operational health, quality, failures, and impact?",9.4,"User-reported issue detection: Users identify failures and problems, after which the team responds reactively.",accepted,option,It is an alternative based on reactive monitoring from user reports.,
Operational Monitoring Strategy,"How should deployed models be monitored, reviewed, and checked for operational health, quality, failures, and impact?",9.5,Custom monitoring dashboard: Important models use internally built dashboards for dedicated operational observation.,accepted,option,It is an alternative for implementing dedicated monitoring dashboards.,
Operational Monitoring Strategy,"How should deployed models be monitored, reviewed, and checked for operational health, quality, failures, and impact?",9.6,Failure-driven monitoring checks: Custom checks are added incrementally after operational failures occur.,accepted,option,It is an alternative for adding monitoring checks in response to failures.,
Operational Monitoring Strategy,"How should deployed models be monitored, reviewed, and checked for operational health, quality, failures, and impact?",9.7,Separated model and business KPI reporting: Operational model metrics and business KPI reports are maintained in separate views or silos.,accepted,option,It is an alternative for organizing model metrics and business-impact reporting.,
Operational Monitoring Strategy,"How should deployed models be monitored, reviewed, and checked for operational health, quality, failures, and impact?",9.8,Human review of uncertain predictions: Predictions below a confidence threshold are routed to human workers for review and updating.,accepted,option,It is an alternative that uses human review as part of prediction monitoring.,
Operational Monitoring Strategy,"How should deployed models be monitored, reviewed, and checked for operational health, quality, failures, and impact?",9.9,Active model performance monitoring: The source explicitly rejected active model-performance monitoring as the selected monitoring approach.,rejected,option,It is a rejected alternative for actively monitoring model performance.,
Operational Monitoring Strategy,"How should deployed models be monitored, reviewed, and checked for operational health, quality, failures, and impact?",9.10,Training-serving data drift monitoring: Monitor divergence between training data or features and those observed during production serving.,accepted,option,It is an alternative for monitoring training-serving data divergence.,
Operational Monitoring Strategy,"How should deployed models be monitored, reviewed, and checked for operational health, quality, failures, and impact?",9.11,Below-threshold human review loop: Route predictions below a confidence or quality threshold to human review before accepting the result.,accepted,option,It is an alternative that routes uncertain predictions into human review.,
Operational Monitoring Strategy,"How should deployed models be monitored, reviewed, and checked for operational health, quality, failures, and impact?",9.13,"Prediction logging: Whether predictions and their inputs are logged for replay, validation, and optimization.",accepted,option,It is an alternative involving logging predictions and inputs for operational observation.,
Operational Monitoring Strategy,"How should deployed models be monitored, reviewed, and checked for operational health, quality, failures, and impact?",9.15,Half-blind input-output monitoring: Monitoring inputs and predictions before ground truth or business outcomes are immediately available.,accepted,option,It is an alternative for monitoring before ground-truth outcomes are available.,
Operational Monitoring Strategy,"How should deployed models be monitored, reviewed, and checked for operational health, quality, failures, and impact?",9.17,Product-feature compensation for model flaws: Changing product features to mitigate known model weaknesses or population-specific failures.,accepted,other_question,It concerns product remediation for model weaknesses rather than how models are monitored.,
Operational Monitoring Strategy,"How should deployed models be monitored, reviewed, and checked for operational health, quality, failures, and impact?",9.18,Automated model adjustment: Operationally automated changes maintain or improve a deployed model after delivery.,accepted,other_question,It concerns automated model adaptation or maintenance rather than monitoring itself.,
Operational Monitoring Strategy,"How should deployed models be monitored, reviewed, and checked for operational health, quality, failures, and impact?",9.19,Live-data performance monitoring: Production performance statistics from live data support operational decisions and retraining.,accepted,option,It is an alternative for using live production performance statistics in monitoring.,
Operational Monitoring Strategy,"How should deployed models be monitored, reviewed, and checked for operational health, quality, failures, and impact?",9.20,Pipeline dependency-change monitoring: Monitoring detects dependency changes across the complete machine-learning pipeline.,accepted,option,It is an alternative for monitoring dependency changes across the ML pipeline.,
Operational Monitoring Strategy,"How should deployed models be monitored, reviewed, and checked for operational health, quality, failures, and impact?",9.21,Training-serving input schema monitoring: Monitoring alerts when production inputs violate the schema established during training.,accepted,option,It is an alternative for monitoring production input-schema violations.,
Operational Monitoring Strategy,"How should deployed models be monitored, reviewed, and checked for operational health, quality, failures, and impact?",9.22,Alert-threshold tuning: Alert thresholds are tuned to keep monitoring signals useful and credible.,accepted,option,It is an alternative concerning how monitoring alert thresholds are configured.,
Operational Monitoring Strategy,"How should deployed models be monitored, reviewed, and checked for operational health, quality, failures, and impact?",9.23,Numerical and computational stability alerting: Monitoring alerts on numerical invalidity and dramatic or gradual computational regressions.,accepted,option,It is an alternative for monitoring numerical and computational stability.,
Operational Monitoring Strategy,"How should deployed models be monitored, reviewed, and checked for operational health, quality, failures, and impact?",9.24,"Lifecycle event alerting: Alert on experiment, registration, deployment, and drift events during the model lifecycle.",accepted,option,It is an alternative for alerting on key events throughout the model lifecycle.,
Operational Monitoring Strategy,"How should deployed models be monitored, reviewed, and checked for operational health, quality, failures, and impact?",9.25,Distinct ML monitoring domain: Treat monitoring of model behavior and impact as a specialized operational discipline distinct from general software monitoring.,accepted,option,It is an alternative for defining model monitoring as a specialized operational discipline.,
Operational Monitoring Strategy,"How should deployed models be monitored, reviewed, and checked for operational health, quality, failures, and impact?",9.26,"Cross-functional monitoring responsibility: Assign model monitoring responsibility across technical, business, support, and other affected stakeholders.",accepted,option,It is an alternative for distributing monitoring responsibility across stakeholders.,
Operational Monitoring Strategy,"How should deployed models be monitored, reviewed, and checked for operational health, quality, failures, and impact?",9.27,Software-metrics-only monitoring: Rely exclusively on software metrics to monitor a production model.,rejected,option,It is a rejected alternative that limits monitoring to software metrics.,
Operational Monitoring Strategy,"How should deployed models be monitored, reviewed, and checked for operational health, quality, failures, and impact?",9.28,Business-KPI-only monitoring: Wait exclusively for downstream product or business KPIs to monitor model behavior.,rejected,option,It is a rejected alternative that limits monitoring to downstream business KPIs.,
Operational Monitoring Strategy,"How should deployed models be monitored, reviewed, and checked for operational health, quality, failures, and impact?",9.30,"Partial monitoring coverage: Only a minority of deployed models receive monitoring, leaving substantial operational blind spots.",outcome,effect,It describes incomplete monitoring coverage as an operational result.,
Operational Monitoring Strategy,"How should deployed models be monitored, reviewed, and checked for operational health, quality, failures, and impact?",9.31,Model degradation: Changing real-world data causes predictive performance to decline over time.,outcome,effect,It describes predictive performance decline as a consequence over time.,
Operational Monitoring Strategy,"How should deployed models be monitored, reviewed, and checked for operational health, quality, failures, and impact?",9.32,Feedback-loop bias amplification: Optimizing the wrong objective can bias collected data and amplify bias through subsequent retraining.,outcome,effect,It describes bias amplification as a consequence of feedback and optimization choices.,
Operational Monitoring Strategy,"How should deployed models be monitored, reviewed, and checked for operational health, quality, failures, and impact?",9.33,Silent model failure: Harmful or incorrect predictions that appear operationally successful and evade ordinary outage detection.,outcome,effect,It describes harmful predictions evading detection as an operational failure outcome.,
Operational Monitoring Strategy,"How should deployed models be monitored, reviewed, and checked for operational health, quality, failures, and impact?",9.34,Delayed business-outcome failure detection: Failure detection delayed until customer outcomes or business KPIs become observable.,outcome,effect,It describes delayed detection of failures as an outcome.,
Operational Monitoring Strategy,"How should deployed models be monitored, reviewed, and checked for operational health, quality, failures, and impact?",9.35,"Performance degradation from data drift: Model performance decline caused by changing production data profiles, sensors, seasons, or feature relationships.",outcome,effect,It describes performance decline caused by data drift as an outcome.,
Operational Monitoring Strategy,"How should deployed models be monitored, reviewed, and checked for operational health, quality, failures, and impact?",9.36,"Enterprise adoption difficulty: Production adoption may remain difficult despite deployment, requiring organizational and operational support.",outcome,effect,It describes difficulty adopting models in production as an organizational consequence.,
Operational Monitoring Strategy,"How should deployed models be monitored, reviewed, and checked for operational health, quality, failures, and impact?",9.37,Absence of model-drift violation: Observed distributional distance remains below the configured drift threshold.,outcome,effect,It describes an observed drift result relative to a configured threshold.,
Operational Monitoring Strategy,"How should deployed models be monitored, reviewed, and checked for operational health, quality, failures, and impact?",9.38,Prediction-confidence distribution: Operational results distribute predictions across high-confidence and indeterminate confidence bands.,outcome,effect,It describes the observed distribution of prediction-confidence results.,
ML Infrastructure Placement,"Where should ML capabilities and protected-data development environments run, and what hosting/access arrangement should be used to satisfy security constraints?",37.1,Hybrid cloud and on-premises infrastructure: Cloud services coexist with on-premises systems to accommodate sensitive workloads and existing infrastructure.,accepted,option,It is an alternative deployment topology combining cloud and on-premises infrastructure.,
ML Infrastructure Placement,"Where should ML capabilities and protected-data development environments run, and what hosting/access arrangement should be used to satisfy security constraints?",37.2,On-premises sensitive-data retention: Private or sensitive data remains on company-controlled servers to reduce exposure risk.,accepted,option,It is a choice to place sensitive data on company-controlled infrastructure.,
ML Infrastructure Placement,"Where should ML capabilities and protected-data development environments run, and what hosting/access arrangement should be used to satisfy security constraints?",37.4,"Computation-resource abstraction: Separating ML code from the cluster, distributed engine, or runtime executing it.",accepted,other_question,It addresses execution and runtime abstraction rather than infrastructure placement or access location.,
ML Infrastructure Placement,"Where should ML capabilities and protected-data development environments run, and what hosting/access arrangement should be used to satisfy security constraints?",37.5,Organizational workflow reorganization: Reworking organizational workflows and processes to enable machine-learning adoption.,outcome,other_question,It is an organizational process decision about enabling ML adoption.,
ML Infrastructure Placement,"Where should ML capabilities and protected-data development environments run, and what hosting/access arrangement should be used to satisfy security constraints?",37.6,Direct underlying-data access: Allowing direct access to underlying data was explicitly rejected as an infrastructure access approach.,rejected,option,It is a rejected alternative for how development accesses protected underlying data.,
ML Infrastructure Placement,"Where should ML capabilities and protected-data development environments run, and what hosting/access arrangement should be used to satisfy security constraints?",37.8,Custom-built MLOps infrastructure: Build and maintain an organization-specific MLOps tool ecosystem in-house.,accepted,other_question,It addresses whether MLOps tooling is built internally rather than where ML capabilities run.,
ML Infrastructure Placement,"Where should ML capabilities and protected-data development environments run, and what hosting/access arrangement should be used to satisfy security constraints?",37.9,Managed cloud MLOps platform: Adopt a fully managed cloud platform spanning substantial portions of model development and operations.,accepted,other_question,It addresses adoption of a managed MLOps operating model rather than placement alone.,
ML Infrastructure Placement,"Where should ML capabilities and protected-data development environments run, and what hosting/access arrangement should be used to satisfy security constraints?",37.10,Pre-built MLOps pipeline components: Assemble MLOps workflows from pre-built components and templates supplied by a platform.,accepted,other_question,It addresses the composition of MLOps workflows from reusable components.,
ML Infrastructure Placement,"Where should ML capabilities and protected-data development environments run, and what hosting/access arrangement should be used to satisfy security constraints?",37.11,Hybrid MLOps infrastructure: Combine internally built and externally managed infrastructure components for MLOps.,accepted,other_question,It addresses the sourcing and management model for MLOps infrastructure.,
ML Infrastructure Placement,"Where should ML capabilities and protected-data development environments run, and what hosting/access arrangement should be used to satisfy security constraints?",37.12,Hybrid infrastructure management complexity: Operating cloud and on-premises environments together creates additional management complexity.,outcome,effect,It is a management consequence of combining cloud and on-premises environments.,
ML Infrastructure Placement,"Where should ML capabilities and protected-data development environments run, and what hosting/access arrangement should be used to satisfy security constraints?",37.13,Sensitive-data exposure risk: A vulnerability affecting private data can have catastrophic consequences and motivates infrastructure isolation.,outcome,effect,It describes a security risk resulting from exposure of sensitive data.,
ML Infrastructure Placement,"Where should ML capabilities and protected-data development environments run, and what hosting/access arrangement should be used to satisfy security constraints?",37.14,On-premises infrastructure reliability failures: Reliability problems arising from operating infrastructure on premises.,outcome,effect,It describes reliability problems that can result from on-premises operation.,
ML Infrastructure Placement,"Where should ML capabilities and protected-data development environments run, and what hosting/access arrangement should be used to satisfy security constraints?",37.15,Specialized compute and storage access gaps: Limited access to specialized infrastructure resources under self-managed deployment.,outcome,effect,It describes resource-access limitations resulting from self-managed deployment.,
ML Infrastructure Placement,"Where should ML capabilities and protected-data development environments run, and what hosting/access arrangement should be used to satisfy security constraints?",37.16,Infrastructure-specific skills gap: Additional specialist skills required to operate self-managed infrastructure.,outcome,effect,It describes the specialist-skills burden associated with self-managed infrastructure.,
ML Infrastructure Placement,"Where should ML capabilities and protected-data development environments run, and what hosting/access arrangement should be used to satisfy security constraints?",37.17,Infrastructure management diversion from model R&D: Operational infrastructure work displaces attention from model research and data collection.,outcome,effect,It describes engineering effort diverted from model research and data collection.,
ML Infrastructure Placement,"Where should ML capabilities and protected-data development environments run, and what hosting/access arrangement should be used to satisfy security constraints?",37.18,Managed platform flexibility and scalability: Flexibility and scalability resulting from using a fully managed platform.,outcome,effect,It describes flexibility and scalability resulting from managed platforms.,
ML Infrastructure Placement,"Where should ML capabilities and protected-data development environments run, and what hosting/access arrangement should be used to satisfy security constraints?",37.19,"Managed platform compliance and security exposure: Compliance, regulatory, and security concerns introduced by managed-platform use.",outcome,effect,It describes compliance and security exposure resulting from managed-platform use.,
ML Infrastructure Placement,"Where should ML capabilities and protected-data development environments run, and what hosting/access arrangement should be used to satisfy security constraints?",37.20,Cloud-based ML infrastructure: Running ML infrastructure in cloud environments rather than only self-managed local systems.,outcome,option,It is an alternative choice to run ML infrastructure in cloud environments.,
ML Infrastructure Placement,"Where should ML capabilities and protected-data development environments run, and what hosting/access arrangement should be used to satisfy security constraints?",37.21,"ML infrastructure maintenance burden: Building, updating, and operating in-house ML infrastructure consumes substantial engineering effort.",outcome,effect,It describes the engineering-maintenance burden of in-house infrastructure.,
ML Infrastructure Placement,"Where should ML capabilities and protected-data development environments run, and what hosting/access arrangement should be used to satisfy security constraints?",37.22,Cloud-hosted notebook execution: Using cloud-hosted notebook execution was explicitly rejected in favor of the selected execution arrangement.,mixed,option,"It represents a choice of cloud-hosted notebook execution, even though that choice was rejected.",
ML Infrastructure Placement,"Where should ML capabilities and protected-data development environments run, and what hosting/access arrangement should be used to satisfy security constraints?",37.23,Local-machine data access: Develop by accessing protected data directly from a local machine.,rejected,option,It is a rejected alternative for accessing protected data from a local machine.,
ML Infrastructure Placement,"Where should ML capabilities and protected-data development environments run, and what hosting/access arrangement should be used to satisfy security constraints?",37.24,Secure VM-hosted IDE development: Use a secure virtual machine and IDE for protected-data development.,accepted,option,It is an alternative secure hosting arrangement for protected-data development.,
ML Development Environment,What primary development environment and tooling approach should support ML implementation and experimentation?,38.1,Enterprise-standard RStudio platform: An organization mandates RStudio Server as the standard data-science development platform.,accepted,option,RStudio Server is an alternative organizational development platform.,
ML Development Environment,What primary development environment and tooling approach should support ML implementation and experimentation?,38.2,Mandatory R-language constraint: Organizational guidelines require data-science projects to use R.,accepted,other_question,This answers which programming language organizational projects should use.,
ML Development Environment,What primary development environment and tooling approach should support ML implementation and experimentation?,38.3,Notebook-based prototyping: Data scientists prototype with notebooks despite an enterprise-provided platform.,mixed,option,Notebook-based prototyping is an alternative development workflow.,
ML Development Environment,What primary development environment and tooling approach should support ML implementation and experimentation?,38.5,Notebook production pipeline: Using notebooks as the production pipeline was explicitly rejected.,mixed,other_question,This answers whether notebooks should serve as production pipelines.,
ML Development Environment,What primary development environment and tooling approach should support ML implementation and experimentation?,38.6,Multi-language implementation support: Use infrastructure that permits services or ML components to be implemented in multiple programming languages.,mixed,other_question,This answers whether implementation should support multiple programming languages.,
ML Development Environment,What primary development environment and tooling approach should support ML implementation and experimentation?,38.7,Visual low-code/no-code ML tooling: Use of visual tools instead of conventional code-centered ML development.,accepted,option,Visual low-code or no-code tooling is an alternative ML development approach.,
ML Development Environment,What primary development environment and tooling approach should support ML implementation and experimentation?,38.9,Uncontainerized notebook runtime: Research notebooks run without container isolation from production environments.,accepted,option,Running notebooks without container isolation is an alternative runtime-environment choice.,
ML Development Environment,What primary development environment and tooling approach should support ML implementation and experimentation?,38.11,Python implementation language: Python is selected as the primary implementation language for machine learning and data science.,accepted,other_question,This answers which implementation language should be selected.,
ML Development Environment,What primary development environment and tooling approach should support ML implementation and experimentation?,38.12,"JSON-file notebook representation: Represent notebooks as large JSON documents, affecting collaboration and versioning.",mixed,other_question,This answers how notebook documents should be represented and versioned.,
ML Development Environment,What primary development environment and tooling approach should support ML implementation and experimentation?,38.15,"Replicable IDE code development: Use an IDE setup that supports proper, repeatable code and results.",accepted,option,A repeatable IDE-based code setup is an alternative development environment.,
ML Development Environment,What primary development environment and tooling approach should support ML implementation and experimentation?,38.16,Notebook cell SQL execution: Execute SQL directly through notebook cell integrations.,mixed,other_question,This answers how SQL should be executed within notebooks.,
ML Development Environment,What primary development environment and tooling approach should support ML implementation and experimentation?,38.17,Generic query-generation function: Generate related queries through a reusable function parameterized by changing elements.,accepted,other_question,This answers how related queries should be generated and structured.,
ML Development Environment,What primary development environment and tooling approach should support ML implementation and experimentation?,38.18,Notebook execution-state caching: Cache executed cell results and variables for reuse across notebook cells.,accepted,other_question,This answers how notebook execution state should be cached.,
ML Development Environment,What primary development environment and tooling approach should support ML implementation and experimentation?,38.19,Explicit notebook cache invalidation: Clear cached state or rerun defining cells to invalidate notebook results.,accepted,other_question,This answers how notebook cache invalidation should be managed.,
ML Development Environment,What primary development environment and tooling approach should support ML implementation and experimentation?,38.20,PyCharm data-science editor: Use an IDE such as PyCharm as the primary environment for editing data-science code.,accepted,option,PyCharm is an alternative primary IDE for data-science development.,
ML Development Environment,What primary development environment and tooling approach should support ML implementation and experimentation?,38.21,Server-side notebook hosting: Host notebooks on servers to protect sensitive data and centralize execution.,mixed,option,Server-side notebook hosting is an alternative execution environment.,
ML Development Environment,What primary development environment and tooling approach should support ML implementation and experimentation?,38.22,Notebook showcasing and exploratory workflow: Use interactive notebooks for presenting results and conducting exploratory data analysis.,accepted,option,Interactive notebooks are an alternative environment for exploration and presentation.,
ML Development Environment,What primary development environment and tooling approach should support ML implementation and experimentation?,38.23,"Notebook code-quality and testing burden: Notebook-centered development creates difficulty with linting, function structure, and automated testing.",outcome,effect,Notebook-centered development produces code-quality and testing difficulties.,
ML Development Environment,What primary development environment and tooling approach should support ML implementation and experimentation?,38.24,Technology-dependent maintenance and expert availability burden: Maintenance difficulty and staffing constraints resulting from selected languages and technologies.,outcome,effect,Technology selections can create maintenance and staffing burdens.,
ML Development Environment,What primary development environment and tooling approach should support ML implementation and experimentation?,38.25,Research-production numerical divergence: Dependency differences cause numerical calculations to differ between research and production.,outcome,effect,Dependency differences can cause numerical divergence between research and production.,
ML Development Environment,What primary development environment and tooling approach should support ML implementation and experimentation?,38.26,Non-reproducible local notebook results: Local dependency and caching differences produce different notebook results across machines.,outcome,effect,Local dependency and caching differences can produce non-reproducible results.,
ML Development Environment,What primary development environment and tooling approach should support ML implementation and experimentation?,38.27,Data value realization: Business value sought from collected data and enabled by organizational ML capabilities.,outcome,goal,Realizing value from data is an organizational objective.,
ML Development Environment,What primary development environment and tooling approach should support ML implementation and experimentation?,38.28,Notebook merge difficulty: Difficulty merging collaboratively edited notebooks because of their document representation.,outcome,effect,Notebook document representation can make collaborative merging difficult.,
ML Development Environment,What primary development environment and tooling approach should support ML implementation and experimentation?,38.29,Notebook review-workflow gap: Difficulty applying pull requests and software review practices to collaborative notebooks.,outcome,effect,Notebook collaboration can create gaps in review and pull-request workflows.,
ML Development Environment,What primary development environment and tooling approach should support ML implementation and experimentation?,38.30,Lowered data-science entry barriers: Notebook environments make data science more accessible by reducing barriers to entry.,outcome,effect,Notebook environments can lower barriers to data-science participation.,
ML Development Environment,What primary development environment and tooling approach should support ML implementation and experimentation?,38.31,Duplicated credential management: Maintain access credentials separately across notebooks.,outcome,effect,Notebook use can cause credentials to be managed redundantly.,
ML Development Environment,What primary development environment and tooling approach should support ML implementation and experimentation?,38.32,"Noncanonical dataset definition: Lack a reusable canonical representation of a dataset, requiring copied query definitions.",outcome,effect,Notebook practices can result in noncanonical dataset definitions.,
ML Development Environment,What primary development environment and tooling approach should support ML implementation and experimentation?,38.33,"Untracked notebook accumulation: Accumulate notebooks whose purpose, history, and version relationships are unclear.",outcome,effect,Notebook-centered work can produce unclear and untracked notebook accumulation.,
ML Development Environment,What primary development environment and tooling approach should support ML implementation and experimentation?,38.34,"IDE productivity improvement: Improve development speed, code quality, and production delivery through IDE-supported work.",outcome,effect,IDE-supported development can improve productivity and delivery.,
ML Development Environment,What primary development environment and tooling approach should support ML implementation and experimentation?,38.35,Duplicated notebook queries: Repeated notebook query cells create duplicated query code.,outcome,effect,Notebook workflows can duplicate query code.,
ML Development Environment,What primary development environment and tooling approach should support ML implementation and experimentation?,38.36,"Avoided repeated notebook computation: Avoid repeated expensive training, retrieval, or database computation through cached results.",outcome,effect,Caching can avoid repeated expensive computation.,
ML Development Environment,What primary development environment and tooling approach should support ML implementation and experimentation?,38.37,Stale notebook state risk: Retained notebook state can expose obsolete data or model results.,outcome,effect,Retained notebook state creates a risk of using stale results.,
ML Development Environment,What primary development environment and tooling approach should support ML implementation and experimentation?,38.38,"Procedural notebook workflow: Develop notebook work as sequential procedural steps, with associated maintainability consequences.",outcome,other_question,This answers how notebook work should be organized procedurally.,
ML Development Environment,What primary development environment and tooling approach should support ML implementation and experimentation?,38.39,Scikit-learn model-building framework: Build models using the scikit-learn framework.,accepted,other_question,This answers which ML model-building framework should be used.,
ML Development Environment,What primary development environment and tooling approach should support ML implementation and experimentation?,38.40,Machine-local dependency installation: Notebook dependencies are installed only on an individual developer machine.,accepted,option,Machine-local dependency installation is an alternative environment-management approach.,
Model Artifact Representation,"How should trained models be represented and packaged for storage, exchange, and deployment, including their portability and included components?",13.1,"Framework-specific model serialization: Models are stored in formats native to their training framework, such as pickle, MOJO, Protocol Buffers, TorchScript, HDF5, or MLeap.",accepted,option,Framework-specific serialization is an alternative model packaging and representation choice.,
Model Artifact Representation,"How should trained models be represented and packaged for storage, exchange, and deployment, including their portability and included components?",13.2,Language-agnostic exchange format: Models are exchanged and served through a framework-independent format such as PMML.,accepted,option,A language-agnostic exchange format is an alternative portability and representation choice.,
Model Artifact Representation,"How should trained models be represented and packaged for storage, exchange, and deployment, including their portability and included components?",13.3,Platform-specific model format conversion: Models are converted into a target platform format for embedded or platform-bound deployment.,accepted,option,Converting to a platform-specific format is an alternative deployment packaging choice.,
Model Artifact Representation,"How should trained models be represented and packaged for storage, exchange, and deployment, including their portability and included components?",13.4,Vendor-specific model exchange format: Distribute models using an exchange format tied to a particular vendor ecosystem.,accepted,option,A vendor-specific exchange format is an alternative model distribution choice.,
Model Artifact Representation,"How should trained models be represented and packaged for storage, exchange, and deployment, including their portability and included components?",13.5,Independent executable model asset: Package a model as an executable asset that can run outside its training environment.,accepted,option,An executable model asset is an alternative packaging and deployment choice.,
Model Artifact Representation,"How should trained models be represented and packaged for storage, exchange, and deployment, including their portability and included components?",13.6,Model-code-and-parameter co-management burden: Amalgamated model packages require exported code and parameters to be managed together.,outcome,effect,Co-managing model code and parameters is a burden resulting from packaging choices.,
Model Artifact Representation,"How should trained models be represented and packaged for storage, exchange, and deployment, including their portability and included components?",13.7,Self-contained model artifacts: Artifacts contain the preprocessing and prediction components required to generate results.,accepted,option,Including preprocessing and prediction components is an alternative choice about artifact completeness.,
Data Storage Architecture,"Which storage architecture should hold ML and analytics data, including its storage medium, technology family, storage role, and data model?",16.1,"Distributed storage medium: Use physical, in-memory, or distributed virtual-file storage according to pipeline characteristics and system requirements.",accepted,option,"It selects the physical, in-memory, or distributed storage medium.",
Data Storage Architecture,"Which storage architecture should hold ML and analytics data, including its storage medium, technology family, storage role, and data model?",16.2,"Database technology family: Choose relational, NoSQL, or NewSQL technology based on data model, queries, and CAP-related requirements.",accepted,option,It selects the database technology family used for storage.,
Data Storage Architecture,"Which storage architecture should hold ML and analytics data, including its storage medium, technology family, storage role, and data model?",16.3,"Analytical or transactional storage role: Assign data to operational stores, warehouses, lakes, marts, OLTP, OLAP, or related storage roles.",accepted,option,It selects the operational or analytical role assigned to storage.,
Data Storage Architecture,"Which storage architecture should hold ML and analytics data, including its storage medium, technology family, storage role, and data model?",16.4,"Schema and data model: Represent data with relational, key-value, document, wide-column, graph, star, snowflake, or cube models.",accepted,option,It selects the schema or data model used to represent stored data.,
Data Storage Architecture,"Which storage architecture should hold ML and analytics data, including its storage medium, technology family, storage role, and data model?",16.5,Warehouse-centered platform storage: Consolidate raw and external data in a persistent warehouse serving downstream BI and data-science consumers.,accepted,option,It selects a warehouse-centered platform architecture for storing and serving data.,
Data Storage Architecture,"Which storage architecture should hold ML and analytics data, including its storage medium, technology family, storage role, and data model?",16.6,Columnar or NoSQL logging store: Use of slower columnar or NoSQL storage for retained prediction and input logs.,accepted,option,It selects a columnar or NoSQL storage technology for retained logs.,
Data Storage Architecture,"Which storage architecture should hold ML and analytics data, including its storage medium, technology family, storage role, and data model?",16.9,"Analytics outcome type: Selection among descriptive, predictive, prescriptive, and business-intelligence analytics goals.",outcome,other_question,It chooses an analytics objective rather than a storage architecture.,
Data Storage Architecture,"Which storage architecture should hold ML and analytics data, including its storage medium, technology family, storage role, and data model?",16.10,"Business-intelligence tool usage: Use of analyst-oriented tools for querying, visualization, and business analysis.",accepted,other_question,It chooses whether to use business-intelligence tools rather than how data is stored.,
Data Storage Architecture,"Which storage architecture should hold ML and analytics data, including its storage medium, technology family, storage role, and data model?",16.11,Relational historical-data storage: Store historical data in a relational database technology such as Db2.,accepted,option,It selects relational database storage for historical data.,
Data Storage Architecture,"Which storage architecture should hold ML and analytics data, including its storage medium, technology family, storage role, and data model?",16.12,Star-schema analytical transformation: Transform analytical data into a denormalized star schema during ETL.,accepted,other_question,It chooses an ETL transformation and schema-design approach rather than the storage architecture itself.,
Data Storage Architecture,"Which storage architecture should hold ML and analytics data, including its storage medium, technology family, storage role, and data model?",16.13,Complete online-learning data logging: Whether all incoming online-learning data is retained for offline analysis and replay.,accepted,other_question,It chooses a data-retention policy for online-learning inputs.,
Data Storage Architecture,"Which storage architecture should hold ML and analytics data, including its storage medium, technology family, storage role, and data model?",16.14,Deferred persistence of logged data: Whether operational logs may be persisted later when immediate durability is unnecessary.,accepted,other_question,"It chooses when logged data must be persisted, which is a durability policy.",
Data Storage Architecture,"Which storage architecture should hold ML and analytics data, including its storage medium, technology family, storage role, and data model?",16.15,"Centralized consistent storage: Accessible data is retained in a consistent structure, ideally in one centralized location.",mixed,goal,It states a consistency and centralization principle for accessible data.,
