dimension,question,value_id,value,status,kind,reason,human
Data Ingestion Approach,How should raw data or features be acquired and brought into the ML workflow?,39.1,External-source ingestion: Features are collected from systems or sources outside the ML pipeline.,accepted,option,Choosing external systems or sources is an alternative acquisition approach.,
Data Ingestion Approach,How should raw data or features be acquired and brought into the ML workflow?,39.2,"ETL-based ingestion: Batch-oriented extract, transform, and load processes bring features into the workflow.",accepted,option,Choosing batch ETL is an alternative ingestion-processing approach.,
Data Ingestion Approach,How should raw data or features be acquired and brought into the ML workflow?,39.3,Streaming ingestion: Features enter the workflow continuously through streaming mechanisms.,accepted,option,Choosing continuous streaming is an alternative data-transport approach.,
Data Ingestion Approach,How should raw data or features be acquired and brought into the ML workflow?,39.4,Additional-data feedback loop: Insufficient data sends the workflow back to ingestion to acquire useful additional information.,accepted,other_question,"This addresses when to loop back for more data, a feedback-control decision rather than the ingestion approach itself.",
Data Storage Architecture,Which storage architecture should be selected to hold ML and analytics data?,16.1,"Distributed storage medium: Use physical, in-memory, or distributed virtual-file storage according to pipeline characteristics and system requirements.",accepted,option,It directly proposes alternative storage-medium architectures for holding the data.,
Data Storage Architecture,Which storage architecture should be selected to hold ML and analytics data?,16.2,"Database technology family: Choose relational, NoSQL, or NewSQL technology based on data model, queries, and CAP-related requirements.",accepted,other_question,"It answers which database technology family to use, a distinct technology-selection question.",
Data Storage Architecture,Which storage architecture should be selected to hold ML and analytics data?,16.3,"Analytical or transactional storage role: Assign data to operational stores, warehouses, lakes, marts, OLTP, OLAP, or related storage roles.",accepted,other_question,"It answers which storage role or workload placement to use, rather than the storage architecture itself.",
Data Storage Architecture,Which storage architecture should be selected to hold ML and analytics data?,16.4,"Schema and data model: Represent data with relational, key-value, document, wide-column, graph, star, snowflake, or cube models.",accepted,other_question,"It answers which schema or data model to use, a distinct data-modeling question.",
Data Storage Architecture,Which storage architecture should be selected to hold ML and analytics data?,16.5,Warehouse-centered platform storage: Consolidate raw and external data in a persistent warehouse serving downstream BI and data-science consumers.,accepted,option,It proposes a warehouse-centered platform as a storage architecture for the data.,
Data Storage Architecture,Which storage architecture should be selected to hold ML and analytics data?,16.6,Columnar or NoSQL logging store: Use of slower columnar or NoSQL storage for retained prediction and input logs.,accepted,option,It proposes a columnar or NoSQL store for retaining logs.,
Data Storage Architecture,Which storage architecture should be selected to hold ML and analytics data?,16.7,Distributed parallel analytics processing: Distributed and parallel querying or processing for analytical workloads.,accepted,other_question,"It answers how analytical processing should be distributed and parallelized, not where data is stored.",
Data Storage Architecture,Which storage architecture should be selected to hold ML and analytics data?,16.8,Data access and query technology: Selection of languages and tools used to retrieve and process stored data.,accepted,other_question,It answers which data-access and query technologies to use.,
Data Storage Architecture,Which storage architecture should be selected to hold ML and analytics data?,16.9,"Analytics outcome type: Selection among descriptive, predictive, prescriptive, and business-intelligence analytics goals.",accepted,other_question,"It answers what analytics outcomes are desired, which is a goals question.",
Data Storage Architecture,Which storage architecture should be selected to hold ML and analytics data?,16.10,"Business-intelligence tool usage: Use of analyst-oriented tools for querying, visualization, and business analysis.",accepted,other_question,It answers whether and how analyst-oriented BI tools should be used.,
Data Storage Architecture,Which storage architecture should be selected to hold ML and analytics data?,16.11,Relational historical-data storage: Store historical data in a relational database technology such as Db2.,accepted,option,It proposes relational storage for historical data as a concrete storage architecture choice.,
Data Storage Architecture,Which storage architecture should be selected to hold ML and analytics data?,16.12,Star-schema analytical transformation: Transform analytical data into a denormalized star schema during ETL.,accepted,other_question,It answers how analytical data should be transformed into a schema during ETL.,
Data Processing Path,Which data-processing path or mode should transform incoming data?,40.1,Data-access delay: Delayed access to required data obstructs ML delivery and value generation.,outcome,effect,Delayed data access is a negative consequence affecting ML delivery and value.,
Data Processing Path,Which data-processing path or mode should transform incoming data?,40.2,Insufficient ML business value: Operational barriers prevent machine-learning initiatives from generating positive business value.,outcome,effect,Insufficient business value is a consequence of operational barriers to ML.,
Data Processing Path,Which data-processing path or mode should transform incoming data?,40.3,"Event-stream data quality: Higher-quality, better-documented data supplied by mission-critical event streams.",outcome,effect,Improved event-stream data quality is a resulting property of the processing approach.,
Data Processing Path,Which data-processing path or mode should transform incoming data?,40.4,Forty-minute decision latency: Experience approximately forty minutes between transaction persistence and fraud-blocking decisions.,outcome,effect,Forty-minute decision latency is a performance consequence of the processing architecture.,
Data Processing Path,Which data-processing path or mode should transform incoming data?,40.5,Rigid resource-intensive processing: Experience rigid architecture and substantial resource consumption from traditional batch processing.,outcome,effect,"Rigid, resource-intensive processing is a negative consequence of traditional batch processing.",
Data Processing Path,Which data-processing path or mode should transform incoming data?,40.6,"Data processing latency mode: Selection of batch, streaming, real-time, or near-real-time data processing.",accepted,option,"Batch, streaming, real-time, and near-real-time are alternative processing modes.",
Data Processing Path,Which data-processing path or mode should transform incoming data?,40.7,Dual event-data routing: Route ambiguous interaction information through both low-latency event and quality-focused data flows.,accepted,option,Dual routing is an alternative path for processing ambiguous interaction data.,
Data Processing Path,Which data-processing path or mode should transform incoming data?,40.8,Event-oriented low-latency processing: Process time-sensitive interaction units as events with minimal latency.,accepted,option,Event-oriented low-latency processing is an alternative processing path.,
Data Processing Path,Which data-processing path or mode should transform incoming data?,40.9,"Data-oriented quality-and-quantity processing: Process and store denser information units for later use, prioritizing quality and quantity over latency.",accepted,option,Data-oriented quality-and-quantity processing is an alternative processing path.,
Data Processing Path,Which data-processing path or mode should transform incoming data?,40.10,High-throughput structured streaming processing: Use streaming processing suited to high-throughput structured real-time data.,accepted,option,High-throughput structured streaming is an alternative processing path.,
Data Processing Path,Which data-processing path or mode should transform incoming data?,40.11,Low-latency video stream processing: Use streaming processing specialized for low-latency real-time video data.,accepted,option,Low-latency video streaming is an alternative processing path for video data.,
Data Processing Path,Which data-processing path or mode should transform incoming data?,40.12,"ETL batch analytics pipeline: Use extraction, transformation, batch analytics, and subsequent prediction as the data-processing architecture.",mixed,option,An ETL batch analytics pipeline is an alternative end-to-end processing path.,
Feature Pipeline Architecture and Tooling,"What pipeline architecture and tooling should be used to produce, organize, transform, and serve model features?",43.1,"Dedicated feature engineering pipeline: A distinct pipeline selects, transforms, combines, and prepares raw data before algorithm use.",accepted,option,It proposes adopting a distinct pipeline for feature engineering before algorithm use.,
Feature Pipeline Architecture and Tooling,"What pipeline architecture and tooling should be used to produce, organize, transform, and serve model features?",43.2,"Feature preparation tooling: Spark, Python, or database capabilities implement feature analysis and transformation.",accepted,option,"It proposes selecting tooling such as Spark, Python, or database capabilities for feature preparation.",
Feature Pipeline Architecture and Tooling,"What pipeline architecture and tooling should be used to produce, organize, transform, and serve model features?",43.3,Modular reusable transformation functions: Organize feature and data preparation as independently testable functions that can be imported across pipeline stages.,accepted,option,"It proposes organizing preparation through reusable, independently testable transformation functions.",
Feature Pipeline Architecture and Tooling,"What pipeline architecture and tooling should be used to produce, organize, transform, and serve model features?",43.4,"Feature resource-cost measurement: Feature dependencies, inference latency, and memory cost are measured against predictive benefit.",accepted,goal,It states an objective to measure feature resource costs against predictive benefit.,
Feature Pipeline Architecture and Tooling,"What pipeline architecture and tooling should be used to produce, organize, transform, and serve model features?",43.5,"Three-layer ML pipeline architecture: Separate data, computation, and serving-orchestration layers in the ML pipeline.",accepted,option,"It proposes a specific three-layer architecture separating data, computation, and serving orchestration.",
Feature Pipeline Architecture and Tooling,"What pipeline architecture and tooling should be used to produce, organize, transform, and serve model features?",43.6,Shared-transformation downstream improvement: Improving one canonical production transformation automatically improves dependent downstream pipelines.,outcome,effect,It describes an improvement that results when a canonical transformation is changed.,
Feature Pipeline Architecture and Tooling,"What pipeline architecture and tooling should be used to produce, organize, transform, and serve model features?",43.7,Reduced data-pipeline plumbing: Feature-store tooling reduces effort spent building data pipes and negotiating data access.,outcome,effect,It describes reduced engineering effort as a consequence of feature-store tooling.,
Feature Transformation Strategy,What feature-engineering strategy should be used to transform data into model features?,44.1,Improved transformation code quality: A structured development environment improves the quality of transformation code.,outcome,effect,Improved transformation code quality is a consequence of using a structured development environment.,
Feature Transformation Strategy,What feature-engineering strategy should be used to transform data into model features?,44.2,Real-time featurization complexity cost: Real-time feature computation increases machine-learning system complexity.,outcome,effect,Real-time featurization complexity cost is a consequence of performing feature computation in real time.,
Feature Transformation Strategy,What feature-engineering strategy should be used to transform data into model features?,44.3,Domain-informed feature engineering: Combine raw data with domain knowledge to construct features for model consumption.,accepted,option,Domain-informed feature engineering is an alternative strategy for constructing model features.,
Feature Transformation Strategy,What feature-engineering strategy should be used to transform data into model features?,44.4,Missing-value handling strategy: Choose imputation or record/field removal strategies for missing values during transformation.,accepted,other_question,Missing-value handling answers which strategy to use for incomplete data.,
Feature Transformation Strategy,What feature-engineering strategy should be used to transform data into model features?,44.5,"Outlier treatment strategy: Choose whether to retain, correct, or remove anomalous records during data cleaning.",accepted,other_question,Outlier treatment answers how anomalous records should be handled.,
Feature Transformation Strategy,What feature-engineering strategy should be used to transform data into model features?,44.6,"Record and dataset restructuring: Restructure fields, records, granularity, pivots, and aggregations to match downstream task requirements.",accepted,other_question,Record and dataset restructuring answers how data representation should be reshaped for downstream tasks.,
Training-Serving Feature Consistency,"Should training and serving feature preparation use separate paths, or shared and explicitly aligned transformations?",28.1,Separate training-serving feature preparation: Maintain distinct preparation paths for training data and serving-time features.,accepted,option,It is a choice to maintain separate preparation paths for training and serving.,
Training-Serving Feature Consistency,"Should training and serving feature preparation use separate paths, or shared and explicitly aligned transformations?",28.2,Training-serving feature consistency controls: Use shared or explicitly aligned transformations so training features and serving features remain consistent.,accepted,other_question,"It primarily chooses consistency and alignment mechanisms, which is distinct from the structural separation decision.",
Data Profiling and Validation,Which data profiling and validation practices should be used to establish that prepared data is trustworthy?,15.1,"Metadata and distribution profiling: Attribute metadata, value distributions, and visualizations are documented to understand dataset structure.",accepted,option,"Metadata, distributions, and visualizations are an adoptable profiling practice.",
Data Profiling and Validation,Which data profiling and validation practices should be used to establish that prepared data is trustworthy?,15.2,"User-defined dataset validation: Custom routines detect inconsistencies, incorrect associations, missing values, and other data errors.",accepted,option,Custom routines for detecting data errors are an adoptable validation practice.,
Data Profiling and Validation,Which data profiling and validation practices should be used to establish that prepared data is trustworthy?,15.3,"Schema-anomaly pipeline halt: Stop training or processing when incoming features are unexpected, missing, or invalid.",accepted,other_question,Halting processing on anomalies answers how the pipeline should respond to invalid data.,
Data Profiling and Validation,Which data profiling and validation practices should be used to establish that prepared data is trustworthy?,15.4,Data-type mismatch detection: Observed validation output identifying inputs whose types violate dataset expectations.,outcome,effect,"Identifying type-violating inputs is an observed validation outcome, not a design choice.",
Ground Truth and Labeling Strategy,Who or what process should create the ground-truth labels for model assessment?,34.1,Ground-truth construction and label separation: Practitioners construct accurate labels and preserve distinctions between materially different outcome categories.,accepted,other_question,It primarily addresses how labels should be defined and whether materially different outcomes should remain distinct.,
Ground Truth and Labeling Strategy,Who or what process should create the ground-truth labels for model assessment?,34.2,Chargeback-type separation for modeling: Separating chargeback types as a modeling ground-truth strategy was explicitly rejected.,mixed,other_question,"It addresses whether chargeback types should be separated, which is a label-schema decision rather than a labeling-process choice.",
Ground Truth and Labeling Strategy,Who or what process should create the ground-truth labels for model assessment?,34.3,Web-based manual labeling: Use a web application to support human creation of ground-truth labels.,accepted,option,Using a web application for human labeling is an alternative process for creating ground-truth labels.,
Ground Truth and Labeling Strategy,Who or what process should create the ground-truth labels for model assessment?,34.4,Outsourced manual labeling: Use an external labeling service to create ground-truth labels.,accepted,option,Using an external labeling service is an alternative process for creating ground-truth labels.,
Training Execution Mode,"Which computational execution mode should produce model updates: offline batch, nearline, online incremental, or a combination of these modes?",17.1,Offline batch training: Training runs as an offline process rather than during prediction requests.,mixed,option,Offline batch training is an alternative execution mode that can be adopted or rejected.,
Training Execution Mode,"Which computational execution mode should produce model updates: offline batch, nearline, online incremental, or a combination of these modes?",17.2,Real-time online learning: The model updates continuously or incrementally while operating on incoming data.,accepted,option,Real-time online learning is an alternative execution mode for producing model updates.,
Training Execution Mode,"Which computational execution mode should produce model updates: offline batch, nearline, online incremental, or a combination of these modes?",17.3,Nearline computation: Intermediate computation balancing freshness and computational flexibility without strict real-time serving.,mixed,option,Nearline computation is an alternative execution mode between offline and real-time execution.,
Training Execution Mode,"Which computational execution mode should produce model updates: offline batch, nearline, online incremental, or a combination of these modes?",17.4,"Hybrid offline-nearline-online computation: Combine offline, nearline, and online computation regimes in one managed architecture.",accepted,option,"Combining offline, nearline, and online computation is an alternative execution architecture.",
Training Execution Mode,"Which computational execution mode should produce model updates: offline batch, nearline, online incremental, or a combination of these modes?",17.5,Streaming update granularity: Update incrementally per individual data point or in small mini-batches.,accepted,other_question,"This chooses update granularity, such as individual points versus mini-batches, rather than the execution mode.",
Training Execution Mode,"Which computational execution mode should produce model updates: offline batch, nearline, online incremental, or a combination of these modes?",17.6,Batch and real-time processing support: Accommodate both batch and real-time execution modes in the ML processing architecture.,mixed,option,Supporting both batch and real-time processing is an alternative multi-mode execution choice.,
Training Execution Mode,"Which computational execution mode should produce model updates: offline batch, nearline, online incremental, or a combination of these modes?",17.7,Limited production suitability of forecast workflows: Offline forecast workflows provide limited usefulness for industry production systems.,outcome,effect,Limited production suitability is an outcome of using certain forecast workflows.,
Training Execution Mode,"Which computational execution mode should produce model updates: offline batch, nearline, online incremental, or a combination of these modes?",17.8,Reduced training-data memory requirement: Incremental training avoids retaining the complete training dataset in memory.,outcome,effect,Reduced training-data memory usage is a consequence of incremental training.,
Training Execution Mode,"Which computational execution mode should produce model updates: offline batch, nearline, online incremental, or a combination of these modes?",17.9,Real-time learning scalability burden: High-rate incremental training creates a significant scaling challenge.,outcome,effect,A scalability burden is a consequence or risk of high-rate incremental training.,
Training Trigger Policy,"What temporal, event-based, or condition-based policy determines when training or retraining runs?",18.1,"Time- and event-triggered training: Schedulers, calendar events, messages, monitoring events, or data and code changes initiate training.",accepted,option,"It is an adoptable policy that starts training in response to scheduled times, events, or changes.",
Training Trigger Policy,"What temporal, event-based, or condition-based policy determines when training or retraining runs?",18.2,"Criticality-dependent training schedule: Training frequency varies according to application criticality, from multiple times daily to daily execution.",accepted,option,It is an adoptable policy that sets training frequency according to application criticality.,
Training Trigger Policy,"What temporal, event-based, or condition-based policy determines when training or retraining runs?",18.3,Performance- and drift-triggered retraining: Retrain when model performance degrades or feature distributions indicate drift.,accepted,option,It is an adoptable policy that starts retraining when performance degrades or drift is detected.,
Training Parallelization and Resilience,How should training computation be partitioned and parallelized?,25.1,Data-partitioned model replicas: Data is partitioned and a model replica trains on each partition.,mixed,option,Data-partitioned model replicas are an alternative training-parallelization strategy.,
Training Parallelization and Resilience,How should training computation be partitioned and parallelized?,25.2,Model-partitioned parameter updates: The model is partitioned so separate workers update different parameter subsets.,accepted,option,Model-partitioned parameter updates are an alternative training-parallelization strategy.,
Training Parallelization and Resilience,How should training computation be partitioned and parallelized?,25.3,Checkpointed training partitions: Training partitions use checkpoints and retry or failover mechanisms after transient failures.,accepted,other_question,"Checkpointing and failover address training restartability and resilience, not parallelization.",
Training Update Algorithm,"Which learning algorithm, model family, prediction representation, or algorithm architecture should be used to produce model updates?",41.1,Stochastic-gradient incremental training: Stochastic gradient descent provides the optimization routine for incremental online learning.,accepted,option,Stochastic-gradient training is an alternative optimization algorithm for producing incremental model updates.,
Training Update Algorithm,"Which learning algorithm, model family, prediction representation, or algorithm architecture should be used to produce model updates?",41.2,Linear learning algorithm: A simple linear or logistic learner updates parameters efficiently for online prediction.,accepted,option,A linear or logistic learner is an alternative model family for online updates.,
Training Update Algorithm,"Which learning algorithm, model family, prediction representation, or algorithm architecture should be used to produce model updates?",41.3,Parameter-only prediction: Prediction uses learned weights or parameters without retaining a complex model representation.,accepted,option,Using parameters alone is an alternative prediction representation.,
Training Update Algorithm,"Which learning algorithm, model family, prediction representation, or algorithm architecture should be used to produce model updates?",41.4,"Gradient-boosted tree model: Use a gradient-boosted tree algorithm, exemplified by XGBoost, for model training.",accepted,option,A gradient-boosted tree model is an alternative model family for training.,
Training Update Algorithm,"Which learning algorithm, model family, prediction representation, or algorithm architecture should be used to produce model updates?",41.5,Multi-variable fraud model: A model using multiple variables addresses complex and evolving fraud vectors.,accepted,option,A multi-variable fraud model is an alternative model design for addressing fraud patterns.,
Training Update Algorithm,"Which learning algorithm, model family, prediction representation, or algorithm architecture should be used to produce model updates?",41.6,Scalable algorithm architecture: Choose an algorithm architecture supporting arbitrary complexity and very large data volumes.,accepted,option,A scalable algorithm architecture is an alternative architectural approach for handling complexity and data volume.,
Training Update Algorithm,"Which learning algorithm, model family, prediction representation, or algorithm architecture should be used to produce model updates?",41.7,Pluggable recommendation algorithm architecture: Design recommendation algorithms so new approaches can be integrated easily.,accepted,option,A pluggable recommendation algorithm architecture is an alternative architectural approach.,
Training Update Algorithm,"Which learning algorithm, model family, prediction representation, or algorithm architecture should be used to produce model updates?",41.8,"Recommendation technology selection: Select technologies balancing recommendation scalability, flexibility, freshness, and responsiveness.",accepted,option,Selecting recommendation technologies is an alternative approach to implementing the training and recommendation architecture.,
Training Update Algorithm,"Which learning algorithm, model family, prediction representation, or algorithm architecture should be used to produce model updates?",41.9,Algorithm decomposition: Decompose recommendation algorithms strategically to achieve scalability and responsiveness.,accepted,option,Algorithm decomposition is an alternative architectural design for implementing recommendation algorithms.,
Training Update Algorithm,"Which learning algorithm, model family, prediction representation, or algorithm architecture should be used to produce model updates?",41.10,Scikit-learn model-building framework: Build models using the scikit-learn framework.,accepted,option,Using scikit-learn is an alternative model-building framework choice.,
Training Update Algorithm,"Which learning algorithm, model family, prediction representation, or algorithm architecture should be used to produce model updates?",41.11,Built-in gradient-boosting algorithm: Use a managed platform's built-in gradient-boosting algorithm rather than a framework deployment.,accepted,option,Using a platform's built-in gradient-boosting algorithm is an alternative training implementation.,
Training Update Algorithm,"Which learning algorithm, model family, prediction representation, or algorithm architecture should be used to produce model updates?",41.12,Probability-valued prediction output: Return probabilistic classification scores rather than only categorical predictions.,accepted,option,Returning probability-valued predictions is an alternative prediction representation.,
Training Update Algorithm,"Which learning algorithm, model family, prediction representation, or algorithm architecture should be used to produce model updates?",41.13,Linearity constraint: The learning approach cannot directly represent nonlinear relationships.,outcome,effect,The inability to represent nonlinear relationships is a limitation resulting from a learning approach.,
Training Update Algorithm,"Which learning algorithm, model family, prediction representation, or algorithm architecture should be used to produce model updates?",41.14,Rapid adaptation to change: An online learner reacts quickly to changing data during operation.,outcome,effect,Rapid adaptation to changing data is an outcome of using an online learning approach.,
Candidate-Model Search Execution,Should candidate-model training during search execute sequentially or in parallel?,42.1,Sequential candidate-model training: Running training jobs one after another when searching candidate configurations.,accepted,option,Sequential training is an alternative execution-order choice for candidate-model search.,
Candidate-Model Search Execution,Should candidate-model training during search execute sequentially or in parallel?,42.2,"Parallel candidate-model training: Multiple algorithms, parameter configurations, or candidate models train concurrently.",accepted,option,Parallel training is an alternative execution-order choice for candidate-model search.,
Model Optimization Strategy,Which approach should be used to select or improve model configurations?,23.1,Hyperparameter optimization and regularization: Iterative optimization and regularization refine candidate models before final selection.,accepted,option,It specifies an adoptable strategy combining hyperparameter optimization and regularization.,
Model Optimization Strategy,Which approach should be used to select or improve model configurations?,23.2,Manual deep-learning hyperparameter tuning: Manually exploring deep-learning hyperparameters without automated search.,mixed,option,It is an alternative manual strategy for tuning model hyperparameters.,
Model Optimization Strategy,Which approach should be used to select or improve model configurations?,23.3,"Neural architecture search: Automated search selects neural architectures using defined spaces, metrics, and search algorithms.",accepted,option,It is an automated strategy for selecting neural architectures.,
Model Optimization Strategy,Which approach should be used to select or improve model configurations?,23.4,Ecological-cost optimization: Model optimization accounts for computational carbon footprint as an objective.,accepted,option,It is an adoptable strategy that includes ecological cost in optimization.,
Model Optimization Strategy,Which approach should be used to select or improve model configurations?,23.5,Model optimization objective selection: Selecting the performance criterion or error type that model optimization prioritizes.,accepted,other_question,It answers which optimization objective or error criterion should be prioritized.,
Model Optimization Strategy,Which approach should be used to select or improve model configurations?,23.6,Automated algorithm and model selection: Automation evaluates multiple algorithms or models to select a suitable candidate during training.,accepted,option,It is an automated strategy for selecting among algorithms or models.,
Model Optimization Strategy,Which approach should be used to select or improve model configurations?,23.7,Expanded deep-learning hyperparameter search space: Growth in the number of hyperparameters that makes exhaustive manual search impractical.,outcome,effect,It describes a consequence of expanding the hyperparameter search space.,
Model Optimization Strategy,Which approach should be used to select or improve model configurations?,23.8,Reduced hyperparameter-search burden: Reduced data-scientist effort resulting from automated hyperparameter optimization.,outcome,effect,It describes a benefit resulting from automated hyperparameter optimization.,
Model Optimization Strategy,Which approach should be used to select or improve model configurations?,23.9,Heuristic rule complexity: Rule-based fraud heuristics become unwieldy as fraud vectors grow more complex and evolve.,outcome,effect,It describes the consequence that evolving fraud vectors make heuristic rules unwieldy.,
Model Evaluation Dataset Strategy,Which method should be used to partition data into training and evaluation subsets?,45.1,Held-out-data evaluation: Performance is measured on data not used during training to assess generalization.,accepted,other_question,"It addresses whether evaluation uses held-out data, not how the data is partitioned.",
Model Evaluation Dataset Strategy,Which method should be used to partition data into training and evaluation subsets?,45.2,Evaluation-subset model selection: The best candidate is selected by comparing performance against true values in an evaluation dataset.,accepted,other_question,"It addresses how candidate models are selected using evaluation results, not dataset splitting.",
Model Evaluation Dataset Strategy,Which method should be used to partition data into training and evaluation subsets?,45.3,Sequential dataset splitting: Partition data into training and testing subsets by preserving source order and applying a ratio.,accepted,option,It is an alternative method for partitioning data into training and testing subsets.,
Model Evaluation Dataset Strategy,Which method should be used to partition data into training and evaluation subsets?,45.4,Random-seed dataset splitting: Partition data into training and testing subsets through randomized selection controlled by a seed and ratio.,accepted,option,It is an alternative randomized method for partitioning data into training and testing subsets.,
Model Evaluation Dataset Strategy,Which method should be used to partition data into training and evaluation subsets?,45.5,Injectable dataset segregation strategy: Select and configure dataset segregation algorithms at runtime through an injectable strategy and service.,accepted,other_question,"It addresses runtime configurability of segregation algorithms, not a specific partitioning method.",
Model Evaluation Criteria and Instrumentation,"What objectives, metrics, baselines, fairness checks, and interpretability instruments should be used to assess model quality?",46.1,Pluggable evaluator library: Multiple evaluation metrics can be combined or exchanged through a flexible evaluator library.,accepted,option,It is an alternative choice of evaluation architecture and metrics.,
Model Evaluation Criteria and Instrumentation,"What objectives, metrics, baselines, fairness checks, and interpretability instruments should be used to assess model quality?",46.2,"Fairness and inclusion testing: Candidate models are tested for fairness, bias, inclusion, and protected-category effects before release.",accepted,option,It is a choice to include fairness and inclusion testing in evaluation.,
Model Evaluation Criteria and Instrumentation,"What objectives, metrics, baselines, fairness checks, and interpretability instruments should be used to assess model quality?",46.3,Business-impact-aligned evaluation: Model metrics are evaluated together with business outcomes such as revenue or engagement.,accepted,option,It is a choice to align evaluation with business outcomes.,
Model Evaluation Criteria and Instrumentation,"What objectives, metrics, baselines, fairness checks, and interpretability instruments should be used to assess model quality?",46.4,Out-of-fold prediction blending: Combining out-of-fold candidate predictions to form the final prediction pipeline.,accepted,other_question,"It concerns how predictions are combined in the production pipeline, not how models are evaluated.",
Model Evaluation Criteria and Instrumentation,"What objectives, metrics, baselines, fairness checks, and interpretability instruments should be used to assess model quality?",46.5,"Multi-criteria operational evaluation: Evaluation considers stability, ethics, fairness, explainability, user experience, and edge cases beyond error alone.",accepted,option,It is an alternative choice to evaluate models against broad operational criteria.,
Model Evaluation Criteria and Instrumentation,"What objectives, metrics, baselines, fairness checks, and interpretability instruments should be used to assess model quality?",46.6,Single-objective error minimization: Considering one error objective instead of broader operational criteria was rejected for model assessment.,rejected,option,It is a rejected alternative evaluation strategy focused only on error minimization.,
Model Evaluation Criteria and Instrumentation,"What objectives, metrics, baselines, fairness checks, and interpretability instruments should be used to assess model quality?",46.7,"Model interpretability instrumentation: Interpretability mechanisms explain model results for users, governance, and regulatory needs.",accepted,option,It is a choice to instrument models for interpretability.,
Model Evaluation Criteria and Instrumentation,"What objectives, metrics, baselines, fairness checks, and interpretability instruments should be used to assess model quality?",46.8,Heuristic baseline model: Use simple hand-crafted rules as a reference model for evaluating later ML models.,accepted,option,It is a choice to use a heuristic baseline for model comparison.,
Model Evaluation Criteria and Instrumentation,"What objectives, metrics, baselines, fairness checks, and interpretability instruments should be used to assess model quality?",46.9,Ground-truth-limited precision and recall: Inaccurate labels impose an upper bound on achievable model precision and recall.,outcome,effect,It describes a consequence of inaccurate ground-truth labels for achievable metrics.,
Model Evaluation Criteria and Instrumentation,"What objectives, metrics, baselines, fairness checks, and interpretability instruments should be used to assess model quality?",46.10,Production accuracy requirement: Require AutoML-produced models to meet the accuracy needed for real-world use.,outcome,goal,It states a required production accuracy outcome rather than an evaluation alternative.,
Pre-release Validation,Which pre-release testing and release-validation practices should be used to establish pipeline integrity and production readiness?,24.1,"Automated end-to-end pipeline testing: The complete data, training, and model pipeline is regularly executed and checked before production.",accepted,option,Automated end-to-end pipeline testing is a validation practice that can be adopted or rejected.,
Pre-release Validation,Which pre-release testing and release-validation practices should be used to establish pipeline integrity and production readiness?,24.2,Validation-set regression thresholds: Quality thresholds detect gradual or sudden degradation across model versions.,accepted,option,Regression thresholds are a selectable validation mechanism for detecting model degradation.,
Pre-release Validation,Which pre-release testing and release-validation practices should be used to establish pipeline integrity and production readiness?,24.3,Canary serving validation: A model is tested in a production-like serving environment using realistic data before full service.,accepted,option,Canary serving validation is an alternative pre-release validation practice.,
Pre-release Validation,Which pre-release testing and release-validation practices should be used to establish pipeline integrity and production readiness?,24.4,Diff-testing against previous models: Comparing new models directly with previously built models is explicitly discouraged because maintenance is difficult.,mixed,option,Diff-testing is a validation option even though the document explicitly discourages adopting it.,
Pre-release Validation,Which pre-release testing and release-validation practices should be used to establish pipeline integrity and production readiness?,24.5,Competing-model production testing: Multiple candidate models receive split production traffic for comparative performance evaluation.,accepted,option,Competing-model production testing is a selectable comparative validation practice.,
Pre-release Validation,Which pre-release testing and release-validation practices should be used to establish pipeline integrity and production readiness?,24.6,Manual documented test execution: Run tests manually while documenting and distributing their results.,accepted,option,Manual documented test execution is an alternative way to perform release validation.,
Pre-release Validation,Which pre-release testing and release-validation practices should be used to establish pipeline integrity and production readiness?,24.7,Automated repeated test execution: Use automation to run tests repeatedly.,accepted,option,Automated repeated test execution is an alternative way to perform release validation.,
Pre-release Validation,Which pre-release testing and release-validation practices should be used to establish pipeline integrity and production readiness?,24.8,Minimum-section readiness scoring: Let the least-developed testing or monitoring section determine overall readiness.,accepted,other_question,"Minimum-section scoring answers how readiness should be measured, rather than which validation checks should be used.",
Pre-release Validation,Which pre-release testing and release-validation practices should be used to establish pipeline integrity and production readiness?,24.9,ML Test Score readiness measure: Use a combined testing and monitoring score to assess production readiness.,accepted,other_question,The ML Test Score answers how testing and monitoring maturity should be assessed.,
Pre-release Validation,Which pre-release testing and release-validation practices should be used to establish pipeline integrity and production readiness?,24.10,Production-readiness level classification: Classify systems by ranges of testing and monitoring maturity.,accepted,other_question,Readiness-level classification answers how systems should be categorized by maturity.,
Pre-release Validation,Which pre-release testing and release-validation practices should be used to establish pipeline integrity and production readiness?,24.11,Traffic-splitting and data-collection complexity: Comparative production testing increases operational complexity while traffic is divided and evidence accumulates.,outcome,effect,Operational complexity is a consequence of comparative production testing.,
Pre-release Validation,Which pre-release testing and release-validation practices should be used to establish pipeline integrity and production readiness?,24.12,Reliability gaps from insufficient testing: Insufficient testing leaves serious reliability holes and requires further productionization investment.,outcome,effect,Reliability gaps and added investment are consequences of insufficient testing.,
Pre-release Validation,Which pre-release testing and release-validation practices should be used to establish pipeline integrity and production readiness?,24.13,Testing and monitoring automation strength: Higher readiness scores indicate stronger testing and monitoring automation.,outcome,effect,Stronger testing and monitoring automation is an outcome indicated by higher readiness scores.,
Model Artifact Representation,"Which model artifact representation and portability approach should be used to package trained models for storage, exchange, and deployment?",13.1,"Framework-specific model serialization: Models are stored in formats native to their training framework, such as pickle, MOJO, Protocol Buffers, TorchScript, HDF5, or MLeap.",accepted,option,Framework-specific serialization is an alternative packaging choice tied to the training framework.,
Model Artifact Representation,"Which model artifact representation and portability approach should be used to package trained models for storage, exchange, and deployment?",13.2,Language-agnostic exchange format: Models are exchanged and served through a framework-independent format such as PMML.,accepted,option,A language-agnostic exchange format is an alternative portability and interchange choice.,
Model Artifact Representation,"Which model artifact representation and portability approach should be used to package trained models for storage, exchange, and deployment?",13.3,Platform-specific model format conversion: Models are converted into a target platform format for embedded or platform-bound deployment.,accepted,option,Conversion to a platform-specific format is an alternative deployment packaging choice.,
Model Artifact Representation,"Which model artifact representation and portability approach should be used to package trained models for storage, exchange, and deployment?",13.4,Vendor-specific model exchange format: Distribute models using an exchange format tied to a particular vendor ecosystem.,accepted,option,A vendor-specific exchange format is an alternative ecosystem-bound packaging choice.,
Model Artifact Representation,"Which model artifact representation and portability approach should be used to package trained models for storage, exchange, and deployment?",13.5,Independent executable model asset: Package a model as an executable asset that can run outside its training environment.,accepted,option,An independent executable model asset is an alternative packaging and deployment choice.,
Model Artifact Representation,"Which model artifact representation and portability approach should be used to package trained models for storage, exchange, and deployment?",13.6,Model-code-and-parameter co-management burden: Amalgamated model packages require exported code and parameters to be managed together.,outcome,effect,"The co-management burden is a consequence of amalgamated model packaging, not a representation option.",
Model Governance and Lineage,"How should machine-learning assets and their lineage, versions, lifecycle status, and governance metadata be managed?",8.1,Self-contained model artifacts: Artifacts contain the preprocessing and prediction components required to generate results.,accepted,option,Choosing self-contained artifacts is an architectural option for managing deployable model assets.,
Model Governance and Lineage,"How should machine-learning assets and their lineage, versions, lifecycle status, and governance metadata be managed?",8.2,"Model-code-data lineage: Relationships among models, training code, training data, and test data are tracked.",accepted,option,"Tracking model, code, and data relationships is a direct lineage-management option.",
Model Governance and Lineage,"How should machine-learning assets and their lineage, versions, lifecycle status, and governance metadata be managed?",8.3,Centralized model registry: Production candidates are published and managed in a central registry or hub.,accepted,option,Using a central registry is an option for governing and managing production model artifacts.,
Model Governance and Lineage,"How should machine-learning assets and their lineage, versions, lifecycle status, and governance metadata be managed?",8.4,"Published-model metadata catalog: The registry records identifiers, locations, datasets, metrics, and system or business metadata.",accepted,option,Recording standardized model metadata is an option for governing registry contents.,
Model Governance and Lineage,"How should machine-learning assets and their lineage, versions, lifecycle status, and governance metadata be managed?",8.5,Model version tracking: Versions and their publication dates are recorded for change management.,accepted,option,Recording model versions and publication dates is a version-governance option.,
Model Governance and Lineage,"How should machine-learning assets and their lineage, versions, lifecycle status, and governance metadata be managed?",8.6,"Lifecycle-stage promotion: Artifacts are explicitly marked for development, staging, production, or archival stages.",accepted,option,Marking lifecycle stages is an option for controlling artifact promotion and status.,
Model Governance and Lineage,"How should machine-learning assets and their lineage, versions, lifecycle status, and governance metadata be managed?",8.7,Governance and audit metadata: Registry records support auditability and regulatory requirements.,accepted,option,Maintaining governance and audit metadata is an option for supporting controlled lineage records.,
Model Governance and Lineage,"How should machine-learning assets and their lineage, versions, lifecycle status, and governance metadata be managed?",8.8,Shadow-mode model testing: Candidate model changes are evaluated alongside production behavior before or during deployment.,accepted,other_question,"Shadow testing answers how candidate deployments are validated against production, not primarily how lineage is governed.",
Model Governance and Lineage,"How should machine-learning assets and their lineage, versions, lifecycle status, and governance metadata be managed?",8.9,Previous-model fallback and reversion: Retain and restore a prior model when a new model serves too slowly or degrades predictive accuracy.,accepted,other_question,Fallback and reversion answer how serving failures or degradation are handled operationally.,
Model Governance and Lineage,"How should machine-learning assets and their lineage, versions, lifecycle status, and governance metadata be managed?",8.10,"Version-chain responsibility pattern: Assign responsibility across linked model, code, data, and deployment versions throughout the lifecycle.",accepted,option,Assigning responsibility across linked versions is a direct lineage and lifecycle-governance option.,
Model Governance and Lineage,"How should machine-learning assets and their lineage, versions, lifecycle status, and governance metadata be managed?",8.11,Source-controlled pipeline implementation: Keep pipeline and model implementation units in a source-code repository for controlled collaboration and reproducibility.,accepted,option,Source-controlling implementation units is an option for governing reproducible artifact lineage.,
Model Governance and Lineage,"How should machine-learning assets and their lineage, versions, lifecycle status, and governance metadata be managed?",8.12,DVC-based data versioning: Using DVC or comparable tooling to version datasets and reproduce training experiments.,accepted,option,Using DVC or similar tooling is an option for governing dataset and experiment versions.,
Model Governance and Lineage,"How should machine-learning assets and their lineage, versions, lifecycle status, and governance metadata be managed?",8.13,Training-configuration recording: Recording training configurations so experiments can be reproduced across environments.,accepted,other_question,Recording training configurations primarily answers how training reproducibility is achieved.,
Model Governance and Lineage,"How should machine-learning assets and their lineage, versions, lifecycle status, and governance metadata be managed?",8.14,Deterministic reproducible training: Training is designed to produce identical models from identical data and controlled randomness.,accepted,other_question,"Deterministic training answers how identical training outcomes are produced, a reproducibility question.",
Model Governance and Lineage,"How should machine-learning assets and their lineage, versions, lifecycle status, and governance metadata be managed?",8.15,Serving model update control: Operational support for replacing or updating the model used by a prediction service.,accepted,other_question,Serving-model update control answers how deployed services are updated operationally.,
Model Governance and Lineage,"How should machine-learning assets and their lineage, versions, lifecycle status, and governance metadata be managed?",8.16,Experiment lifecycle tracking platform: A platform records experiments and manages the machine-learning lifecycle between development and deployment.,accepted,option,Using a lifecycle-tracking platform is an option for managing governed model workflows.,
Model Governance and Lineage,"How should machine-learning assets and their lineage, versions, lifecycle status, and governance metadata be managed?",8.17,Pipeline design versioning: Preserve prior pipeline designs while iterating on new workflow versions.,accepted,option,Versioning pipeline designs is an option for preserving workflow lineage and history.,
Model Governance and Lineage,"How should machine-learning assets and their lineage, versions, lifecycle status, and governance metadata be managed?",8.18,"Model management policy: Define a consistent policy for managing models, artifacts, versions, and business or regulatory requirements.",accepted,goal,A consistent management policy is a governance objective rather than a specific architectural alternative.,
Model Governance and Lineage,"How should machine-learning assets and their lineage, versions, lifecycle status, and governance metadata be managed?",8.19,Enterprise architecture standards: Apply organization-wide architectural standards and guidelines as constraints on ML technology and implementation choices.,accepted,goal,Organization-wide architecture standards are governing constraints and principles.,
Model Governance and Lineage,"How should machine-learning assets and their lineage, versions, lifecycle status, and governance metadata be managed?",8.20,Permissive open-source licensing: Permit open-source technology selection only when licensing meets permissive organizational requirements.,accepted,goal,"Permissive licensing is an organizational constraint on technology selection, not a lineage mechanism.",
Model Governance and Lineage,"How should machine-learning assets and their lineage, versions, lifecycle status, and governance metadata be managed?",8.21,"Artifact and dataset execution tracking: Record artifacts, datasets, and models used or produced during executable ML runs.",accepted,option,"Tracking execution artifacts, datasets, and models is a direct provenance-management option.",
ML Delivery Automation,What degree and mechanism of automation should be used across the machine-learning delivery lifecycle?,7.1,"Manual RAD pipeline execution: Preparation, training, validation, and testing are performed manually with exploratory tools such as notebooks.",accepted,option,It is a manual alternative for executing the ML delivery pipeline.,
ML Delivery Automation,What degree and mechanism of automation should be used across the machine-learning delivery lifecycle?,7.2,Pull-request-triggered experiments: Code changes submitted through pull requests automatically launch experiment execution.,accepted,option,It specifies pull-request-triggered automation as an alternative execution mechanism.,
ML Delivery Automation,What degree and mechanism of automation should be used across the machine-learning delivery lifecycle?,7.3,"Automated CI/CD pipeline: Code, data, models, and pipelines are automatically built, tested, and deployed.",accepted,option,"It is an alternative choice to automate build, test, and deployment activities.",
ML Delivery Automation,What degree and mechanism of automation should be used across the machine-learning delivery lifecycle?,7.4,"Event-triggered model deployment: Data, code, monitoring, messages, or calendar events trigger training and deployment workflows.",accepted,option,It specifies event-triggered automation for training and deployment.,
ML Delivery Automation,What degree and mechanism of automation should be used across the machine-learning delivery lifecycle?,7.5,"Interdependent-task orchestration: Feature engineering, training, and prediction tasks are scheduled and coordinated across compute infrastructure.",accepted,option,It is an alternative choice to automate coordination of interdependent ML tasks.,
ML Delivery Automation,What degree and mechanism of automation should be used across the machine-learning delivery lifecycle?,7.6,"End-to-end MLOps automation: Integration, testing, release, deployment, infrastructure management, and training are automated as one lifecycle.",accepted,option,It specifies an end-to-end automation approach for the ML lifecycle.,
ML Delivery Automation,What degree and mechanism of automation should be used across the machine-learning delivery lifecycle?,7.7,MLOps platform automation: An end-to-end platform automates technical tasks and reduces operational bottlenecks at scale.,accepted,option,It is an alternative platform-based mechanism for automating MLOps activities.,
ML Delivery Automation,What degree and mechanism of automation should be used across the machine-learning delivery lifecycle?,7.8,"Hypothesis-driven experimentation: Short feedback cycles and explicit hypotheses guide experiments, learning, and backlog decisions.",accepted,other_question,It chooses an experimentation and learning approach rather than an automation degree.,
ML Delivery Automation,What degree and mechanism of automation should be used across the machine-learning delivery lifecycle?,7.9,Interactive development execution: Practitioners execute workflow steps interactively during early development before automation increases.,accepted,option,It is an alternative interactive execution mode during early development.,
ML Delivery Automation,What degree and mechanism of automation should be used across the machine-learning delivery lifecycle?,7.10,Continuous integration pipeline: An adopted continuous-integration pipeline supports implementation testing and delivery.,mixed,option,It specifies continuous integration automation as a delivery mechanism.,
ML Delivery Automation,What degree and mechanism of automation should be used across the machine-learning delivery lifecycle?,7.11,Continuous delivery pipeline: Model releases are automatically delivered through a continuous delivery process.,mixed,option,It specifies continuous delivery automation as a release mechanism.,
ML Delivery Automation,What degree and mechanism of automation should be used across the machine-learning delivery lifecycle?,7.12,"Automated retraining-and-deployment pipeline: Pipeline automation that retrains, validates, and deploys models from offline development.",accepted,option,"It is an alternative pipeline design that automates retraining, validation, and deployment.",
ML Delivery Automation,What degree and mechanism of automation should be used across the machine-learning delivery lifecycle?,7.13,Automated repeatable data preprocessing: Repeatable automated preprocessing within retraining and deployment workflows.,accepted,option,It is an automation choice for repeatable data preprocessing.,
ML Delivery Automation,What degree and mechanism of automation should be used across the machine-learning delivery lifecycle?,7.14,Standalone boxed AutoML: Adopt a packaged AutoML solution without embedding it in a broader data-science process.,mixed,other_question,It chooses whether to adopt a standalone AutoML tool rather than how delivery is automated.,
ML Delivery Automation,What degree and mechanism of automation should be used across the machine-learning delivery lifecycle?,7.15,CRISP-DM as insufficient for evolving ML: Use CRISP-DM alone as the process model for rapidly changing data-science work.,mixed,other_question,It chooses a process-model scope and suitability rather than an automation mechanism.,
ML Delivery Automation,What degree and mechanism of automation should be used across the machine-learning delivery lifecycle?,7.16,"Specialized-toolchain MLOps: Assemble multiple specialized tools across pipeline, deployment, monitoring, and orchestration activities.",accepted,option,It is a choice of specialized tools to automate different MLOps activities.,
ML Delivery Automation,What degree and mechanism of automation should be used across the machine-learning delivery lifecycle?,7.17,"ML process model: Adopt a structured process model with lifecycle activities, templates, guidelines, or implementation roadmaps.",accepted,other_question,It chooses whether to adopt a structured ML process model.,
ML Delivery Automation,What degree and mechanism of automation should be used across the machine-learning delivery lifecycle?,7.18,Heavyweight Waterfall or V-Model process: Use a heavyweight sequential process for ML delivery.,mixed,other_question,It chooses a sequential process model rather than an automation approach.,
ML Delivery Automation,What degree and mechanism of automation should be used across the machine-learning delivery lifecycle?,7.19,Manual model analysis: Perform model analysis manually before or between workflow iterations.,accepted,option,It represents manual versus automated execution of model-analysis work.,
ML Delivery Automation,What degree and mechanism of automation should be used across the machine-learning delivery lifecycle?,7.20,"Automated ML lifecycle management: Automate training, deployment, retraining, and related lifecycle operations to reduce manual effort.",mixed,option,It directly specifies automation of ML lifecycle operations.,
ML Delivery Automation,What degree and mechanism of automation should be used across the machine-learning delivery lifecycle?,7.21,Continuous model training: Train and retrain models continuously or frequently as data and operational conditions change.,accepted,option,It specifies frequent or continuous automated training as a lifecycle choice.,
ML Delivery Automation,What degree and mechanism of automation should be used across the machine-learning delivery lifecycle?,7.22,Pipeline complexity from automated pre-deployment work: Added deployment-pipeline complexity resulting from automating training and validation steps.,outcome,effect,Pipeline complexity is a consequence of automating pre-deployment work.,
ML Delivery Automation,What degree and mechanism of automation should be used across the machine-learning delivery lifecycle?,7.23,Single-command research-to-production delivery: A single command automates delivery from research through production deployment.,outcome,effect,Single-command delivery is a resulting capability of automation choices.,
ML Delivery Automation,What degree and mechanism of automation should be used across the machine-learning delivery lifecycle?,7.24,Research-to-production lead time: The elapsed time required to transfer a model from research into production affects delivery automation.,outcome,effect,Research-to-production lead time is an outcome affected by delivery automation.,
ML Delivery Automation,What degree and mechanism of automation should be used across the machine-learning delivery lifecycle?,7.25,Experimental-phase project attrition: Projects fail to progress from experimentation into operational production.,outcome,effect,Project attrition is a consequence associated with difficulty in operationalizing ML.,
ML Delivery Automation,What degree and mechanism of automation should be used across the machine-learning delivery lifecycle?,7.26,Human intervention burden: Frequent manual intervention remains necessary across a specialized-tool MLOps lifecycle.,outcome,effect,Human intervention burden is a consequence of the selected automation approach.,
ML Delivery Automation,What degree and mechanism of automation should be used across the machine-learning delivery lifecycle?,7.27,Lightweight data-science process: Use a lightweight process model for data-science work.,outcome,other_question,It chooses a lightweight data-science process model rather than an automation mechanism.,
ML Delivery Automation,What degree and mechanism of automation should be used across the machine-learning delivery lifecycle?,7.28,Extended productization effort: Productionizing ML artifacts requires substantially more time and multidisciplinary effort than initial creation.,outcome,effect,Extended productization effort is a consequence of the delivery approach.,
ML Delivery Automation,What degree and mechanism of automation should be used across the machine-learning delivery lifecycle?,7.29,"Faster experimentation and deployment: Reduce time required for ML experimentation, development, and production deployment.",outcome,goal,Reducing experimentation and deployment time is an objective of automation.,
Prediction Serving Interaction,How are prediction requests and completed predictions temporally coordinated and communicated between the caller and the serving system?,5.1,Synchronous online serving: A caller submits a request and receives a prediction during the request interaction.,accepted,option,It selects synchronous request-response prediction serving.,
Prediction Serving Interaction,How are prediction requests and completed predictions temporally coordinated and communicated between the caller and the serving system?,5.2,"Asynchronous offline serving: Large collections are scored as batch jobs, with results retrieved after completion.",accepted,option,It selects batch scoring with results retrieved after job completion.,
Prediction Serving Interaction,How are prediction requests and completed predictions temporally coordinated and communicated between the caller and the serving system?,5.3,Push-based score delivery: Completed predictions are delivered to the caller through an independent notification.,accepted,option,It selects independent push delivery of completed predictions.,
Prediction Serving Interaction,How are prediction requests and completed predictions temporally coordinated and communicated between the caller and the serving system?,5.4,Polling-based score retrieval: The caller periodically checks a low-latency store for completed predictions.,accepted,option,It selects caller polling to retrieve completed predictions.,
Prediction Serving Interaction,How are prediction requests and completed predictions temporally coordinated and communicated between the caller and the serving system?,5.5,Broker-based completion notification: A message broker signals completion of offline scoring before consumers fetch results.,accepted,option,It selects broker-mediated completion notification before result retrieval.,
Prediction Serving Interaction,How are prediction requests and completed predictions temporally coordinated and communicated between the caller and the serving system?,5.6,Model-version request routing: Requests identify a model version and a router directs them to the corresponding model.,accepted,other_question,It chooses model-version routing rather than the prediction interaction contract.,
Prediction Serving Interaction,How are prediction requests and completed predictions temporally coordinated and communicated between the caller and the serving system?,5.7,Cached offline predictions: Precomputed predictions are cached to reduce access latency for repeated or relevant requests.,accepted,option,It selects precomputation and caching as a prediction retrieval strategy.,
Prediction Serving Interaction,How are prediction requests and completed predictions temporally coordinated and communicated between the caller and the serving system?,5.8,Prediction-request feature payload: Including available contextual features directly in prediction requests.,accepted,other_question,It chooses what contextual data the prediction request contains.,
Prediction Serving Interaction,How are prediction requests and completed predictions temporally coordinated and communicated between the caller and the serving system?,5.9,Fresh recommendation results: Serve recommendation outputs that rapidly reflect new data and user actions.,accepted,goal,It states a freshness objective for recommendation results.,
Prediction Serving Interaction,How are prediction requests and completed predictions temporally coordinated and communicated between the caller and the serving system?,5.10,Low-latency recommendation serving: Return recommendation results quickly enough to respond to interactions.,accepted,goal,It states a latency objective for recommendation serving.,
Prediction Serving Interaction,How are prediction requests and completed predictions temporally coordinated and communicated between the caller and the serving system?,5.11,"Three-way prediction input contract: Supply predictions with model artifacts, processed data, and fresh live signals.",accepted,other_question,It defines the required prediction input sources rather than interaction timing.,
Prediction Serving Interaction,How are prediction requests and completed predictions temporally coordinated and communicated between the caller and the serving system?,5.12,REST model invocation: Request predictions from a remotely hosted model through a REST interface.,accepted,other_question,It chooses REST as the model invocation protocol.,
Prediction Serving Interaction,How are prediction requests and completed predictions temporally coordinated and communicated between the caller and the serving system?,5.13,gRPC model invocation: Request predictions from a remotely hosted model through gRPC.,accepted,other_question,It chooses gRPC as the model invocation protocol.,
Prediction Serving Interaction,How are prediction requests and completed predictions temporally coordinated and communicated between the caller and the serving system?,5.14,Reduced fraud-response latency: Streaming and real-time decisioning reduce the elapsed time from suspicious transaction detection to account blocking.,outcome,effect,It describes reduced fraud-response latency as an outcome of serving choices.,
Serving Architecture Style,Which architectural style should organize model-serving components and their boundaries?,29.1,Microservice architecture: Clearly separated product components are independently served as microservices.,mixed,option,Microservice architecture is a design choice for independently serving decomposed components.,
Serving Architecture Style,Which architectural style should organize model-serving components and their boundaries?,29.2,Monolithic architecture: A monolithic serving architecture was considered as an alternative to decomposed ML integration and rejected.,mixed,option,"Monolithic architecture is an alternative serving-organization choice, even though it was rejected.",
Serving Architecture Style,Which architectural style should organize model-serving components and their boundaries?,29.3,Hybrid microservice-monolith architecture: Microservice and monolithic structures are combined when both separation and shared integration are needed.,accepted,option,A hybrid architecture is a design choice combining microservice and monolithic boundaries.,
Serving Architecture Style,Which architectural style should organize model-serving components and their boundaries?,29.4,Universal default monolith: Treating the standard monolith as suitable for every situation is explicitly rejected.,mixed,option,"Using a universal monolith is a serving-architecture choice, even though it is explicitly rejected.",
Serving Architecture Style,Which architectural style should organize model-serving components and their boundaries?,29.5,Lambda architecture: Combine streaming and batch paths to support continuously updated online-learning systems.,accepted,other_question,"Lambda architecture answers how batch and streaming processing paths should be organized, not primarily how serving components are bounded.",
Serving Architecture Style,Which architectural style should organize model-serving components and their boundaries?,29.6,Loosely coupled serving integration: Keep serving components integrated with surrounding systems while allowing independent evolution and maintenance.,accepted,option,Loosely coupled serving integration is a choice about component boundaries and independent evolution.,
Serving Architecture Style,Which architectural style should organize model-serving components and their boundaries?,29.7,Weak ML component boundaries: ML components have weak boundaries that impede independent architecture and deployment.,outcome,effect,Weak component boundaries are a consequence or observed property rather than an architectural choice.,
Serving Architecture Style,Which architectural style should organize model-serving components and their boundaries?,29.8,"Interleaved ML model dependencies: One model consumes another model's outputs, creating coupled component dependencies.",outcome,effect,Interleaved model dependencies are a coupling consequence of the architecture rather than an option.,
Serving Deployment Arrangement,"How should serving components be deployed and arranged to host serving, support connectivity, and enable replacement?",30.1,Separate model and API deployment: The model and feature-retrieval or invocation APIs operate as distinct serving components.,accepted,option,Separate model and API deployments are an alternative serving topology.,
Serving Deployment Arrangement,"How should serving components be deployed and arranged to host serving, support connectivity, and enable replacement?",30.2,Containerized prediction microservice: A prediction model is packaged and deployed as a containerized microservice.,mixed,option,A containerized prediction microservice is an alternative deployment arrangement.,
Serving Deployment Arrangement,"How should serving components be deployed and arranged to host serving, support connectivity, and enable replacement?",30.3,"Clustered queue-backed serving: Online serving runs across a cluster behind a queue for load balancing, throughput, and low latency.",accepted,option,Queue-backed clustered serving is an alternative serving topology.,
Serving Deployment Arrangement,"How should serving components be deployed and arranged to host serving, support connectivity, and enable replacement?",30.4,Parallel stateless prediction pipelines: Multiple stateless prediction pipelines scale horizontally to accommodate load.,accepted,option,Parallel stateless pipelines are an alternative scaling and deployment arrangement.,
Serving Deployment Arrangement,"How should serving components be deployed and arranged to host serving, support connectivity, and enable replacement?",30.5,Web-service model deployment: Hosting trained models behind web-service interfaces in cloud or local environments.,accepted,option,Web-service model deployment is an alternative hosting and serving arrangement.,
Serving Deployment Arrangement,"How should serving components be deployed and arranged to host serving, support connectivity, and enable replacement?",30.6,Replaceable serving components: Serving components or providers can be substituted independently without rebuilding the whole system.,accepted,goal,Independent component replacement is a modularity and replaceability objective.,
Serving Deployment Arrangement,"How should serving components be deployed and arranged to host serving, support connectivity, and enable replacement?",30.7,"Container orchestration platform: Use Kubernetes, Fargate, or an equivalent orchestrator to run serving containers.",accepted,other_question,Choosing Kubernetes or Fargate answers which orchestration platform to use.,
Serving Deployment Arrangement,"How should serving components be deployed and arranged to host serving, support connectivity, and enable replacement?",30.8,Openscoring model serving: Serve trained models through the Openscoring serving mechanism.,accepted,other_question,Choosing Openscoring answers which model-serving mechanism or provider to use.,
Serving Deployment Arrangement,"How should serving components be deployed and arranged to host serving, support connectivity, and enable replacement?",30.9,Rolling serving upgrades: Update deployed ML services incrementally without downtime.,accepted,other_question,Rolling upgrades answer how serving deployments should be updated.,
Serving Deployment Arrangement,"How should serving components be deployed and arranged to host serving, support connectivity, and enable replacement?",30.10,HTTPS service communication: Secure REST service communication using HTTPS as a deployment and integration requirement.,accepted,other_question,HTTPS answers a service communication and security design question.,
Serving Deployment Arrangement,"How should serving components be deployed and arranged to host serving, support connectivity, and enable replacement?",30.11,Reduced single-point-of-failure risk: Service decomposition reduces dependence on one provider or component failure.,outcome,effect,Reduced single-point-of-failure risk is a consequence of service decomposition.,
Serving Deployment Arrangement,"How should serving components be deployed and arranged to host serving, support connectivity, and enable replacement?",30.12,Feature-service independence: Independent feature services enable distributed development and component autonomy.,outcome,effect,Feature-service independence is a consequence of independently deployed services.,
Serving Deployment Arrangement,"How should serving components be deployed and arranged to host serving, support connectivity, and enable replacement?",30.13,Distributed development enablement: Service decomposition enables development by distributed teams.,outcome,effect,Distributed development enablement is a consequence of service decomposition.,
Serving Deployment Arrangement,"How should serving components be deployed and arranged to host serving, support connectivity, and enable replacement?",30.14,Software development cost: Development and maintenance effort affected by application architecture and code organization.,outcome,effect,Software development cost is an architectural consequence or impact.,
Serving Capacity and Recovery,Which serving-infrastructure strategy should maintain prediction capacity under changing demand and component failures?,31.1,Elastic serving scale: Prediction infrastructure dynamically scales capacity with changing workload demand.,accepted,option,Dynamic elastic scaling is a choice for adapting serving capacity to workload demand.,
Serving Capacity and Recovery,Which serving-infrastructure strategy should maintain prediction capacity under changing demand and component failures?,31.2,Automated failover and recovery: Production serving activates geographically resilient failover and rapid automated recovery.,accepted,option,Geographically resilient failover and automated recovery are choices for maintaining service after failures.,
Serving Capacity and Recovery,Which serving-infrastructure strategy should maintain prediction capacity under changing demand and component failures?,31.3,Serverless service deployment: Deploy services through a serverless runtime rather than dedicated continuously running hosts.,accepted,other_question,"Serverless versus dedicated hosts is a deployment-model decision, not specifically a capacity and recovery strategy.",
Serving Capacity and Recovery,Which serving-infrastructure strategy should maintain prediction capacity under changing demand and component failures?,31.4,Availability-oriented serving: Prioritize service availability and rapid recovery so prediction requests receive responses despite failures or load.,accepted,goal,Prioritizing availability and rapid recovery states an objective for the serving architecture.,
Serving Capacity and Recovery,Which serving-infrastructure strategy should maintain prediction capacity under changing demand and component failures?,31.5,"Performance-oriented serving: Choose serving architecture to meet read, write, scoring, and response-time performance requirements.",accepted,goal,Meeting performance requirements states an objective rather than a concrete architectural alternative.,
Serving Capacity and Recovery,Which serving-infrastructure strategy should maintain prediction capacity under changing demand and component failures?,31.6,Horizontal execution-cluster scaling: Scale the execution cluster horizontally for automated ML workflows.,accepted,option,Horizontal execution-cluster scaling is a choice for increasing workflow execution capacity.,
Serving Capacity and Recovery,Which serving-infrastructure strategy should maintain prediction capacity under changing demand and component failures?,31.7,Workload-managed serving computation: Manage computational resources according to workload to sustain efficient production operation.,accepted,option,Managing computation according to workload is a resource-management strategy for serving operation.,
Serving Capacity and Recovery,Which serving-infrastructure strategy should maintain prediction capacity under changing demand and component failures?,31.8,Fault-tolerant self-healing serving: Recover from component breakdowns through fault tolerance and self-healing operation.,accepted,option,Fault tolerance and self-healing are architectural choices for recovering from component breakdowns.,
Serving Capacity and Recovery,Which serving-infrastructure strategy should maintain prediction capacity under changing demand and component failures?,31.9,"Serverless state and duration mismatch: Stateless short-lived serverless functions can fit poorly with stateful, long-running data-science workers.",outcome,effect,A mismatch between serverless execution and worker state or duration is a consequence or risk of deployment choices.,
Serving Capacity and Recovery,Which serving-infrastructure strategy should maintain prediction capacity under changing demand and component failures?,31.10,Scalable ML pipeline operation: Ability of deployed ML pipeline infrastructure to operate at increasing scale.,outcome,effect,Operating an ML pipeline at increasing scale is an outcome of infrastructure and scaling choices.,
Serving Capacity and Recovery,Which serving-infrastructure strategy should maintain prediction capacity under changing demand and component failures?,31.11,Sub-10-millisecond scoring latency: Observed prediction response latency below ten milliseconds under load.,outcome,effect,Sub-10-millisecond scoring latency is an observed performance result.,
Serving Capacity and Recovery,Which serving-infrastructure strategy should maintain prediction capacity under changing demand and component failures?,31.12,Software scalability: The selected service architecture improves software scalability.,outcome,effect,Improved software scalability is a consequence of the selected service architecture.,
Serving Capacity and Recovery,Which serving-infrastructure strategy should maintain prediction capacity under changing demand and component failures?,31.13,Latency-throughput constraint: Meet application-specific latency and throughput requirements for production inference.,outcome,goal,Meeting application-specific latency and throughput requirements is a production inference objective.,
Feature and Model State Storage,"Which storage strategy should provide feature, model, and serving state to prediction components?",32.1,In-memory feature store: Input features are kept in a low-read-latency in-memory store for online prediction.,accepted,option,It is a selectable in-memory storage strategy for online feature serving.,
Feature and Model State Storage,"Which storage strategy should provide feature, model, and serving state to prediction components?",32.2,Atomic model-state persistence: Model parameter reads and writes preserve an all-or-nothing serving-visible model state.,accepted,other_question,"It addresses whether model-state updates and reads are atomic, rather than which storage strategy is used.",
Feature and Model State Storage,"Which storage strategy should provide feature, model, and serving state to prediction components?",32.3,Key-value model store: Models and parameters are stored in a key-value system to improve serving performance.,accepted,option,It is a selectable key-value storage strategy for models and parameters.,
Serving Platform and Hardware,Where and on what infrastructure or hardware should model inference be executed?,35.1,Edge model deployment: Deployment of inference models to edge devices rather than only centralized services.,accepted,option,Choosing edge deployment is an alternative execution location for inference.,
Serving Platform and Hardware,Where and on what infrastructure or hardware should model inference be executed?,35.2,"Inference hardware selection: Selection of CPU, GPU, or FPGA resources for model inference.",accepted,option,"Choosing CPU, GPU, or FPGA is an alternative inference hardware decision.",
Serving Platform and Hardware,Where and on what infrastructure or hardware should model inference be executed?,35.3,"Target-platform resource configuration: Configuration of VM family, memory, cores, and related serving resources.",accepted,option,"Choosing VM family, memory, and cores is an alternative serving-resource configuration.",
Serving Platform and Hardware,Where and on what infrastructure or hardware should model inference be executed?,35.4,Hosted model-serving infrastructure: Models are hosted and maintained on dedicated infrastructure after deployment.,accepted,option,Choosing dedicated hosted serving infrastructure is an alternative execution and hosting arrangement.,
Serving Platform and Hardware,Where and on what infrastructure or hardware should model inference be executed?,35.5,"Azure or local serving target: Deploy real-time model services to Azure Container Instance, Azure Kubernetes Service, or a local environment.",accepted,option,Choosing Azure services or a local environment is an alternative serving platform.,
Serving Platform and Hardware,Where and on what infrastructure or hardware should model inference be executed?,35.6,Infrastructure hosting cost: Data-storage and server costs resulting from infrastructure and deployment architecture.,outcome,effect,Infrastructure hosting cost is an outcome of platform and deployment choices.,
Serving Packaging and Runtime,Which deployment-packaging strategy should be used to make model serving executable?,36.1,Dependency-defined serving environment: Packaging runtime dependencies required by the serving entry point and models.,accepted,other_question,"It answers how serving dependencies should be defined, rather than which deployment-package strategy to use.",
Serving Packaging and Runtime,Which deployment-packaging strategy should be used to make model serving executable?,36.2,Model-serving entry script: Request-handling entry point that invokes models and returns prediction responses.,accepted,other_question,It answers which request-handling entry point should be used.,
Serving Packaging and Runtime,Which deployment-packaging strategy should be used to make model serving executable?,36.3,Supplemental model-serving assets: Packaging of additional text or data assets required at serving time.,accepted,other_question,It answers which supplemental assets should be included at serving time.,
Serving Packaging and Runtime,Which deployment-packaging strategy should be used to make model serving executable?,36.4,Machine-learning function abstraction: Packaging executable ML code as managed functions with injected runtime context.,accepted,other_question,It answers which abstraction should encapsulate executable machine-learning code.,
Serving Packaging and Runtime,Which deployment-packaging strategy should be used to make model serving executable?,36.5,Serverless ZIP packaging: Package serverless code and dependencies as a ZIP artifact with a single invocation entry point.,accepted,option,A serverless ZIP artifact is an alternative deployment-packaging strategy.,
Serving Packaging and Runtime,Which deployment-packaging strategy should be used to make model serving executable?,36.6,"Deployment package configuration: Package model artifacts, dependencies, invocation code, and deployment configuration together.",accepted,option,A combined deployment package is an alternative deployment-packaging strategy.,
Serving Packaging and Runtime,Which deployment-packaging strategy should be used to make model serving executable?,36.7,"Manifest-defined execution package: Package production execution through a manifest defining code configuration, dependencies, resources, and runtime baseline.",accepted,option,A manifest-defined execution package is an alternative deployment-packaging strategy.,
Serving Packaging and Runtime,Which deployment-packaging strategy should be used to make model serving executable?,36.8,"Wrapper-based runtime injection: Supply secrets, credentials, execution context, and parameters through the runtime wrapper rather than embedded code.",accepted,other_question,It answers how secrets and runtime context should be injected.,
Serving Packaging and Runtime,Which deployment-packaging strategy should be used to make model serving executable?,36.9,Model-as-dependency packaging: Package a trained model inside an application as a conventional software dependency.,accepted,option,Packaging the trained model as an application dependency is an alternative packaging strategy.,
Serving Packaging and Runtime,Which deployment-packaging strategy should be used to make model serving executable?,36.10,Microservice maintainability burden: Maintainability and readability costs resulting from extensive service decomposition.,outcome,effect,It is a maintainability cost resulting from extensive service decomposition.,
Serving Packaging and Runtime,Which deployment-packaging strategy should be used to make model serving executable?,36.11,Monolithic dependency-change ripple: Change propagation across a shared codebase after a deeply nested dependency change.,outcome,effect,It is a change-propagation consequence of modifying a shared dependency.,
Serving Packaging and Runtime,Which deployment-packaging strategy should be used to make model serving executable?,36.12,Monolithic cognitive overhead: Debugging and extension effort caused by traversing a large shared codebase.,outcome,effect,It is a debugging and extension cost of a large shared codebase.,
Serving Packaging and Runtime,Which deployment-packaging strategy should be used to make model serving executable?,36.13,Serverless artifact-size constraint: Deployment artifact size limits constrain serverless packaging.,outcome,effect,It is a deployment constraint imposed by serverless artifact-size limits.,
Serving Packaging and Runtime,Which deployment-packaging strategy should be used to make model serving executable?,36.14,Reproducible software builds: Manage declared dependencies and environments to produce repeatable software builds.,outcome,goal,Reproducible builds are an objective for dependency and environment management.,
ML Infrastructure Placement,"Where should ML capabilities and their supporting infrastructure be deployed: in the cloud, on premises, or across a hybrid environment?",37.1,Hybrid cloud and on-premises infrastructure: Cloud services coexist with on-premises systems to accommodate sensitive workloads and existing infrastructure.,accepted,option,Hybrid cloud and on-premises deployment is an alternative infrastructure-placement choice.,
ML Infrastructure Placement,"Where should ML capabilities and their supporting infrastructure be deployed: in the cloud, on premises, or across a hybrid environment?",37.2,On-premises sensitive-data retention: Private or sensitive data remains on company-controlled servers to reduce exposure risk.,accepted,other_question,"This chooses where sensitive data is retained, rather than where ML capabilities run.",
ML Infrastructure Placement,"Where should ML capabilities and their supporting infrastructure be deployed: in the cloud, on premises, or across a hybrid environment?",37.3,"Centralized consistent storage: Accessible data is retained in a consistent structure, ideally in one centralized location.",mixed,other_question,This chooses a data-storage organization model rather than infrastructure placement.,
ML Infrastructure Placement,"Where should ML capabilities and their supporting infrastructure be deployed: in the cloud, on premises, or across a hybrid environment?",37.4,"Computation-resource abstraction: Separating ML code from the cluster, distributed engine, or runtime executing it.",accepted,other_question,This chooses whether execution details are abstracted from ML code.,
ML Infrastructure Placement,"Where should ML capabilities and their supporting infrastructure be deployed: in the cloud, on premises, or across a hybrid environment?",37.5,Organizational workflow reorganization: Reworking organizational workflows and processes to enable machine-learning adoption.,accepted,other_question,This chooses an organizational workflow and adoption approach.,
ML Infrastructure Placement,"Where should ML capabilities and their supporting infrastructure be deployed: in the cloud, on premises, or across a hybrid environment?",37.6,Direct underlying-data access: Allowing direct access to underlying data was explicitly rejected as an infrastructure access approach.,rejected,other_question,This chooses a data-access policy rather than a deployment location.,
ML Infrastructure Placement,"Where should ML capabilities and their supporting infrastructure be deployed: in the cloud, on premises, or across a hybrid environment?",37.7,Machine-local dependency installation: Notebook dependencies are installed only on an individual developer machine.,accepted,other_question,This chooses how notebook dependencies are installed and scoped.,
ML Infrastructure Placement,"Where should ML capabilities and their supporting infrastructure be deployed: in the cloud, on premises, or across a hybrid environment?",37.8,Custom-built MLOps infrastructure: Build and maintain an organization-specific MLOps tool ecosystem in-house.,accepted,other_question,This chooses to build an MLOps ecosystem internally rather than selecting a placement.,
ML Infrastructure Placement,"Where should ML capabilities and their supporting infrastructure be deployed: in the cloud, on premises, or across a hybrid environment?",37.9,Managed cloud MLOps platform: Adopt a fully managed cloud platform spanning substantial portions of model development and operations.,accepted,other_question,This chooses a managed MLOps operating model.,
ML Infrastructure Placement,"Where should ML capabilities and their supporting infrastructure be deployed: in the cloud, on premises, or across a hybrid environment?",37.10,Pre-built MLOps pipeline components: Assemble MLOps workflows from pre-built components and templates supplied by a platform.,accepted,other_question,This chooses how MLOps workflows are assembled from reusable components.,
ML Infrastructure Placement,"Where should ML capabilities and their supporting infrastructure be deployed: in the cloud, on premises, or across a hybrid environment?",37.11,Hybrid MLOps infrastructure: Combine internally built and externally managed infrastructure components for MLOps.,accepted,other_question,This chooses a hybrid MLOps sourcing and management model.,
ML Infrastructure Placement,"Where should ML capabilities and their supporting infrastructure be deployed: in the cloud, on premises, or across a hybrid environment?",37.12,Hybrid infrastructure management complexity: Operating cloud and on-premises environments together creates additional management complexity.,outcome,effect,Management complexity is a consequence of operating hybrid infrastructure.,
ML Infrastructure Placement,"Where should ML capabilities and their supporting infrastructure be deployed: in the cloud, on premises, or across a hybrid environment?",37.13,Sensitive-data exposure risk: A vulnerability affecting private data can have catastrophic consequences and motivates infrastructure isolation.,outcome,effect,Sensitive-data exposure risk is a consequence motivating infrastructure isolation.,
ML Infrastructure Placement,"Where should ML capabilities and their supporting infrastructure be deployed: in the cloud, on premises, or across a hybrid environment?",37.14,On-premises infrastructure reliability failures: Reliability problems arising from operating infrastructure on premises.,outcome,effect,On-premises reliability failures are an operational consequence of placement.,
ML Infrastructure Placement,"Where should ML capabilities and their supporting infrastructure be deployed: in the cloud, on premises, or across a hybrid environment?",37.15,Specialized compute and storage access gaps: Limited access to specialized infrastructure resources under self-managed deployment.,outcome,effect,Specialized-resource access gaps are a consequence of self-managed deployment.,
ML Infrastructure Placement,"Where should ML capabilities and their supporting infrastructure be deployed: in the cloud, on premises, or across a hybrid environment?",37.16,Infrastructure-specific skills gap: Additional specialist skills required to operate self-managed infrastructure.,outcome,effect,The infrastructure-specific skills gap is a consequence of self-management.,
ML Infrastructure Placement,"Where should ML capabilities and their supporting infrastructure be deployed: in the cloud, on premises, or across a hybrid environment?",37.17,Infrastructure management diversion from model R&D: Operational infrastructure work displaces attention from model research and data collection.,outcome,effect,Infrastructure work displacing model R&D is an operational consequence.,
ML Infrastructure Placement,"Where should ML capabilities and their supporting infrastructure be deployed: in the cloud, on premises, or across a hybrid environment?",37.18,Managed platform flexibility and scalability: Flexibility and scalability resulting from using a fully managed platform.,outcome,effect,Flexibility and scalability are consequences of managed-platform use.,
ML Infrastructure Placement,"Where should ML capabilities and their supporting infrastructure be deployed: in the cloud, on premises, or across a hybrid environment?",37.19,"Managed platform compliance and security exposure: Compliance, regulatory, and security concerns introduced by managed-platform use.",outcome,effect,Compliance and security exposure are consequences of managed-platform use.,
ML Infrastructure Placement,"Where should ML capabilities and their supporting infrastructure be deployed: in the cloud, on premises, or across a hybrid environment?",37.20,Cloud-based ML infrastructure: Running ML infrastructure in cloud environments rather than only self-managed local systems.,outcome,option,Cloud-based ML infrastructure is an alternative deployment-location choice.,
ML Infrastructure Placement,"Where should ML capabilities and their supporting infrastructure be deployed: in the cloud, on premises, or across a hybrid environment?",37.21,"ML infrastructure maintenance burden: Building, updating, and operating in-house ML infrastructure consumes substantial engineering effort.",outcome,effect,The maintenance burden is a cost consequence of building and operating infrastructure in-house.,
ML Development Environment,What development environment and workflow should support machine-learning implementation and experimentation?,38.1,Enterprise-standard RStudio platform: An organization mandates RStudio Server as the standard data-science development platform.,accepted,option,Selecting RStudio Server is an alternative enterprise development-platform choice.,
ML Development Environment,What development environment and workflow should support machine-learning implementation and experimentation?,38.2,Mandatory R-language constraint: Organizational guidelines require data-science projects to use R.,accepted,option,Requiring R is an alternative implementation-language policy.,
ML Development Environment,What development environment and workflow should support machine-learning implementation and experimentation?,38.3,Notebook-based prototyping: Data scientists prototype with notebooks despite an enterprise-provided platform.,mixed,option,Using notebooks for prototyping is an alternative development-workflow choice.,
ML Development Environment,What development environment and workflow should support machine-learning implementation and experimentation?,38.4,Model access authentication: Authentication restricts model use to authorized parties.,accepted,other_question,Model authentication addresses an access-control and security decision rather than the development environment.,
ML Development Environment,What development environment and workflow should support machine-learning implementation and experimentation?,38.5,Notebook production pipeline: Using notebooks as the production pipeline was explicitly rejected.,mixed,option,Rejecting notebooks as the production pipeline is an alternative notebook lifecycle choice.,
ML Development Environment,What development environment and workflow should support machine-learning implementation and experimentation?,38.6,Multi-language implementation support: Use infrastructure that permits services or ML components to be implemented in multiple programming languages.,mixed,option,Supporting multiple implementation languages is an alternative development-platform capability choice.,
ML Development Environment,What development environment and workflow should support machine-learning implementation and experimentation?,38.7,Visual low-code/no-code ML tooling: Use of visual tools instead of conventional code-centered ML development.,accepted,option,Visual low-code or no-code tooling is an alternative ML development approach.,
ML Development Environment,What development environment and workflow should support machine-learning implementation and experimentation?,38.8,Cloud-hosted notebook execution: Using cloud-hosted notebook execution was explicitly rejected in favor of the selected execution arrangement.,mixed,option,Choosing or rejecting cloud-hosted notebook execution is an execution-environment choice.,
ML Development Environment,What development environment and workflow should support machine-learning implementation and experimentation?,38.9,Uncontainerized notebook runtime: Research notebooks run without container isolation from production environments.,accepted,option,Running research notebooks without container isolation is an execution-environment choice.,
ML Development Environment,What development environment and workflow should support machine-learning implementation and experimentation?,38.10,Notebook execution without build and CI validation: Notebook execution bypasses build processing and server-enforced continuous-integration validation.,accepted,option,Bypassing build and CI validation is an alternative notebook execution and validation workflow.,
ML Development Environment,What development environment and workflow should support machine-learning implementation and experimentation?,38.11,Python implementation language: Python is selected as the primary implementation language for machine learning and data science.,accepted,option,Selecting Python is an alternative primary implementation-language choice.,
ML Development Environment,What development environment and workflow should support machine-learning implementation and experimentation?,38.12,"JSON-file notebook representation: Represent notebooks as large JSON documents, affecting collaboration and versioning.",mixed,other_question,JSON notebook representation concerns document and version-control representation rather than the development environment.,
ML Development Environment,What development environment and workflow should support machine-learning implementation and experimentation?,38.13,Local-machine data access: Develop by accessing protected data directly from a local machine.,rejected,other_question,Direct local access to protected data concerns data-access security architecture.,
ML Development Environment,What development environment and workflow should support machine-learning implementation and experimentation?,38.14,Secure VM-hosted IDE development: Use a secure virtual machine and IDE for protected-data development.,accepted,other_question,Secure VM-hosted IDE development primarily answers a protected-data access and isolation question.,
ML Development Environment,What development environment and workflow should support machine-learning implementation and experimentation?,38.15,"Replicable IDE code development: Use an IDE setup that supports proper, repeatable code and results.",accepted,option,Using a replicable IDE setup is an alternative development-environment approach.,
ML Development Environment,What development environment and workflow should support machine-learning implementation and experimentation?,38.16,Notebook cell SQL execution: Execute SQL directly through notebook cell integrations.,mixed,other_question,Executing SQL in notebook cells concerns query interaction and data-access workflow.,
ML Development Environment,What development environment and workflow should support machine-learning implementation and experimentation?,38.17,Generic query-generation function: Generate related queries through a reusable function parameterized by changing elements.,accepted,other_question,Parameterized query generation concerns query design and reuse rather than the ML development environment.,
ML Development Environment,What development environment and workflow should support machine-learning implementation and experimentation?,38.18,Notebook execution-state caching: Cache executed cell results and variables for reuse across notebook cells.,accepted,other_question,Caching notebook execution state concerns notebook state-management behavior.,
ML Development Environment,What development environment and workflow should support machine-learning implementation and experimentation?,38.19,Explicit notebook cache invalidation: Clear cached state or rerun defining cells to invalidate notebook results.,accepted,other_question,Explicit cache invalidation concerns notebook state-management and freshness practices.,
ML Development Environment,What development environment and workflow should support machine-learning implementation and experimentation?,38.20,PyCharm data-science editor: Use an IDE such as PyCharm as the primary environment for editing data-science code.,accepted,option,Using PyCharm as the primary editor is an alternative IDE choice.,
ML Development Environment,What development environment and workflow should support machine-learning implementation and experimentation?,38.21,Server-side notebook hosting: Host notebooks on servers to protect sensitive data and centralize execution.,mixed,option,Hosting notebooks server-side is an alternative notebook execution and hosting approach.,
ML Development Environment,What development environment and workflow should support machine-learning implementation and experimentation?,38.22,Notebook showcasing and exploratory workflow: Use interactive notebooks for presenting results and conducting exploratory data analysis.,accepted,option,Using interactive notebooks for exploration and presentation is an alternative development workflow.,
ML Development Environment,What development environment and workflow should support machine-learning implementation and experimentation?,38.23,"Notebook code-quality and testing burden: Notebook-centered development creates difficulty with linting, function structure, and automated testing.",outcome,effect,Notebook code-quality and testing burden is a consequence of notebook-centered development.,
ML Development Environment,What development environment and workflow should support machine-learning implementation and experimentation?,38.24,Technology-dependent maintenance and expert availability burden: Maintenance difficulty and staffing constraints resulting from selected languages and technologies.,outcome,effect,Maintenance and staffing constraints are consequences of language and technology choices.,
ML Development Environment,What development environment and workflow should support machine-learning implementation and experimentation?,38.25,Research-production numerical divergence: Dependency differences cause numerical calculations to differ between research and production.,outcome,effect,Numerical divergence between research and production is a consequence of dependency differences.,
ML Development Environment,What development environment and workflow should support machine-learning implementation and experimentation?,38.26,Non-reproducible local notebook results: Local dependency and caching differences produce different notebook results across machines.,outcome,effect,Non-reproducible local results are a consequence of dependency and caching differences.,
ML Development Environment,What development environment and workflow should support machine-learning implementation and experimentation?,38.27,Data value realization: Business value sought from collected data and enabled by organizational ML capabilities.,outcome,goal,Realizing value from data is an organizational objective rather than an environment option.,
ML Development Environment,What development environment and workflow should support machine-learning implementation and experimentation?,38.28,Notebook merge difficulty: Difficulty merging collaboratively edited notebooks because of their document representation.,outcome,effect,Notebook merge difficulty is a consequence of notebook document representation.,
ML Development Environment,What development environment and workflow should support machine-learning implementation and experimentation?,38.29,Notebook review-workflow gap: Difficulty applying pull requests and software review practices to collaborative notebooks.,outcome,effect,The notebook review-workflow gap is a consequence of collaborative notebook development.,
ML Development Environment,What development environment and workflow should support machine-learning implementation and experimentation?,38.30,Lowered data-science entry barriers: Notebook environments make data science more accessible by reducing barriers to entry.,outcome,effect,Lower entry barriers are an outcome of notebook environments.,
ML Development Environment,What development environment and workflow should support machine-learning implementation and experimentation?,38.31,Duplicated credential management: Maintain access credentials separately across notebooks.,outcome,effect,Duplicated credential management is a consequence of separate notebook access arrangements.,
ML Development Environment,What development environment and workflow should support machine-learning implementation and experimentation?,38.32,"Noncanonical dataset definition: Lack a reusable canonical representation of a dataset, requiring copied query definitions.",outcome,effect,Noncanonical dataset definitions are a consequence of copied query definitions.,
ML Development Environment,What development environment and workflow should support machine-learning implementation and experimentation?,38.33,"Untracked notebook accumulation: Accumulate notebooks whose purpose, history, and version relationships are unclear.",outcome,effect,Untracked notebook accumulation is a consequence of notebook-centered development.,
ML Development Environment,What development environment and workflow should support machine-learning implementation and experimentation?,38.34,"IDE productivity improvement: Improve development speed, code quality, and production delivery through IDE-supported work.",outcome,effect,IDE productivity improvement is an outcome of IDE-supported development.,
ML Development Environment,What development environment and workflow should support machine-learning implementation and experimentation?,38.35,Duplicated notebook queries: Repeated notebook query cells create duplicated query code.,outcome,effect,Duplicated notebook queries are a consequence of repeated query cells.,
ML Development Environment,What development environment and workflow should support machine-learning implementation and experimentation?,38.36,"Avoided repeated notebook computation: Avoid repeated expensive training, retrieval, or database computation through cached results.",outcome,effect,Avoided repeated computation is an outcome of caching.,
ML Development Environment,What development environment and workflow should support machine-learning implementation and experimentation?,38.37,Stale notebook state risk: Retained notebook state can expose obsolete data or model results.,outcome,effect,Stale notebook state risk is a consequence of retained execution state.,
ML Development Environment,What development environment and workflow should support machine-learning implementation and experimentation?,38.38,"Procedural notebook workflow: Develop notebook work as sequential procedural steps, with associated maintainability consequences.",outcome,fact,A procedural notebook workflow describes a characteristic of how notebook work is performed.,
Operational Monitoring Strategy,"What operational monitoring and oversight mechanisms should be used to observe deployed models and detect health, quality, failure, drift, or business-impact problems?",9.1,"End-to-end lifecycle monitoring: Models, infrastructure, and all ML construction and operation steps are monitored continuously.",accepted,option,It is an alternative choice for the scope and coverage of operational monitoring.,
Operational Monitoring Strategy,"What operational monitoring and oversight mechanisms should be used to observe deployed models and detect health, quality, failure, drift, or business-impact problems?",9.2,"Data-scientist-led monitoring: The model creator personally collects feedback, iterates, and supervises the model after deployment.",accepted,other_question,It chooses who is responsible for monitoring rather than how monitoring is performed.,
Operational Monitoring Strategy,"What operational monitoring and oversight mechanisms should be used to observe deployed models and detect health, quality, failure, drift, or business-impact problems?",9.3,Periodic model health checks: Teams revisit deployed models at regular intervals for basic health assessment.,accepted,option,It is an alternative monitoring cadence for checking deployed model health.,
Operational Monitoring Strategy,"What operational monitoring and oversight mechanisms should be used to observe deployed models and detect health, quality, failure, drift, or business-impact problems?",9.4,"User-reported issue detection: Users identify failures and problems, after which the team responds reactively.",accepted,option,It is an alternative detection mechanism based on user-reported failures.,
Operational Monitoring Strategy,"What operational monitoring and oversight mechanisms should be used to observe deployed models and detect health, quality, failure, drift, or business-impact problems?",9.5,Custom monitoring dashboard: Important models use internally built dashboards for dedicated operational observation.,accepted,option,It is an alternative implementation for observing important models operationally.,
Operational Monitoring Strategy,"What operational monitoring and oversight mechanisms should be used to observe deployed models and detect health, quality, failure, drift, or business-impact problems?",9.6,Failure-driven monitoring checks: Custom checks are added incrementally after operational failures occur.,accepted,option,It is an alternative strategy for adding monitoring checks in response to failures.,
Operational Monitoring Strategy,"What operational monitoring and oversight mechanisms should be used to observe deployed models and detect health, quality, failure, drift, or business-impact problems?",9.7,Separated model and business KPI reporting: Operational model metrics and business KPI reports are maintained in separate views or silos.,accepted,other_question,It chooses how operational and business reporting is organized rather than the monitoring mechanism.,
Operational Monitoring Strategy,"What operational monitoring and oversight mechanisms should be used to observe deployed models and detect health, quality, failure, drift, or business-impact problems?",9.8,Human review of uncertain predictions: Predictions below a confidence threshold are routed to human workers for review and updating.,accepted,option,It is an operational human-oversight mechanism for uncertain predictions.,
Operational Monitoring Strategy,"What operational monitoring and oversight mechanisms should be used to observe deployed models and detect health, quality, failure, drift, or business-impact problems?",9.9,Active model performance monitoring: The source explicitly rejected active model-performance monitoring as the selected monitoring approach.,rejected,option,It is a rejected alternative concerning whether to actively monitor model performance.,
Operational Monitoring Strategy,"What operational monitoring and oversight mechanisms should be used to observe deployed models and detect health, quality, failure, drift, or business-impact problems?",9.10,Training-serving data drift monitoring: Monitor divergence between training data or features and those observed during production serving.,accepted,option,It is an alternative monitoring mechanism for detecting training-serving drift.,
Operational Monitoring Strategy,"What operational monitoring and oversight mechanisms should be used to observe deployed models and detect health, quality, failure, drift, or business-impact problems?",9.11,Below-threshold human review loop: Route predictions below a confidence or quality threshold to human review before accepting the result.,accepted,option,It is an operational human-review mechanism triggered by low confidence or quality.,
Operational Monitoring Strategy,"What operational monitoring and oversight mechanisms should be used to observe deployed models and detect health, quality, failure, drift, or business-impact problems?",9.12,Complete online-learning data logging: Whether all incoming online-learning data is retained for offline analysis and replay.,accepted,other_question,It decides the completeness of online-learning data retention for replay and analysis.,
Operational Monitoring Strategy,"What operational monitoring and oversight mechanisms should be used to observe deployed models and detect health, quality, failure, drift, or business-impact problems?",9.13,"Prediction logging: Whether predictions and their inputs are logged for replay, validation, and optimization.",accepted,option,Logging predictions and inputs is an observability mechanism supporting operational monitoring.,
Operational Monitoring Strategy,"What operational monitoring and oversight mechanisms should be used to observe deployed models and detect health, quality, failure, drift, or business-impact problems?",9.14,Deferred persistence of logged data: Whether operational logs may be persisted later when immediate durability is unnecessary.,accepted,other_question,It decides when operational logs must be persisted rather than how models are monitored.,
Operational Monitoring Strategy,"What operational monitoring and oversight mechanisms should be used to observe deployed models and detect health, quality, failure, drift, or business-impact problems?",9.15,Half-blind input-output monitoring: Monitoring inputs and predictions before ground truth or business outcomes are immediately available.,accepted,option,It is an alternative monitoring approach used before ground truth or outcomes are available.,
Operational Monitoring Strategy,"What operational monitoring and oversight mechanisms should be used to observe deployed models and detect health, quality, failure, drift, or business-impact problems?",9.16,Classifier decision-threshold adjustment: Changing prediction thresholds to respond to drift or evolving model behavior.,accepted,other_question,It decides how model decision thresholds are adapted in response to behavior or drift.,
Operational Monitoring Strategy,"What operational monitoring and oversight mechanisms should be used to observe deployed models and detect health, quality, failure, drift, or business-impact problems?",9.17,Product-feature compensation for model flaws: Changing product features to mitigate known model weaknesses or population-specific failures.,accepted,other_question,It decides how product design compensates for model weaknesses rather than how models are monitored.,
Operational Monitoring Strategy,"What operational monitoring and oversight mechanisms should be used to observe deployed models and detect health, quality, failure, drift, or business-impact problems?",9.18,Automated model adjustment: Operationally automated changes maintain or improve a deployed model after delivery.,accepted,other_question,It decides whether deployed models are automatically adjusted rather than how they are observed.,
Operational Monitoring Strategy,"What operational monitoring and oversight mechanisms should be used to observe deployed models and detect health, quality, failure, drift, or business-impact problems?",9.19,Live-data performance monitoring: Production performance statistics from live data support operational decisions and retraining.,accepted,option,It is an alternative monitoring mechanism based on production performance statistics.,
Operational Monitoring Strategy,"What operational monitoring and oversight mechanisms should be used to observe deployed models and detect health, quality, failure, drift, or business-impact problems?",9.20,Pipeline dependency-change monitoring: Monitoring detects dependency changes across the complete machine-learning pipeline.,accepted,option,It is an alternative monitoring mechanism for pipeline dependency changes.,
Operational Monitoring Strategy,"What operational monitoring and oversight mechanisms should be used to observe deployed models and detect health, quality, failure, drift, or business-impact problems?",9.21,Training-serving input schema monitoring: Monitoring alerts when production inputs violate the schema established during training.,accepted,option,It is an alternative monitoring mechanism for violations of training-time input schemas.,
Operational Monitoring Strategy,"What operational monitoring and oversight mechanisms should be used to observe deployed models and detect health, quality, failure, drift, or business-impact problems?",9.22,Alert-threshold tuning: Alert thresholds are tuned to keep monitoring signals useful and credible.,accepted,option,It is a choice about configuring monitoring alerts to remain useful and credible.,
Operational Monitoring Strategy,"What operational monitoring and oversight mechanisms should be used to observe deployed models and detect health, quality, failure, drift, or business-impact problems?",9.23,Numerical and computational stability alerting: Monitoring alerts on numerical invalidity and dramatic or gradual computational regressions.,accepted,option,It is an alternative monitoring mechanism for numerical and computational failures.,
Operational Monitoring Strategy,"What operational monitoring and oversight mechanisms should be used to observe deployed models and detect health, quality, failure, drift, or business-impact problems?",9.24,"Lifecycle event alerting: Alert on experiment, registration, deployment, and drift events during the model lifecycle.",accepted,option,It is an alternative monitoring mechanism for lifecycle and drift events.,
Operational Monitoring Strategy,"What operational monitoring and oversight mechanisms should be used to observe deployed models and detect health, quality, failure, drift, or business-impact problems?",9.25,Distinct ML monitoring domain: Treat monitoring of model behavior and impact as a specialized operational discipline distinct from general software monitoring.,accepted,option,It is an architectural choice to treat model monitoring as a distinct operational discipline.,
Operational Monitoring Strategy,"What operational monitoring and oversight mechanisms should be used to observe deployed models and detect health, quality, failure, drift, or business-impact problems?",9.26,"Cross-functional monitoring responsibility: Assign model monitoring responsibility across technical, business, support, and other affected stakeholders.",accepted,other_question,It decides how monitoring responsibility is distributed among stakeholders.,
Operational Monitoring Strategy,"What operational monitoring and oversight mechanisms should be used to observe deployed models and detect health, quality, failure, drift, or business-impact problems?",9.27,Software-metrics-only monitoring: Rely exclusively on software metrics to monitor a production model.,rejected,option,It is a rejected alternative that restricts monitoring to software metrics.,
Operational Monitoring Strategy,"What operational monitoring and oversight mechanisms should be used to observe deployed models and detect health, quality, failure, drift, or business-impact problems?",9.28,Business-KPI-only monitoring: Wait exclusively for downstream product or business KPIs to monitor model behavior.,rejected,option,It is a rejected alternative that restricts monitoring to downstream business KPIs.,
Operational Monitoring Strategy,"What operational monitoring and oversight mechanisms should be used to observe deployed models and detect health, quality, failure, drift, or business-impact problems?",9.29,Production model as operational service: Treat a deployed model as a user-facing operational service within a product or process.,accepted,other_question,It decides how a deployed model is framed within the product or service architecture.,
Operational Monitoring Strategy,"What operational monitoring and oversight mechanisms should be used to observe deployed models and detect health, quality, failure, drift, or business-impact problems?",9.30,"Partial monitoring coverage: Only a minority of deployed models receive monitoring, leaving substantial operational blind spots.",outcome,effect,Incomplete monitoring coverage is a consequence or condition resulting from monitoring choices.,
Operational Monitoring Strategy,"What operational monitoring and oversight mechanisms should be used to observe deployed models and detect health, quality, failure, drift, or business-impact problems?",9.31,Model degradation: Changing real-world data causes predictive performance to decline over time.,outcome,effect,Model degradation is an operational consequence of changing real-world conditions.,
Operational Monitoring Strategy,"What operational monitoring and oversight mechanisms should be used to observe deployed models and detect health, quality, failure, drift, or business-impact problems?",9.32,Feedback-loop bias amplification: Optimizing the wrong objective can bias collected data and amplify bias through subsequent retraining.,outcome,effect,Feedback-loop bias amplification is a risk arising from optimization and retraining choices.,
Operational Monitoring Strategy,"What operational monitoring and oversight mechanisms should be used to observe deployed models and detect health, quality, failure, drift, or business-impact problems?",9.33,Silent model failure: Harmful or incorrect predictions that appear operationally successful and evade ordinary outage detection.,outcome,effect,Silent model failure is an adverse outcome that monitoring is intended to detect or prevent.,
Operational Monitoring Strategy,"What operational monitoring and oversight mechanisms should be used to observe deployed models and detect health, quality, failure, drift, or business-impact problems?",9.34,Delayed business-outcome failure detection: Failure detection delayed until customer outcomes or business KPIs become observable.,outcome,effect,Delayed business-outcome detection is a consequence of limited or late observability.,
Operational Monitoring Strategy,"What operational monitoring and oversight mechanisms should be used to observe deployed models and detect health, quality, failure, drift, or business-impact problems?",9.35,"Performance degradation from data drift: Model performance decline caused by changing production data profiles, sensors, seasons, or feature relationships.",outcome,effect,Performance degradation from data drift is an adverse operational outcome.,
Operational Monitoring Strategy,"What operational monitoring and oversight mechanisms should be used to observe deployed models and detect health, quality, failure, drift, or business-impact problems?",9.36,"Enterprise adoption difficulty: Production adoption may remain difficult despite deployment, requiring organizational and operational support.",outcome,effect,Enterprise adoption difficulty is an organizational consequence of deployment and operational requirements.,
Operational Monitoring Strategy,"What operational monitoring and oversight mechanisms should be used to observe deployed models and detect health, quality, failure, drift, or business-impact problems?",9.37,Absence of model-drift violation: Observed distributional distance remains below the configured drift threshold.,outcome,fact,It describes an observed drift condition rather than an architectural choice.,
Operational Monitoring Strategy,"What operational monitoring and oversight mechanisms should be used to observe deployed models and detect health, quality, failure, drift, or business-impact problems?",9.38,Prediction-confidence distribution: Operational results distribute predictions across high-confidence and indeterminate confidence bands.,outcome,fact,It describes the observed distribution of prediction confidence levels.,
