dimension,question,value_id,value,status,kind,reason,human
Data Ingestion Approach,How should raw data be ingested into the ML workflow?,39.1,External-source ingestion: Features are collected from systems or sources outside the ML pipeline.,accepted,option,It is an alternative ingestion mechanism for bringing data from external systems into the workflow.,
Data Ingestion Approach,How should raw data be ingested into the ML workflow?,39.2,"ETL-based ingestion: Batch-oriented extract, transform, and load processes bring features into the workflow.",accepted,option,It is an alternative batch ingestion mechanism using ETL.,
Data Ingestion Approach,How should raw data be ingested into the ML workflow?,39.3,Streaming ingestion: Features enter the workflow continuously through streaming mechanisms.,accepted,option,It is an alternative continuous ingestion mechanism using streaming.,
Data Ingestion Approach,How should raw data be ingested into the ML workflow?,39.4,Additional-data feedback loop: Insufficient data sends the workflow back to ingestion to acquire useful additional information.,accepted,other_question,"It chooses whether the workflow loops back for more data, which is a different control-flow decision than the ingestion approach itself.",
Data Storage Architecture,"What storage architecture, technology family, storage role, and data model should be used for ML and analytics data?",16.1,"Distributed storage medium: Use physical, in-memory, or distributed virtual-file storage according to pipeline characteristics and system requirements.",accepted,option,It is a selectable storage-medium architecture for the pipeline.,
Data Storage Architecture,"What storage architecture, technology family, storage role, and data model should be used for ML and analytics data?",16.2,"Database technology family: Choose relational, NoSQL, or NewSQL technology based on data model, queries, and CAP-related requirements.",accepted,option,It is a selectable database technology family.,
Data Storage Architecture,"What storage architecture, technology family, storage role, and data model should be used for ML and analytics data?",16.3,"Analytical or transactional storage role: Assign data to operational stores, warehouses, lakes, marts, OLTP, OLAP, or related storage roles.",accepted,other_question,"It asks which storage role to assign data, not the overall storage architecture question.",
Data Storage Architecture,"What storage architecture, technology family, storage role, and data model should be used for ML and analytics data?",16.4,"Schema and data model: Represent data with relational, key-value, document, wide-column, graph, star, snowflake, or cube models.",accepted,other_question,"It asks which schema or data model to use, a different decision from storage architecture.",
Data Storage Architecture,"What storage architecture, technology family, storage role, and data model should be used for ML and analytics data?",16.5,Warehouse-centered platform storage: Consolidate raw and external data in a persistent warehouse serving downstream BI and data-science consumers.,accepted,other_question,It asks whether to adopt a warehouse-centered platform pattern.,
Data Storage Architecture,"What storage architecture, technology family, storage role, and data model should be used for ML and analytics data?",16.6,Columnar or NoSQL logging store: Use of slower columnar or NoSQL storage for retained prediction and input logs.,accepted,other_question,It asks whether to use a columnar or NoSQL logging store.,
Data Storage Architecture,"What storage architecture, technology family, storage role, and data model should be used for ML and analytics data?",16.7,Distributed parallel analytics processing: Distributed and parallel querying or processing for analytical workloads.,accepted,other_question,"It asks about distributed parallel analytics processing, not storage architecture.",
Data Storage Architecture,"What storage architecture, technology family, storage role, and data model should be used for ML and analytics data?",16.8,Data access and query technology: Selection of languages and tools used to retrieve and process stored data.,accepted,other_question,It asks which data access and query technology to use.,
Data Storage Architecture,"What storage architecture, technology family, storage role, and data model should be used for ML and analytics data?",16.9,"Analytics outcome type: Selection among descriptive, predictive, prescriptive, and business-intelligence analytics goals.",accepted,goal,"It describes an analytics objective, not a storage design choice.",
Data Storage Architecture,"What storage architecture, technology family, storage role, and data model should be used for ML and analytics data?",16.10,"Business-intelligence tool usage: Use of analyst-oriented tools for querying, visualization, and business analysis.",accepted,other_question,It asks whether to use BI tools.,
Data Storage Architecture,"What storage architecture, technology family, storage role, and data model should be used for ML and analytics data?",16.11,Relational historical-data storage: Store historical data in a relational database technology such as Db2.,accepted,other_question,It asks about using a relational database for historical data.,
Data Storage Architecture,"What storage architecture, technology family, storage role, and data model should be used for ML and analytics data?",16.12,Star-schema analytical transformation: Transform analytical data into a denormalized star schema during ETL.,accepted,other_question,It asks whether to transform data into a star schema during ETL.,
Data Processing Path,"Which data-processing architecture or mode should we choose for incoming data: batch, streaming, real-time, near-real-time, or a specialized routing/processing variant?",40.1,Data-access delay: Delayed access to required data obstructs ML delivery and value generation.,outcome,effect,"Delayed data access is a consequence of the processing path, not a design option.",
Data Processing Path,"Which data-processing architecture or mode should we choose for incoming data: batch, streaming, real-time, near-real-time, or a specialized routing/processing variant?",40.2,Insufficient ML business value: Operational barriers prevent machine-learning initiatives from generating positive business value.,outcome,effect,"Lack of business value is an outcome caused by operational barriers, not a processing-path choice.",
Data Processing Path,"Which data-processing architecture or mode should we choose for incoming data: batch, streaming, real-time, near-real-time, or a specialized routing/processing variant?",40.3,"Event-stream data quality: Higher-quality, better-documented data supplied by mission-critical event streams.",outcome,effect,Improved data quality from event streams is a result of using that path.,
Data Processing Path,"Which data-processing architecture or mode should we choose for incoming data: batch, streaming, real-time, near-real-time, or a specialized routing/processing variant?",40.4,Forty-minute decision latency: Experience approximately forty minutes between transaction persistence and fraud-blocking decisions.,outcome,effect,Forty-minute latency describes the consequence of a chosen architecture.,
Data Processing Path,"Which data-processing architecture or mode should we choose for incoming data: batch, streaming, real-time, near-real-time, or a specialized routing/processing variant?",40.5,Rigid resource-intensive processing: Experience rigid architecture and substantial resource consumption from traditional batch processing.,outcome,effect,"Rigid, resource-intensive processing is a consequence of traditional batch processing.",
Data Processing Path,"Which data-processing architecture or mode should we choose for incoming data: batch, streaming, real-time, near-real-time, or a specialized routing/processing variant?",40.6,"Data processing latency mode: Selection of batch, streaming, real-time, or near-real-time data processing.",accepted,option,This is the broad choice of processing mode itself.,
Data Processing Path,"Which data-processing architecture or mode should we choose for incoming data: batch, streaming, real-time, near-real-time, or a specialized routing/processing variant?",40.7,Dual event-data routing: Route ambiguous interaction information through both low-latency event and quality-focused data flows.,accepted,other_question,"This is a routing architecture decision about duplicating flows, not the general processing mode question.",
Data Processing Path,"Which data-processing architecture or mode should we choose for incoming data: batch, streaming, real-time, near-real-time, or a specialized routing/processing variant?",40.8,Event-oriented low-latency processing: Process time-sensitive interaction units as events with minimal latency.,accepted,option,This is one specific processing-path alternative: event-oriented low-latency processing.,
Data Processing Path,"Which data-processing architecture or mode should we choose for incoming data: batch, streaming, real-time, near-real-time, or a specialized routing/processing variant?",40.9,"Data-oriented quality-and-quantity processing: Process and store denser information units for later use, prioritizing quality and quantity over latency.",accepted,option,This is one specific processing-path alternative: data-oriented quality-and-quantity processing.,
Data Processing Path,"Which data-processing architecture or mode should we choose for incoming data: batch, streaming, real-time, near-real-time, or a specialized routing/processing variant?",40.10,High-throughput structured streaming processing: Use streaming processing suited to high-throughput structured real-time data.,accepted,option,This is one specific processing-path alternative: high-throughput structured streaming.,
Data Processing Path,"Which data-processing architecture or mode should we choose for incoming data: batch, streaming, real-time, near-real-time, or a specialized routing/processing variant?",40.11,Low-latency video stream processing: Use streaming processing specialized for low-latency real-time video data.,accepted,option,This is one specific processing-path alternative: low-latency video stream processing.,
Data Processing Path,"Which data-processing architecture or mode should we choose for incoming data: batch, streaming, real-time, near-real-time, or a specialized routing/processing variant?",40.12,"ETL batch analytics pipeline: Use extraction, transformation, batch analytics, and subsequent prediction as the data-processing architecture.",mixed,other_question,"This is a specific ETL/batch analytics pipeline architecture, which is narrower than the general processing-mode question.",
Feature Pipeline Architecture and Tooling,"What architecture and tooling should be used to build, organize, and manage ML features and feature transformations?",43.1,"Dedicated feature engineering pipeline: A distinct pipeline selects, transforms, combines, and prepares raw data before algorithm use.",accepted,option,It is a direct choice for how to structure feature production as a dedicated pipeline.,
Feature Pipeline Architecture and Tooling,"What architecture and tooling should be used to build, organize, and manage ML features and feature transformations?",43.2,"Feature preparation tooling: Spark, Python, or database capabilities implement feature analysis and transformation.",accepted,option,It is a direct choice about what tooling implements feature analysis and transformation.,
Feature Pipeline Architecture and Tooling,"What architecture and tooling should be used to build, organize, and manage ML features and feature transformations?",43.3,Modular reusable transformation functions: Organize feature and data preparation as independently testable functions that can be imported across pipeline stages.,accepted,other_question,"It asks how to organize transformations for reuse and testability, which is a separate modularization question.",
Feature Pipeline Architecture and Tooling,"What architecture and tooling should be used to build, organize, and manage ML features and feature transformations?",43.4,"Feature resource-cost measurement: Feature dependencies, inference latency, and memory cost are measured against predictive benefit.",accepted,other_question,"It concerns whether and how to measure feature cost and benefit, which is a separate evaluation question.",
Feature Pipeline Architecture and Tooling,"What architecture and tooling should be used to build, organize, and manage ML features and feature transformations?",43.5,"Three-layer ML pipeline architecture: Separate data, computation, and serving-orchestration layers in the ML pipeline.",accepted,other_question,It specifies a broader ML pipeline layering architecture rather than the feature-pipeline/tooling choice itself.,
Feature Pipeline Architecture and Tooling,"What architecture and tooling should be used to build, organize, and manage ML features and feature transformations?",43.6,Shared-transformation downstream improvement: Improving one canonical production transformation automatically improves dependent downstream pipelines.,outcome,effect,"It describes an outcome of shared transformations, not a selectable architecture.",
Feature Pipeline Architecture and Tooling,"What architecture and tooling should be used to build, organize, and manage ML features and feature transformations?",43.7,Reduced data-pipeline plumbing: Feature-store tooling reduces effort spent building data pipes and negotiating data access.,outcome,effect,"It describes a consequence of feature-store tooling, not a design option.",
Feature Transformation Strategy,How should raw data be transformed into model-ready features for a machine-learning system?,44.1,Improved transformation code quality: A structured development environment improves the quality of transformation code.,outcome,effect,"Describes an outcome of the development environment, not a transformation strategy choice.",
Feature Transformation Strategy,How should raw data be transformed into model-ready features for a machine-learning system?,44.2,Real-time featurization complexity cost: Real-time feature computation increases machine-learning system complexity.,outcome,effect,"Describes a cost/consequence of real-time featurization, not an architectural option.",
Feature Transformation Strategy,How should raw data be transformed into model-ready features for a machine-learning system?,44.3,Domain-informed feature engineering: Combine raw data with domain knowledge to construct features for model consumption.,accepted,option,Names one possible feature-engineering strategy based on domain knowledge.,
Feature Transformation Strategy,How should raw data be transformed into model-ready features for a machine-learning system?,44.4,Missing-value handling strategy: Choose imputation or record/field removal strategies for missing values during transformation.,accepted,option,Names a choice for handling missing values during feature transformation.,
Feature Transformation Strategy,How should raw data be transformed into model-ready features for a machine-learning system?,44.5,"Outlier treatment strategy: Choose whether to retain, correct, or remove anomalous records during data cleaning.",accepted,option,Names a choice for handling outliers during data transformation.,
Feature Transformation Strategy,How should raw data be transformed into model-ready features for a machine-learning system?,44.6,"Record and dataset restructuring: Restructure fields, records, granularity, pivots, and aggregations to match downstream task requirements.",accepted,option,Names a choice for restructuring data into model-ready feature form.,
Training-Serving Feature Consistency,How should training-time feature preparation and serving-time feature preparation be separated or kept aligned?,28.1,Separate training-serving feature preparation: Maintain distinct preparation paths for training data and serving-time features.,accepted,option,It is a selectable architecture approach for preparing training and serving features separately.,
Training-Serving Feature Consistency,How should training-time feature preparation and serving-time feature preparation be separated or kept aligned?,28.2,Training-serving feature consistency controls: Use shared or explicitly aligned transformations so training features and serving features remain consistent.,accepted,option,It is a selectable architecture approach for keeping training and serving features consistent through shared or aligned transformations.,
Data Profiling and Validation,Which profiling and validation approach should we use to determine that prepared data is trustworthy?,15.1,"Metadata and distribution profiling: Attribute metadata, value distributions, and visualizations are documented to understand dataset structure.",accepted,option,It is a specific profiling practice that can be chosen to assess data trustworthiness.,
Data Profiling and Validation,Which profiling and validation approach should we use to determine that prepared data is trustworthy?,15.2,"User-defined dataset validation: Custom routines detect inconsistencies, incorrect associations, missing values, and other data errors.",accepted,option,It is a specific validation routine that can be adopted or rejected.,
Data Profiling and Validation,Which profiling and validation approach should we use to determine that prepared data is trustworthy?,15.3,"Schema-anomaly pipeline halt: Stop training or processing when incoming features are unexpected, missing, or invalid.",accepted,other_question,"It answers how to react to invalid or unexpected input, not how to profile or validate data.",
Data Profiling and Validation,Which profiling and validation approach should we use to determine that prepared data is trustworthy?,15.4,Data-type mismatch detection: Observed validation output identifying inputs whose types violate dataset expectations.,outcome,fact,"It describes an observed validation outcome, not a design alternative.",
Ground Truth and Labeling Strategy,How should we construct and obtain ground-truth labels for model assessment?,34.1,Ground-truth construction and label separation: Practitioners construct accurate labels and preserve distinctions between materially different outcome categories.,accepted,option,It is one possible ground-truth construction approach focused on preserving label distinctions.,
Ground Truth and Labeling Strategy,How should we construct and obtain ground-truth labels for model assessment?,34.2,Chargeback-type separation for modeling: Separating chargeback types as a modeling ground-truth strategy was explicitly rejected.,mixed,other_question,"It addresses whether chargeback types should be separated for modeling, which is a different target-definition decision.",
Ground Truth and Labeling Strategy,How should we construct and obtain ground-truth labels for model assessment?,34.3,Web-based manual labeling: Use a web application to support human creation of ground-truth labels.,accepted,option,It is a specific method for creating ground-truth labels via a web application.,
Ground Truth and Labeling Strategy,How should we construct and obtain ground-truth labels for model assessment?,34.4,Outsourced manual labeling: Use an external labeling service to create ground-truth labels.,accepted,option,"It is another labeling method, using an external service to produce labels.",
Training Execution Mode,"Should model training updates be performed in offline batch mode, online/incremental mode, or a hybrid/nearline variant?",17.1,Offline batch training: Training runs as an offline process rather than during prediction requests.,mixed,option,It is an alternative execution mode for training updates.,
Training Execution Mode,"Should model training updates be performed in offline batch mode, online/incremental mode, or a hybrid/nearline variant?",17.2,Real-time online learning: The model updates continuously or incrementally while operating on incoming data.,accepted,option,It is an alternative execution mode for training updates.,
Training Execution Mode,"Should model training updates be performed in offline batch mode, online/incremental mode, or a hybrid/nearline variant?",17.3,Nearline computation: Intermediate computation balancing freshness and computational flexibility without strict real-time serving.,mixed,option,It is an alternative execution mode for training updates.,
Training Execution Mode,"Should model training updates be performed in offline batch mode, online/incremental mode, or a hybrid/nearline variant?",17.4,"Hybrid offline-nearline-online computation: Combine offline, nearline, and online computation regimes in one managed architecture.",accepted,option,It is an alternative combined execution mode for training updates.,
Training Execution Mode,"Should model training updates be performed in offline batch mode, online/incremental mode, or a hybrid/nearline variant?",17.5,Streaming update granularity: Update incrementally per individual data point or in small mini-batches.,accepted,other_question,"It asks about the granularity of updates, which is a separate design choice from execution mode.",
Training Execution Mode,"Should model training updates be performed in offline batch mode, online/incremental mode, or a hybrid/nearline variant?",17.6,Batch and real-time processing support: Accommodate both batch and real-time execution modes in the ML processing architecture.,mixed,other_question,"It asks whether the architecture supports both batch and real-time processing, which is broader than the training execution mode itself.",
Training Execution Mode,"Should model training updates be performed in offline batch mode, online/incremental mode, or a hybrid/nearline variant?",17.7,Limited production suitability of forecast workflows: Offline forecast workflows provide limited usefulness for industry production systems.,outcome,effect,It states an outcome of offline forecast workflows rather than a selectable training mode.,
Training Execution Mode,"Should model training updates be performed in offline batch mode, online/incremental mode, or a hybrid/nearline variant?",17.8,Reduced training-data memory requirement: Incremental training avoids retaining the complete training dataset in memory.,outcome,effect,It states a consequence of incremental training rather than a design alternative.,
Training Execution Mode,"Should model training updates be performed in offline batch mode, online/incremental mode, or a hybrid/nearline variant?",17.9,Real-time learning scalability burden: High-rate incremental training creates a significant scaling challenge.,outcome,effect,It states a scalability consequence of real-time learning rather than a design alternative.,
Training Trigger Policy,What policy should determine when training is triggered or scheduled?,18.1,"Time- and event-triggered training: Schedulers, calendar events, messages, monitoring events, or data and code changes initiate training.",accepted,option,It is an alternative trigger policy for starting training runs.,
Training Trigger Policy,What policy should determine when training is triggered or scheduled?,18.2,"Criticality-dependent training schedule: Training frequency varies according to application criticality, from multiple times daily to daily execution.",accepted,other_question,"It chooses training cadence based on criticality, which is a different scheduling policy than trigger events or drift conditions.",
Training Trigger Policy,What policy should determine when training is triggered or scheduled?,18.3,Performance- and drift-triggered retraining: Retrain when model performance degrades or feature distributions indicate drift.,accepted,option,It is an alternative trigger policy based on performance degradation or data drift.,
Training Parallelization and Resilience,How should training be parallelized and made resilient to failures during execution?,25.1,Data-partitioned model replicas: Data is partitioned and a model replica trains on each partition.,mixed,option,It is a possible way to parallelize training by partitioning data across model replicas.,
Training Parallelization and Resilience,How should training be parallelized and made resilient to failures during execution?,25.2,Model-partitioned parameter updates: The model is partitioned so separate workers update different parameter subsets.,accepted,option,It is a possible way to parallelize training by partitioning the model across workers.,
Training Parallelization and Resilience,How should training be parallelized and made resilient to failures during execution?,25.3,Checkpointed training partitions: Training partitions use checkpoints and retry or failover mechanisms after transient failures.,accepted,other_question,"It chooses a resilience mechanism for checkpoints and retries, which is a separate recovery decision from the parallelization split.",
Training Update Algorithm,"What training/update algorithm, model family, or prediction representation should be used to produce model updates?",41.1,Stochastic-gradient incremental training: Stochastic gradient descent provides the optimization routine for incremental online learning.,accepted,option,It selects stochastic-gradient incremental training as the update algorithm.,
Training Update Algorithm,"What training/update algorithm, model family, or prediction representation should be used to produce model updates?",41.2,Linear learning algorithm: A simple linear or logistic learner updates parameters efficiently for online prediction.,accepted,option,It selects a linear learner as the update algorithm.,
Training Update Algorithm,"What training/update algorithm, model family, or prediction representation should be used to produce model updates?",41.3,Parameter-only prediction: Prediction uses learned weights or parameters without retaining a complex model representation.,accepted,fact,It describes a prediction representation that uses parameters rather than a complex retained model.,
Training Update Algorithm,"What training/update algorithm, model family, or prediction representation should be used to produce model updates?",41.4,"Gradient-boosted tree model: Use a gradient-boosted tree algorithm, exemplified by XGBoost, for model training.",accepted,option,It selects gradient-boosted trees as the model family.,
Training Update Algorithm,"What training/update algorithm, model family, or prediction representation should be used to produce model updates?",41.5,Multi-variable fraud model: A model using multiple variables addresses complex and evolving fraud vectors.,accepted,option,It selects a multi-variable fraud model as the modeling approach.,
Training Update Algorithm,"What training/update algorithm, model family, or prediction representation should be used to produce model updates?",41.6,Scalable algorithm architecture: Choose an algorithm architecture supporting arbitrary complexity and very large data volumes.,accepted,goal,It states a desired architectural property of supporting arbitrary complexity and large data volumes.,
Training Update Algorithm,"What training/update algorithm, model family, or prediction representation should be used to produce model updates?",41.7,Pluggable recommendation algorithm architecture: Design recommendation algorithms so new approaches can be integrated easily.,accepted,other_question,"It is about making recommendation algorithms pluggable, which is a different architectural choice.",
Training Update Algorithm,"What training/update algorithm, model family, or prediction representation should be used to produce model updates?",41.8,"Recommendation technology selection: Select technologies balancing recommendation scalability, flexibility, freshness, and responsiveness.",accepted,other_question,"It is about selecting recommendation technologies, not the training algorithm itself.",
Training Update Algorithm,"What training/update algorithm, model family, or prediction representation should be used to produce model updates?",41.9,Algorithm decomposition: Decompose recommendation algorithms strategically to achieve scalability and responsiveness.,accepted,other_question,"It concerns decomposing recommendation algorithms, a different design decision.",
Training Update Algorithm,"What training/update algorithm, model family, or prediction representation should be used to produce model updates?",41.10,Scikit-learn model-building framework: Build models using the scikit-learn framework.,accepted,other_question,It chooses a specific implementation framework rather than the training algorithm question.,
Training Update Algorithm,"What training/update algorithm, model family, or prediction representation should be used to produce model updates?",41.11,Built-in gradient-boosting algorithm: Use a managed platform's built-in gradient-boosting algorithm rather than a framework deployment.,accepted,other_question,"It selects a managed platform feature versus a framework deployment, which is a tooling choice.",
Training Update Algorithm,"What training/update algorithm, model family, or prediction representation should be used to produce model updates?",41.12,Probability-valued prediction output: Return probabilistic classification scores rather than only categorical predictions.,accepted,option,It selects probabilistic outputs as the prediction representation.,
Training Update Algorithm,"What training/update algorithm, model family, or prediction representation should be used to produce model updates?",41.13,Linearity constraint: The learning approach cannot directly represent nonlinear relationships.,outcome,fact,It describes a limitation of the approach rather than an alternative choice.,
Training Update Algorithm,"What training/update algorithm, model family, or prediction representation should be used to produce model updates?",41.14,Rapid adaptation to change: An online learner reacts quickly to changing data during operation.,outcome,effect,"It states a consequence of online learning, namely rapid reaction to changing data.",
Candidate-Model Search Execution,Should candidate-model search train and compare candidate models sequentially or concurrently?,42.1,Sequential candidate-model training: Running training jobs one after another when searching candidate configurations.,accepted,option,Sequential training is one possible execution ordering for candidate search.,
Candidate-Model Search Execution,Should candidate-model search train and compare candidate models sequentially or concurrently?,42.2,"Parallel candidate-model training: Multiple algorithms, parameter configurations, or candidate models train concurrently.",accepted,option,Parallel training is the other possible execution ordering for candidate search.,
Model Optimization Strategy,"What strategy should be used to search for, tune, regularize, and select model configurations?",23.1,Hyperparameter optimization and regularization: Iterative optimization and regularization refine candidate models before final selection.,accepted,option,It is a concrete optimization-and-regularization approach for refining candidate models.,
Model Optimization Strategy,"What strategy should be used to search for, tune, regularize, and select model configurations?",23.2,Manual deep-learning hyperparameter tuning: Manually exploring deep-learning hyperparameters without automated search.,mixed,option,It is a manual tuning approach for deep-learning hyperparameters.,
Model Optimization Strategy,"What strategy should be used to search for, tune, regularize, and select model configurations?",23.3,"Neural architecture search: Automated search selects neural architectures using defined spaces, metrics, and search algorithms.",accepted,option,It is an automated search strategy for choosing neural architectures.,
Model Optimization Strategy,"What strategy should be used to search for, tune, regularize, and select model configurations?",23.4,Ecological-cost optimization: Model optimization accounts for computational carbon footprint as an objective.,accepted,option,It is an optimization strategy that adds ecological cost as an objective.,
Model Optimization Strategy,"What strategy should be used to search for, tune, regularize, and select model configurations?",23.5,Model optimization objective selection: Selecting the performance criterion or error type that model optimization prioritizes.,accepted,other_question,"It asks which performance criterion or error type should be optimized, which is an objective-selection question.",
Model Optimization Strategy,"What strategy should be used to search for, tune, regularize, and select model configurations?",23.6,Automated algorithm and model selection: Automation evaluates multiple algorithms or models to select a suitable candidate during training.,accepted,option,It is an automated model/algorithm selection strategy during training.,
Model Optimization Strategy,"What strategy should be used to search for, tune, regularize, and select model configurations?",23.7,Expanded deep-learning hyperparameter search space: Growth in the number of hyperparameters that makes exhaustive manual search impractical.,outcome,fact,"It describes a condition of the search space, not a selectable strategy.",
Model Optimization Strategy,"What strategy should be used to search for, tune, regularize, and select model configurations?",23.8,Reduced hyperparameter-search burden: Reduced data-scientist effort resulting from automated hyperparameter optimization.,outcome,effect,"It states a consequence of automation on effort, not a strategy choice.",
Model Optimization Strategy,"What strategy should be used to search for, tune, regularize, and select model configurations?",23.9,Heuristic rule complexity: Rule-based fraud heuristics become unwieldy as fraud vectors grow more complex and evolve.,outcome,fact,"It describes the growing complexity of fraud heuristics, not a model-optimization decision.",
Model Evaluation Dataset Strategy,What dataset segmentation approach should be used to create held-out data for model evaluation and selection?,45.1,Held-out-data evaluation: Performance is measured on data not used during training to assess generalization.,accepted,option,It is a choice of using held-out data for assessment.,
Model Evaluation Dataset Strategy,What dataset segmentation approach should be used to create held-out data for model evaluation and selection?,45.2,Evaluation-subset model selection: The best candidate is selected by comparing performance against true values in an evaluation dataset.,accepted,other_question,"It asks how a model is selected from candidates using an evaluation dataset, which is a different decision from how the dataset is split.",
Model Evaluation Dataset Strategy,What dataset segmentation approach should be used to create held-out data for model evaluation and selection?,45.3,Sequential dataset splitting: Partition data into training and testing subsets by preserving source order and applying a ratio.,accepted,option,It is one alternative way to partition data for evaluation.,
Model Evaluation Dataset Strategy,What dataset segmentation approach should be used to create held-out data for model evaluation and selection?,45.4,Random-seed dataset splitting: Partition data into training and testing subsets through randomized selection controlled by a seed and ratio.,accepted,option,It is another alternative way to partition data for evaluation.,
Model Evaluation Dataset Strategy,What dataset segmentation approach should be used to create held-out data for model evaluation and selection?,45.5,Injectable dataset segregation strategy: Select and configure dataset segregation algorithms at runtime through an injectable strategy and service.,accepted,other_question,"It concerns configuring the segregation mechanism at runtime, which is a separate architectural choice.",
Model Evaluation Criteria and Instrumentation,"What criteria, metrics, evaluators, baselines, and instrumentation should be used to assess model quality before release?",46.1,Pluggable evaluator library: Multiple evaluation metrics can be combined or exchanged through a flexible evaluator library.,accepted,option,Choosing a pluggable evaluator library is one possible way to implement model evaluation.,
Model Evaluation Criteria and Instrumentation,"What criteria, metrics, evaluators, baselines, and instrumentation should be used to assess model quality before release?",46.2,"Fairness and inclusion testing: Candidate models are tested for fairness, bias, inclusion, and protected-category effects before release.",accepted,option,Fairness and inclusion testing is an evaluation criterion that can be adopted or omitted.,
Model Evaluation Criteria and Instrumentation,"What criteria, metrics, evaluators, baselines, and instrumentation should be used to assess model quality before release?",46.3,Business-impact-aligned evaluation: Model metrics are evaluated together with business outcomes such as revenue or engagement.,accepted,option,Business-impact-aligned evaluation is a choice about which metrics to prioritize.,
Model Evaluation Criteria and Instrumentation,"What criteria, metrics, evaluators, baselines, and instrumentation should be used to assess model quality before release?",46.4,Out-of-fold prediction blending: Combining out-of-fold candidate predictions to form the final prediction pipeline.,accepted,other_question,"Out-of-fold blending is a model-combination pipeline decision, not an evaluation criterion.",
Model Evaluation Criteria and Instrumentation,"What criteria, metrics, evaluators, baselines, and instrumentation should be used to assess model quality before release?",46.5,"Multi-criteria operational evaluation: Evaluation considers stability, ethics, fairness, explainability, user experience, and edge cases beyond error alone.",accepted,option,Multi-criteria operational evaluation is an alternative evaluation approach.,
Model Evaluation Criteria and Instrumentation,"What criteria, metrics, evaluators, baselines, and instrumentation should be used to assess model quality before release?",46.6,Single-objective error minimization: Considering one error objective instead of broader operational criteria was rejected for model assessment.,rejected,other_question,"This is the rejected alternative to the broader evaluation question, but it describes the scope of assessment rather than a specific evaluative instrument.",
Model Evaluation Criteria and Instrumentation,"What criteria, metrics, evaluators, baselines, and instrumentation should be used to assess model quality before release?",46.7,"Model interpretability instrumentation: Interpretability mechanisms explain model results for users, governance, and regulatory needs.",accepted,option,Interpretability instrumentation is a selectable form of evaluation support.,
Model Evaluation Criteria and Instrumentation,"What criteria, metrics, evaluators, baselines, and instrumentation should be used to assess model quality before release?",46.8,Heuristic baseline model: Use simple hand-crafted rules as a reference model for evaluating later ML models.,accepted,option,Using a heuristic baseline model is a choice of reference for evaluation.,
Model Evaluation Criteria and Instrumentation,"What criteria, metrics, evaluators, baselines, and instrumentation should be used to assess model quality before release?",46.9,Ground-truth-limited precision and recall: Inaccurate labels impose an upper bound on achievable model precision and recall.,outcome,fact,Limited label quality constrains achievable precision and recall as an observed condition.,
Model Evaluation Criteria and Instrumentation,"What criteria, metrics, evaluators, baselines, and instrumentation should be used to assess model quality before release?",46.10,Production accuracy requirement: Require AutoML-produced models to meet the accuracy needed for real-world use.,outcome,effect,Meeting the required production accuracy is an outcome of model development and evaluation.,
Pre-release Validation,How should a system validate pipeline integrity and production readiness before release?,24.1,"Automated end-to-end pipeline testing: The complete data, training, and model pipeline is regularly executed and checked before production.",accepted,option,It is a specific pre-release validation practice.,
Pre-release Validation,How should a system validate pipeline integrity and production readiness before release?,24.2,Validation-set regression thresholds: Quality thresholds detect gradual or sudden degradation across model versions.,accepted,option,It is a specific validation check for model regression before release.,
Pre-release Validation,How should a system validate pipeline integrity and production readiness before release?,24.3,Canary serving validation: A model is tested in a production-like serving environment using realistic data before full service.,accepted,option,It is a specific pre-release serving validation approach.,
Pre-release Validation,How should a system validate pipeline integrity and production readiness before release?,24.4,Diff-testing against previous models: Comparing new models directly with previously built models is explicitly discouraged because maintenance is difficult.,mixed,goal,It states a preference against a method because of maintainability concerns rather than offering a choice of validation method.,
Pre-release Validation,How should a system validate pipeline integrity and production readiness before release?,24.5,Competing-model production testing: Multiple candidate models receive split production traffic for comparative performance evaluation.,accepted,option,It is a specific comparative production-testing approach.,
Pre-release Validation,How should a system validate pipeline integrity and production readiness before release?,24.6,Manual documented test execution: Run tests manually while documenting and distributing their results.,accepted,option,It is a specific way to execute tests before release.,
Pre-release Validation,How should a system validate pipeline integrity and production readiness before release?,24.7,Automated repeated test execution: Use automation to run tests repeatedly.,accepted,option,It is a specific automation choice for repeated testing.,
Pre-release Validation,How should a system validate pipeline integrity and production readiness before release?,24.8,Minimum-section readiness scoring: Let the least-developed testing or monitoring section determine overall readiness.,accepted,option,It is a specific readiness-scoring scheme.,
Pre-release Validation,How should a system validate pipeline integrity and production readiness before release?,24.9,ML Test Score readiness measure: Use a combined testing and monitoring score to assess production readiness.,accepted,option,It is a specific combined readiness metric.,
Pre-release Validation,How should a system validate pipeline integrity and production readiness before release?,24.10,Production-readiness level classification: Classify systems by ranges of testing and monitoring maturity.,accepted,option,It is a specific readiness classification scheme.,
Pre-release Validation,How should a system validate pipeline integrity and production readiness before release?,24.11,Traffic-splitting and data-collection complexity: Comparative production testing increases operational complexity while traffic is divided and evidence accumulates.,outcome,effect,It describes the operational consequence of comparative production testing.,
Pre-release Validation,How should a system validate pipeline integrity and production readiness before release?,24.12,Reliability gaps from insufficient testing: Insufficient testing leaves serious reliability holes and requires further productionization investment.,outcome,effect,It describes the consequence of insufficient testing.,
Pre-release Validation,How should a system validate pipeline integrity and production readiness before release?,24.13,Testing and monitoring automation strength: Higher readiness scores indicate stronger testing and monitoring automation.,outcome,effect,It describes the result of higher readiness scores on automation strength.,
Model Artifact Representation,"What artifact format and portability approach should be used to package trained models for storage, exchange, and deployment?",13.1,"Framework-specific model serialization: Models are stored in formats native to their training framework, such as pickle, MOJO, Protocol Buffers, TorchScript, HDF5, or MLeap.",accepted,option,This is one possible model packaging format choice.,
Model Artifact Representation,"What artifact format and portability approach should be used to package trained models for storage, exchange, and deployment?",13.2,Language-agnostic exchange format: Models are exchanged and served through a framework-independent format such as PMML.,accepted,option,This is another alternative model exchange/serialization format.,
Model Artifact Representation,"What artifact format and portability approach should be used to package trained models for storage, exchange, and deployment?",13.3,Platform-specific model format conversion: Models are converted into a target platform format for embedded or platform-bound deployment.,accepted,option,This is a deployment packaging choice for converting models to a target platform format.,
Model Artifact Representation,"What artifact format and portability approach should be used to package trained models for storage, exchange, and deployment?",13.4,Vendor-specific model exchange format: Distribute models using an exchange format tied to a particular vendor ecosystem.,accepted,option,This is a vendor-tied exchange format option.,
Model Artifact Representation,"What artifact format and portability approach should be used to package trained models for storage, exchange, and deployment?",13.5,Independent executable model asset: Package a model as an executable asset that can run outside its training environment.,accepted,option,This is an option for packaging the model as an executable artifact.,
Model Artifact Representation,"What artifact format and portability approach should be used to package trained models for storage, exchange, and deployment?",13.6,Model-code-and-parameter co-management burden: Amalgamated model packages require exported code and parameters to be managed together.,outcome,effect,"This describes a burden or consequence of amalgamated model packages, not a packaging choice itself.",
Model Governance and Lineage,"How should an ML system record, version, govern, and promote models and related artifacts across their lifecycle?",8.1,Self-contained model artifacts: Artifacts contain the preprocessing and prediction components required to generate results.,accepted,option,It is a choice to package preprocessing and prediction logic together in the model artifact.,
Model Governance and Lineage,"How should an ML system record, version, govern, and promote models and related artifacts across their lifecycle?",8.2,"Model-code-data lineage: Relationships among models, training code, training data, and test data are tracked.",accepted,option,"It is a choice to track lineage links among models, code, and data.",
Model Governance and Lineage,"How should an ML system record, version, govern, and promote models and related artifacts across their lifecycle?",8.3,Centralized model registry: Production candidates are published and managed in a central registry or hub.,accepted,option,It is a choice to use a central registry for publishing and managing production candidates.,
Model Governance and Lineage,"How should an ML system record, version, govern, and promote models and related artifacts across their lifecycle?",8.4,"Published-model metadata catalog: The registry records identifiers, locations, datasets, metrics, and system or business metadata.",accepted,option,It is a choice to maintain a metadata catalog in the registry.,
Model Governance and Lineage,"How should an ML system record, version, govern, and promote models and related artifacts across their lifecycle?",8.5,Model version tracking: Versions and their publication dates are recorded for change management.,accepted,option,It is a choice to record versions and publication dates for change management.,
Model Governance and Lineage,"How should an ML system record, version, govern, and promote models and related artifacts across their lifecycle?",8.6,"Lifecycle-stage promotion: Artifacts are explicitly marked for development, staging, production, or archival stages.",accepted,option,It is a choice to explicitly manage lifecycle stages such as development and production.,
Model Governance and Lineage,"How should an ML system record, version, govern, and promote models and related artifacts across their lifecycle?",8.7,Governance and audit metadata: Registry records support auditability and regulatory requirements.,accepted,option,It is a choice to store governance and audit metadata in the registry.,
Model Governance and Lineage,"How should an ML system record, version, govern, and promote models and related artifacts across their lifecycle?",8.8,Shadow-mode model testing: Candidate model changes are evaluated alongside production behavior before or during deployment.,accepted,other_question,"This is about deployment testing strategy, not model governance or lineage tracking.",
Model Governance and Lineage,"How should an ML system record, version, govern, and promote models and related artifacts across their lifecycle?",8.9,Previous-model fallback and reversion: Retain and restore a prior model when a new model serves too slowly or degrades predictive accuracy.,accepted,other_question,"This is about rollback and fallback behavior during serving, a separate operational decision.",
Model Governance and Lineage,"How should an ML system record, version, govern, and promote models and related artifacts across their lifecycle?",8.10,"Version-chain responsibility pattern: Assign responsibility across linked model, code, data, and deployment versions throughout the lifecycle.",accepted,option,It is a choice to assign responsibility across linked versions throughout the lifecycle.,
Model Governance and Lineage,"How should an ML system record, version, govern, and promote models and related artifacts across their lifecycle?",8.11,Source-controlled pipeline implementation: Keep pipeline and model implementation units in a source-code repository for controlled collaboration and reproducibility.,accepted,option,It is a choice to keep pipeline and model implementation in source control.,
Model Governance and Lineage,"How should an ML system record, version, govern, and promote models and related artifacts across their lifecycle?",8.12,DVC-based data versioning: Using DVC or comparable tooling to version datasets and reproduce training experiments.,accepted,option,It is a choice to use DVC-like tooling for dataset versioning.,
Model Governance and Lineage,"How should an ML system record, version, govern, and promote models and related artifacts across their lifecycle?",8.13,Training-configuration recording: Recording training configurations so experiments can be reproduced across environments.,accepted,option,It is a choice to record training configurations for reproducibility.,
Model Governance and Lineage,"How should an ML system record, version, govern, and promote models and related artifacts across their lifecycle?",8.14,Deterministic reproducible training: Training is designed to produce identical models from identical data and controlled randomness.,accepted,goal,This states a reproducibility objective rather than a distinct governance mechanism choice.,
Model Governance and Lineage,"How should an ML system record, version, govern, and promote models and related artifacts across their lifecycle?",8.15,Serving model update control: Operational support for replacing or updating the model used by a prediction service.,accepted,other_question,"This is about operational control of serving updates, not lineage or registry governance.",
Model Governance and Lineage,"How should an ML system record, version, govern, and promote models and related artifacts across their lifecycle?",8.16,Experiment lifecycle tracking platform: A platform records experiments and manages the machine-learning lifecycle between development and deployment.,accepted,other_question,This is a broader platform/lifecycle-management choice rather than a specific governance and lineage mechanism.,
Model Governance and Lineage,"How should an ML system record, version, govern, and promote models and related artifacts across their lifecycle?",8.17,Pipeline design versioning: Preserve prior pipeline designs while iterating on new workflow versions.,accepted,option,It is a choice to preserve and version pipeline designs.,
Model Governance and Lineage,"How should an ML system record, version, govern, and promote models and related artifacts across their lifecycle?",8.18,"Model management policy: Define a consistent policy for managing models, artifacts, versions, and business or regulatory requirements.",accepted,goal,"This is a policy requirement for model management, not an alternative mechanism.",
Model Governance and Lineage,"How should an ML system record, version, govern, and promote models and related artifacts across their lifecycle?",8.19,Enterprise architecture standards: Apply organization-wide architectural standards and guidelines as constraints on ML technology and implementation choices.,accepted,goal,"This is an organization-wide constraint or standard, not a model-governance option.",
Model Governance and Lineage,"How should an ML system record, version, govern, and promote models and related artifacts across their lifecycle?",8.20,Permissive open-source licensing: Permit open-source technology selection only when licensing meets permissive organizational requirements.,accepted,goal,"This is a licensing constraint, not a governance and lineage mechanism.",
Model Governance and Lineage,"How should an ML system record, version, govern, and promote models and related artifacts across their lifecycle?",8.21,"Artifact and dataset execution tracking: Record artifacts, datasets, and models used or produced during executable ML runs.",accepted,option,"It is a choice to record artifacts, datasets, and models used or produced during runs.",
ML Delivery Automation,"How much and what kind of automation should the ML delivery process use across experimentation, testing, orchestration, training, deployment, and operations?",7.1,"Manual RAD pipeline execution: Preparation, training, validation, and testing are performed manually with exploratory tools such as notebooks.",accepted,option,Manual execution is one possible point on the automation spectrum.,
ML Delivery Automation,"How much and what kind of automation should the ML delivery process use across experimentation, testing, orchestration, training, deployment, and operations?",7.2,Pull-request-triggered experiments: Code changes submitted through pull requests automatically launch experiment execution.,accepted,option,PR-triggered experiments are an automation mechanism for the delivery workflow.,
ML Delivery Automation,"How much and what kind of automation should the ML delivery process use across experimentation, testing, orchestration, training, deployment, and operations?",7.3,"Automated CI/CD pipeline: Code, data, models, and pipelines are automatically built, tested, and deployed.",accepted,option,Automated CI/CD is an automation level for ML delivery.,
ML Delivery Automation,"How much and what kind of automation should the ML delivery process use across experimentation, testing, orchestration, training, deployment, and operations?",7.4,"Event-triggered model deployment: Data, code, monitoring, messages, or calendar events trigger training and deployment workflows.",accepted,option,Event-triggered deployment is a workflow automation option.,
ML Delivery Automation,"How much and what kind of automation should the ML delivery process use across experimentation, testing, orchestration, training, deployment, and operations?",7.5,"Interdependent-task orchestration: Feature engineering, training, and prediction tasks are scheduled and coordinated across compute infrastructure.",accepted,option,Task orchestration is an automation mechanism for coordinating ML work.,
ML Delivery Automation,"How much and what kind of automation should the ML delivery process use across experimentation, testing, orchestration, training, deployment, and operations?",7.6,"End-to-end MLOps automation: Integration, testing, release, deployment, infrastructure management, and training are automated as one lifecycle.",accepted,option,End-to-end automation is a maximal automation choice.,
ML Delivery Automation,"How much and what kind of automation should the ML delivery process use across experimentation, testing, orchestration, training, deployment, and operations?",7.7,MLOps platform automation: An end-to-end platform automates technical tasks and reduces operational bottlenecks at scale.,accepted,option,Platform-based automation is an alternative automation approach.,
ML Delivery Automation,"How much and what kind of automation should the ML delivery process use across experimentation, testing, orchestration, training, deployment, and operations?",7.8,"Hypothesis-driven experimentation: Short feedback cycles and explicit hypotheses guide experiments, learning, and backlog decisions.",accepted,goal,"Hypothesis-driven experimentation describes a development objective and method, not a delivery-automation choice.",
ML Delivery Automation,"How much and what kind of automation should the ML delivery process use across experimentation, testing, orchestration, training, deployment, and operations?",7.9,Interactive development execution: Practitioners execute workflow steps interactively during early development before automation increases.,accepted,option,Interactive execution is a lower-automation workflow choice.,
ML Delivery Automation,"How much and what kind of automation should the ML delivery process use across experimentation, testing, orchestration, training, deployment, and operations?",7.10,Continuous integration pipeline: An adopted continuous-integration pipeline supports implementation testing and delivery.,mixed,other_question,"This is specifically about adopting continuous integration as a pipeline practice, not the broader automation degree question.",
ML Delivery Automation,"How much and what kind of automation should the ML delivery process use across experimentation, testing, orchestration, training, deployment, and operations?",7.11,Continuous delivery pipeline: Model releases are automatically delivered through a continuous delivery process.,mixed,other_question,"This is specifically about continuous delivery, a separate pipeline-design choice.",
ML Delivery Automation,"How much and what kind of automation should the ML delivery process use across experimentation, testing, orchestration, training, deployment, and operations?",7.12,"Automated retraining-and-deployment pipeline: Pipeline automation that retrains, validates, and deploys models from offline development.",accepted,option,Automated retraining and deployment is an automation option within the delivery lifecycle.,
ML Delivery Automation,"How much and what kind of automation should the ML delivery process use across experimentation, testing, orchestration, training, deployment, and operations?",7.13,Automated repeatable data preprocessing: Repeatable automated preprocessing within retraining and deployment workflows.,accepted,option,Automated preprocessing is a component-level automation choice.,
ML Delivery Automation,"How much and what kind of automation should the ML delivery process use across experimentation, testing, orchestration, training, deployment, and operations?",7.14,Standalone boxed AutoML: Adopt a packaged AutoML solution without embedding it in a broader data-science process.,mixed,other_question,"This asks whether to adopt a standalone AutoML package, which is a tooling choice rather than the delivery-automation degree itself.",
ML Delivery Automation,"How much and what kind of automation should the ML delivery process use across experimentation, testing, orchestration, training, deployment, and operations?",7.15,CRISP-DM as insufficient for evolving ML: Use CRISP-DM alone as the process model for rapidly changing data-science work.,mixed,other_question,"This concerns the suitability of CRISP-DM as a process model, not delivery automation.",
ML Delivery Automation,"How much and what kind of automation should the ML delivery process use across experimentation, testing, orchestration, training, deployment, and operations?",7.16,"Specialized-toolchain MLOps: Assemble multiple specialized tools across pipeline, deployment, monitoring, and orchestration activities.",accepted,option,A specialized toolchain is one way to implement ML delivery automation.,
ML Delivery Automation,"How much and what kind of automation should the ML delivery process use across experimentation, testing, orchestration, training, deployment, and operations?",7.17,"ML process model: Adopt a structured process model with lifecycle activities, templates, guidelines, or implementation roadmaps.",accepted,other_question,"This is about selecting an ML process model, a different design question from automation degree.",
ML Delivery Automation,"How much and what kind of automation should the ML delivery process use across experimentation, testing, orchestration, training, deployment, and operations?",7.18,Heavyweight Waterfall or V-Model process: Use a heavyweight sequential process for ML delivery.,mixed,other_question,"This is a choice of heavyweight process model, not automation mechanism.",
ML Delivery Automation,"How much and what kind of automation should the ML delivery process use across experimentation, testing, orchestration, training, deployment, and operations?",7.19,Manual model analysis: Perform model analysis manually before or between workflow iterations.,accepted,other_question,"Manual model analysis is an analysis-practice choice, not the delivery automation axis.",
ML Delivery Automation,"How much and what kind of automation should the ML delivery process use across experimentation, testing, orchestration, training, deployment, and operations?",7.20,"Automated ML lifecycle management: Automate training, deployment, retraining, and related lifecycle operations to reduce manual effort.",mixed,option,Automated lifecycle management is an automation option for ML operations.,
ML Delivery Automation,"How much and what kind of automation should the ML delivery process use across experimentation, testing, orchestration, training, deployment, and operations?",7.21,Continuous model training: Train and retrain models continuously or frequently as data and operational conditions change.,accepted,option,Continuous training is a specific automation mode for model retraining.,
ML Delivery Automation,"How much and what kind of automation should the ML delivery process use across experimentation, testing, orchestration, training, deployment, and operations?",7.22,Pipeline complexity from automated pre-deployment work: Added deployment-pipeline complexity resulting from automating training and validation steps.,outcome,effect,"This describes a consequence of automation, not a decision option.",
ML Delivery Automation,"How much and what kind of automation should the ML delivery process use across experimentation, testing, orchestration, training, deployment, and operations?",7.23,Single-command research-to-production delivery: A single command automates delivery from research through production deployment.,outcome,effect,"This is an outcome of automation, not an architectural choice.",
ML Delivery Automation,"How much and what kind of automation should the ML delivery process use across experimentation, testing, orchestration, training, deployment, and operations?",7.24,Research-to-production lead time: The elapsed time required to transfer a model from research into production affects delivery automation.,outcome,effect,Lead time is a result affected by automation choices.,
ML Delivery Automation,"How much and what kind of automation should the ML delivery process use across experimentation, testing, orchestration, training, deployment, and operations?",7.25,Experimental-phase project attrition: Projects fail to progress from experimentation into operational production.,outcome,effect,"Project attrition is a downstream outcome, not a design option.",
ML Delivery Automation,"How much and what kind of automation should the ML delivery process use across experimentation, testing, orchestration, training, deployment, and operations?",7.26,Human intervention burden: Frequent manual intervention remains necessary across a specialized-tool MLOps lifecycle.,outcome,effect,Human intervention burden is a consequence of the chosen automation level.,
ML Delivery Automation,"How much and what kind of automation should the ML delivery process use across experimentation, testing, orchestration, training, deployment, and operations?",7.27,Lightweight data-science process: Use a lightweight process model for data-science work.,outcome,goal,"A lightweight process model is a process objective or principle, not a delivery-automation option.",
ML Delivery Automation,"How much and what kind of automation should the ML delivery process use across experimentation, testing, orchestration, training, deployment, and operations?",7.28,Extended productization effort: Productionizing ML artifacts requires substantially more time and multidisciplinary effort than initial creation.,outcome,effect,Extended productization effort is an outcome of the process and automation setup.,
ML Delivery Automation,"How much and what kind of automation should the ML delivery process use across experimentation, testing, orchestration, training, deployment, and operations?",7.29,"Faster experimentation and deployment: Reduce time required for ML experimentation, development, and production deployment.",outcome,effect,Faster experimentation and deployment is a benefit or goal produced by automation.,
Prediction Serving Interaction,"What interaction pattern should be used to request, complete, deliver, and retrieve predictions?",5.1,Synchronous online serving: A caller submits a request and receives a prediction during the request interaction.,accepted,option,It is one possible serving interaction style for prediction requests and responses.,
Prediction Serving Interaction,"What interaction pattern should be used to request, complete, deliver, and retrieve predictions?",5.2,"Asynchronous offline serving: Large collections are scored as batch jobs, with results retrieved after completion.",accepted,option,It is another serving interaction style based on deferred batch completion.,
Prediction Serving Interaction,"What interaction pattern should be used to request, complete, deliver, and retrieve predictions?",5.3,Push-based score delivery: Completed predictions are delivered to the caller through an independent notification.,accepted,option,It is a delivery contract choice where results are pushed via notification.,
Prediction Serving Interaction,"What interaction pattern should be used to request, complete, deliver, and retrieve predictions?",5.4,Polling-based score retrieval: The caller periodically checks a low-latency store for completed predictions.,accepted,option,It is a retrieval contract choice where clients poll for completed predictions.,
Prediction Serving Interaction,"What interaction pattern should be used to request, complete, deliver, and retrieve predictions?",5.5,Broker-based completion notification: A message broker signals completion of offline scoring before consumers fetch results.,accepted,option,It is a completion-notification pattern for offline scoring workflows.,
Prediction Serving Interaction,"What interaction pattern should be used to request, complete, deliver, and retrieve predictions?",5.6,Model-version request routing: Requests identify a model version and a router directs them to the corresponding model.,accepted,other_question,"It concerns routing requests by model version, not the request/completion interaction pattern.",
Prediction Serving Interaction,"What interaction pattern should be used to request, complete, deliver, and retrieve predictions?",5.7,Cached offline predictions: Precomputed predictions are cached to reduce access latency for repeated or relevant requests.,accepted,other_question,"It concerns caching precomputed predictions, not the serving interaction contract itself.",
Prediction Serving Interaction,"What interaction pattern should be used to request, complete, deliver, and retrieve predictions?",5.8,Prediction-request feature payload: Including available contextual features directly in prediction requests.,accepted,other_question,"It concerns what data is included in the prediction request, not how the interaction is timed.",
Prediction Serving Interaction,"What interaction pattern should be used to request, complete, deliver, and retrieve predictions?",5.9,Fresh recommendation results: Serve recommendation outputs that rapidly reflect new data and user actions.,accepted,goal,It states a freshness objective for recommendation results rather than a serving option.,
Prediction Serving Interaction,"What interaction pattern should be used to request, complete, deliver, and retrieve predictions?",5.10,Low-latency recommendation serving: Return recommendation results quickly enough to respond to interactions.,accepted,goal,It states a latency objective for recommendation serving rather than a specific interaction mode.,
Prediction Serving Interaction,"What interaction pattern should be used to request, complete, deliver, and retrieve predictions?",5.11,"Three-way prediction input contract: Supply predictions with model artifacts, processed data, and fresh live signals.",accepted,other_question,"It concerns the input contract for prediction requests, not the delivery/retrieval interaction.",
Prediction Serving Interaction,"What interaction pattern should be used to request, complete, deliver, and retrieve predictions?",5.12,REST model invocation: Request predictions from a remotely hosted model through a REST interface.,accepted,other_question,"It concerns the remote invocation protocol, which is a transport/interface choice rather than the temporal contract.",
Prediction Serving Interaction,"What interaction pattern should be used to request, complete, deliver, and retrieve predictions?",5.13,gRPC model invocation: Request predictions from a remotely hosted model through gRPC.,accepted,other_question,"It concerns the remote invocation protocol, which is a transport/interface choice rather than the temporal contract.",
Prediction Serving Interaction,"What interaction pattern should be used to request, complete, deliver, and retrieve predictions?",5.14,Reduced fraud-response latency: Streaming and real-time decisioning reduce the elapsed time from suspicious transaction detection to account blocking.,outcome,effect,"It describes an outcome of real-time/streaming decisioning, not an architectural choice.",
Serving Architecture Style,What architectural style should organize model-serving components and their boundaries?,29.1,Microservice architecture: Clearly separated product components are independently served as microservices.,mixed,option,It proposes one serving-architecture style choice: microservice organization.,
Serving Architecture Style,What architectural style should organize model-serving components and their boundaries?,29.2,Monolithic architecture: A monolithic serving architecture was considered as an alternative to decomposed ML integration and rejected.,mixed,option,It proposes another serving-architecture style choice: monolithic organization.,
Serving Architecture Style,What architectural style should organize model-serving components and their boundaries?,29.3,Hybrid microservice-monolith architecture: Microservice and monolithic structures are combined when both separation and shared integration are needed.,accepted,option,It proposes a combined style choice: hybrid microservice-monolith organization.,
Serving Architecture Style,What architectural style should organize model-serving components and their boundaries?,29.4,Universal default monolith: Treating the standard monolith as suitable for every situation is explicitly rejected.,mixed,option,It is a rejected style choice about using a universal monolith.,
Serving Architecture Style,What architectural style should organize model-serving components and their boundaries?,29.5,Lambda architecture: Combine streaming and batch paths to support continuously updated online-learning systems.,accepted,other_question,"It is about choosing Lambda architecture for online-learning update paths, which is a different serving/design question.",
Serving Architecture Style,What architectural style should organize model-serving components and their boundaries?,29.6,Loosely coupled serving integration: Keep serving components integrated with surrounding systems while allowing independent evolution and maintenance.,accepted,goal,It expresses a principle of loose coupling and independent evolution rather than a specific architecture-style alternative.,
Serving Architecture Style,What architectural style should organize model-serving components and their boundaries?,29.7,Weak ML component boundaries: ML components have weak boundaries that impede independent architecture and deployment.,outcome,fact,"It describes the resulting state of weak ML component boundaries, not an alternative style choice.",
Serving Architecture Style,What architectural style should organize model-serving components and their boundaries?,29.8,"Interleaved ML model dependencies: One model consumes another model's outputs, creating coupled component dependencies.",outcome,fact,"It describes a dependency pattern between models, not a serving-architecture option.",
Serving Deployment Arrangement,"How should serving for deployed ML models be arranged and exposed so the serving components can be hosted, connected, scaled, and replaced?",30.1,Separate model and API deployment: The model and feature-retrieval or invocation APIs operate as distinct serving components.,accepted,option,It is a deployable serving arrangement choice that separates model and API components.,
Serving Deployment Arrangement,"How should serving for deployed ML models be arranged and exposed so the serving components can be hosted, connected, scaled, and replaced?",30.2,Containerized prediction microservice: A prediction model is packaged and deployed as a containerized microservice.,mixed,option,It is a specific serving deployment style using a containerized microservice.,
Serving Deployment Arrangement,"How should serving for deployed ML models be arranged and exposed so the serving components can be hosted, connected, scaled, and replaced?",30.3,"Clustered queue-backed serving: Online serving runs across a cluster behind a queue for load balancing, throughput, and low latency.",accepted,option,It is an architectural serving arrangement based on clustered queue-backed deployment.,
Serving Deployment Arrangement,"How should serving for deployed ML models be arranged and exposed so the serving components can be hosted, connected, scaled, and replaced?",30.4,Parallel stateless prediction pipelines: Multiple stateless prediction pipelines scale horizontally to accommodate load.,accepted,option,It is a serving pipeline deployment topology chosen for horizontal scaling.,
Serving Deployment Arrangement,"How should serving for deployed ML models be arranged and exposed so the serving components can be hosted, connected, scaled, and replaced?",30.5,Web-service model deployment: Hosting trained models behind web-service interfaces in cloud or local environments.,accepted,option,It is a hosting/deployment option for making models available as web services.,
Serving Deployment Arrangement,"How should serving for deployed ML models be arranged and exposed so the serving components can be hosted, connected, scaled, and replaced?",30.6,Replaceable serving components: Serving components or providers can be substituted independently without rebuilding the whole system.,accepted,option,It is an architectural property about independently replaceable serving components.,
Serving Deployment Arrangement,"How should serving for deployed ML models be arranged and exposed so the serving components can be hosted, connected, scaled, and replaced?",30.7,"Container orchestration platform: Use Kubernetes, Fargate, or an equivalent orchestrator to run serving containers.",accepted,option,It is an infrastructure/runtime choice for orchestrating serving containers.,
Serving Deployment Arrangement,"How should serving for deployed ML models be arranged and exposed so the serving components can be hosted, connected, scaled, and replaced?",30.8,Openscoring model serving: Serve trained models through the Openscoring serving mechanism.,accepted,option,It is a specific model-serving mechanism choice.,
Serving Deployment Arrangement,"How should serving for deployed ML models be arranged and exposed so the serving components can be hosted, connected, scaled, and replaced?",30.9,Rolling serving upgrades: Update deployed ML services incrementally without downtime.,accepted,other_question,"It concerns how deployments are updated over time, not the serving arrangement itself.",
Serving Deployment Arrangement,"How should serving for deployed ML models be arranged and exposed so the serving components can be hosted, connected, scaled, and replaced?",30.10,HTTPS service communication: Secure REST service communication using HTTPS as a deployment and integration requirement.,accepted,goal,It states a security/communication requirement rather than a deployment arrangement choice.,
Serving Deployment Arrangement,"How should serving for deployed ML models be arranged and exposed so the serving components can be hosted, connected, scaled, and replaced?",30.11,Reduced single-point-of-failure risk: Service decomposition reduces dependence on one provider or component failure.,outcome,effect,"It is a consequence of service decomposition, not a deployment option.",
Serving Deployment Arrangement,"How should serving for deployed ML models be arranged and exposed so the serving components can be hosted, connected, scaled, and replaced?",30.12,Feature-service independence: Independent feature services enable distributed development and component autonomy.,outcome,effect,"It describes an outcome of independent services, not a serving arrangement choice.",
Serving Deployment Arrangement,"How should serving for deployed ML models be arranged and exposed so the serving components can be hosted, connected, scaled, and replaced?",30.13,Distributed development enablement: Service decomposition enables development by distributed teams.,outcome,effect,It is a development-process benefit resulting from decomposition.,
Serving Deployment Arrangement,"How should serving for deployed ML models be arranged and exposed so the serving components can be hosted, connected, scaled, and replaced?",30.14,Software development cost: Development and maintenance effort affected by application architecture and code organization.,outcome,effect,"It is a cost outcome influenced by architecture, not a deployment arrangement choice.",
Serving Capacity and Recovery,Which serving capacity and recovery strategy should be used to keep prediction services operational under changing demand and failures?,31.1,Elastic serving scale: Prediction infrastructure dynamically scales capacity with changing workload demand.,accepted,option,Dynamic scaling is one possible strategy for sustaining capacity.,
Serving Capacity and Recovery,Which serving capacity and recovery strategy should be used to keep prediction services operational under changing demand and failures?,31.2,Automated failover and recovery: Production serving activates geographically resilient failover and rapid automated recovery.,accepted,option,Automated failover and recovery is a concrete availability/recovery strategy.,
Serving Capacity and Recovery,Which serving capacity and recovery strategy should be used to keep prediction services operational under changing demand and failures?,31.3,Serverless service deployment: Deploy services through a serverless runtime rather than dedicated continuously running hosts.,accepted,option,Serverless deployment is a concrete serving deployment choice.,
Serving Capacity and Recovery,Which serving capacity and recovery strategy should be used to keep prediction services operational under changing demand and failures?,31.4,Availability-oriented serving: Prioritize service availability and rapid recovery so prediction requests receive responses despite failures or load.,accepted,goal,"Availability and rapid recovery are objectives, not a distinct strategy choice.",
Serving Capacity and Recovery,Which serving capacity and recovery strategy should be used to keep prediction services operational under changing demand and failures?,31.5,"Performance-oriented serving: Choose serving architecture to meet read, write, scoring, and response-time performance requirements.",accepted,goal,"Performance requirements describe a target to satisfy, not an architectural option.",
Serving Capacity and Recovery,Which serving capacity and recovery strategy should be used to keep prediction services operational under changing demand and failures?,31.6,Horizontal execution-cluster scaling: Scale the execution cluster horizontally for automated ML workflows.,accepted,other_question,"Horizontal execution-cluster scaling is a scaling choice for automated ML workflows, not specifically serving capacity and recovery.",
Serving Capacity and Recovery,Which serving capacity and recovery strategy should be used to keep prediction services operational under changing demand and failures?,31.7,Workload-managed serving computation: Manage computational resources according to workload to sustain efficient production operation.,accepted,other_question,Workload-managed resource computation is a broader resource-management question rather than a specific recovery strategy.,
Serving Capacity and Recovery,Which serving capacity and recovery strategy should be used to keep prediction services operational under changing demand and failures?,31.8,Fault-tolerant self-healing serving: Recover from component breakdowns through fault tolerance and self-healing operation.,accepted,option,Fault-tolerant self-healing is a concrete operational recovery approach.,
Serving Capacity and Recovery,Which serving capacity and recovery strategy should be used to keep prediction services operational under changing demand and failures?,31.9,"Serverless state and duration mismatch: Stateless short-lived serverless functions can fit poorly with stateful, long-running data-science workers.",outcome,effect,This describes a compatibility problem that results from a deployment choice.,
Serving Capacity and Recovery,Which serving capacity and recovery strategy should be used to keep prediction services operational under changing demand and failures?,31.10,Scalable ML pipeline operation: Ability of deployed ML pipeline infrastructure to operate at increasing scale.,outcome,effect,Scalable pipeline operation is an outcome of architectural decisions.,
Serving Capacity and Recovery,Which serving capacity and recovery strategy should be used to keep prediction services operational under changing demand and failures?,31.11,Sub-10-millisecond scoring latency: Observed prediction response latency below ten milliseconds under load.,outcome,effect,"Sub-10-millisecond latency is a measured performance result, not a choice.",
Serving Capacity and Recovery,Which serving capacity and recovery strategy should be used to keep prediction services operational under changing demand and failures?,31.12,Software scalability: The selected service architecture improves software scalability.,outcome,effect,Software scalability is a consequence of the selected architecture.,
Serving Capacity and Recovery,Which serving capacity and recovery strategy should be used to keep prediction services operational under changing demand and failures?,31.13,Latency-throughput constraint: Meet application-specific latency and throughput requirements for production inference.,outcome,goal,Latency and throughput constraints are requirements the architecture must meet.,
Feature and Model State Storage,What storage strategy should be used to provide features and model state to online prediction components?,32.1,In-memory feature store: Input features are kept in a low-read-latency in-memory store for online prediction.,accepted,option,It is an alternative storage choice for serving input features to prediction.,
Feature and Model State Storage,What storage strategy should be used to provide features and model state to online prediction components?,32.2,Atomic model-state persistence: Model parameter reads and writes preserve an all-or-nothing serving-visible model state.,accepted,other_question,"It concerns transactional consistency of model-state persistence, not the feature-storage strategy itself.",
Feature and Model State Storage,What storage strategy should be used to provide features and model state to online prediction components?,32.3,Key-value model store: Models and parameters are stored in a key-value system to improve serving performance.,accepted,other_question,"It is a separate choice about using a key-value system for model storage, not feature storage.",
Serving Platform and Hardware,"Where should model inference run, and on what serving platform or hardware target?",35.1,Edge model deployment: Deployment of inference models to edge devices rather than only centralized services.,accepted,option,It is a deployment-location choice between edge devices and centralized services.,
Serving Platform and Hardware,"Where should model inference run, and on what serving platform or hardware target?",35.2,"Inference hardware selection: Selection of CPU, GPU, or FPGA resources for model inference.",accepted,other_question,"It chooses the compute resource type for inference, which is a separate hardware-selection decision.",
Serving Platform and Hardware,"Where should model inference run, and on what serving platform or hardware target?",35.3,"Target-platform resource configuration: Configuration of VM family, memory, cores, and related serving resources.",accepted,other_question,"It chooses VM and resource sizing, which is a separate resource-configuration decision.",
Serving Platform and Hardware,"Where should model inference run, and on what serving platform or hardware target?",35.4,Hosted model-serving infrastructure: Models are hosted and maintained on dedicated infrastructure after deployment.,accepted,fact,"It describes an infrastructure arrangement for hosting models, rather than presenting a specific alternative choice.",
Serving Platform and Hardware,"Where should model inference run, and on what serving platform or hardware target?",35.5,"Azure or local serving target: Deploy real-time model services to Azure Container Instance, Azure Kubernetes Service, or a local environment.",accepted,option,"It is a choice of serving target environment among Azure Container Instance, AKS, or local deployment.",
Serving Platform and Hardware,"Where should model inference run, and on what serving platform or hardware target?",35.6,Infrastructure hosting cost: Data-storage and server costs resulting from infrastructure and deployment architecture.,outcome,effect,It states a cost consequence of the hosting and deployment architecture.,
Serving Packaging and Runtime,"How should a model-serving system be packaged and executed so that serving code, dependencies, runtime context, and related assets are runnable?",36.1,Dependency-defined serving environment: Packaging runtime dependencies required by the serving entry point and models.,accepted,option,It is one possible way to define the serving runtime dependency environment.,
Serving Packaging and Runtime,"How should a model-serving system be packaged and executed so that serving code, dependencies, runtime context, and related assets are runnable?",36.2,Model-serving entry script: Request-handling entry point that invokes models and returns prediction responses.,accepted,option,It is one possible serving entry-point structure for handling requests and returning predictions.,
Serving Packaging and Runtime,"How should a model-serving system be packaged and executed so that serving code, dependencies, runtime context, and related assets are runnable?",36.3,Supplemental model-serving assets: Packaging of additional text or data assets required at serving time.,accepted,option,It is one possible packaging choice for additional serving-time assets.,
Serving Packaging and Runtime,"How should a model-serving system be packaged and executed so that serving code, dependencies, runtime context, and related assets are runnable?",36.4,Machine-learning function abstraction: Packaging executable ML code as managed functions with injected runtime context.,accepted,option,It is one possible abstraction for packaging executable ML code as managed functions.,
Serving Packaging and Runtime,"How should a model-serving system be packaged and executed so that serving code, dependencies, runtime context, and related assets are runnable?",36.5,Serverless ZIP packaging: Package serverless code and dependencies as a ZIP artifact with a single invocation entry point.,accepted,option,It is one packaging format choice for serverless execution.,
Serving Packaging and Runtime,"How should a model-serving system be packaged and executed so that serving code, dependencies, runtime context, and related assets are runnable?",36.6,"Deployment package configuration: Package model artifacts, dependencies, invocation code, and deployment configuration together.",accepted,option,It is one way to package artifacts and configuration for deployment.,
Serving Packaging and Runtime,"How should a model-serving system be packaged and executed so that serving code, dependencies, runtime context, and related assets are runnable?",36.7,"Manifest-defined execution package: Package production execution through a manifest defining code configuration, dependencies, resources, and runtime baseline.",accepted,option,It is one way to define the execution package through a manifest.,
Serving Packaging and Runtime,"How should a model-serving system be packaged and executed so that serving code, dependencies, runtime context, and related assets are runnable?",36.8,"Wrapper-based runtime injection: Supply secrets, credentials, execution context, and parameters through the runtime wrapper rather than embedded code.",accepted,option,"It is one runtime mechanism for injecting secrets, credentials, and parameters.",
Serving Packaging and Runtime,"How should a model-serving system be packaged and executed so that serving code, dependencies, runtime context, and related assets are runnable?",36.9,Model-as-dependency packaging: Package a trained model inside an application as a conventional software dependency.,accepted,option,It is one packaging approach that treats the model as an application dependency.,
Serving Packaging and Runtime,"How should a model-serving system be packaged and executed so that serving code, dependencies, runtime context, and related assets are runnable?",36.10,Microservice maintainability burden: Maintainability and readability costs resulting from extensive service decomposition.,outcome,effect,It describes a maintainability cost caused by service decomposition.,
Serving Packaging and Runtime,"How should a model-serving system be packaged and executed so that serving code, dependencies, runtime context, and related assets are runnable?",36.11,Monolithic dependency-change ripple: Change propagation across a shared codebase after a deeply nested dependency change.,outcome,effect,It describes a ripple effect from changing a nested dependency.,
Serving Packaging and Runtime,"How should a model-serving system be packaged and executed so that serving code, dependencies, runtime context, and related assets are runnable?",36.12,Monolithic cognitive overhead: Debugging and extension effort caused by traversing a large shared codebase.,outcome,effect,It describes debugging and extension overhead in a monolithic codebase.,
Serving Packaging and Runtime,"How should a model-serving system be packaged and executed so that serving code, dependencies, runtime context, and related assets are runnable?",36.13,Serverless artifact-size constraint: Deployment artifact size limits constrain serverless packaging.,outcome,effect,It describes a deployment limit that constrains packaging choices.,
Serving Packaging and Runtime,"How should a model-serving system be packaged and executed so that serving code, dependencies, runtime context, and related assets are runnable?",36.14,Reproducible software builds: Manage declared dependencies and environments to produce repeatable software builds.,outcome,fact,It states a build property about declared dependencies and environments enabling repeatable builds.,
ML Infrastructure Placement,"Where should ML infrastructure be hosted and operated: in the cloud, on premises, or in a hybrid combination, and by whom should the MLOps stack be built or obtained?",37.1,Hybrid cloud and on-premises infrastructure: Cloud services coexist with on-premises systems to accommodate sensitive workloads and existing infrastructure.,accepted,option,Hybrid cloud and on-premises is one possible hosting/placement choice.,
ML Infrastructure Placement,"Where should ML infrastructure be hosted and operated: in the cloud, on premises, or in a hybrid combination, and by whom should the MLOps stack be built or obtained?",37.2,On-premises sensitive-data retention: Private or sensitive data remains on company-controlled servers to reduce exposure risk.,accepted,option,Keeping sensitive data on company-controlled servers is a placement choice for private data.,
ML Infrastructure Placement,"Where should ML infrastructure be hosted and operated: in the cloud, on premises, or in a hybrid combination, and by whom should the MLOps stack be built or obtained?",37.3,"Centralized consistent storage: Accessible data is retained in a consistent structure, ideally in one centralized location.",mixed,other_question,"This is about data storage organization and centralization, not ML infrastructure placement.",
ML Infrastructure Placement,"Where should ML infrastructure be hosted and operated: in the cloud, on premises, or in a hybrid combination, and by whom should the MLOps stack be built or obtained?",37.4,"Computation-resource abstraction: Separating ML code from the cluster, distributed engine, or runtime executing it.",accepted,option,Abstracting computation resources is a deployment/placement strategy for ML code.,
ML Infrastructure Placement,"Where should ML infrastructure be hosted and operated: in the cloud, on premises, or in a hybrid combination, and by whom should the MLOps stack be built or obtained?",37.5,Organizational workflow reorganization: Reworking organizational workflows and processes to enable machine-learning adoption.,accepted,effect,"This describes an organizational change needed to enable adoption, not a placement choice.",
ML Infrastructure Placement,"Where should ML infrastructure be hosted and operated: in the cloud, on premises, or in a hybrid combination, and by whom should the MLOps stack be built or obtained?",37.6,Direct underlying-data access: Allowing direct access to underlying data was explicitly rejected as an infrastructure access approach.,rejected,option,Rejecting direct underlying-data access is an access-control/infrastructure choice.,
ML Infrastructure Placement,"Where should ML infrastructure be hosted and operated: in the cloud, on premises, or in a hybrid combination, and by whom should the MLOps stack be built or obtained?",37.7,Machine-local dependency installation: Notebook dependencies are installed only on an individual developer machine.,accepted,option,Installing dependencies only on an individual machine is a concrete infrastructure placement/deployment approach.,
ML Infrastructure Placement,"Where should ML infrastructure be hosted and operated: in the cloud, on premises, or in a hybrid combination, and by whom should the MLOps stack be built or obtained?",37.8,Custom-built MLOps infrastructure: Build and maintain an organization-specific MLOps tool ecosystem in-house.,accepted,option,Building an in-house MLOps ecosystem is one way to realize the infrastructure stack.,
ML Infrastructure Placement,"Where should ML infrastructure be hosted and operated: in the cloud, on premises, or in a hybrid combination, and by whom should the MLOps stack be built or obtained?",37.9,Managed cloud MLOps platform: Adopt a fully managed cloud platform spanning substantial portions of model development and operations.,accepted,option,Using a managed cloud MLOps platform is another infrastructure stack choice.,
ML Infrastructure Placement,"Where should ML infrastructure be hosted and operated: in the cloud, on premises, or in a hybrid combination, and by whom should the MLOps stack be built or obtained?",37.10,Pre-built MLOps pipeline components: Assemble MLOps workflows from pre-built components and templates supplied by a platform.,accepted,option,Assembling workflows from pre-built components is a platform/tooling choice.,
ML Infrastructure Placement,"Where should ML infrastructure be hosted and operated: in the cloud, on premises, or in a hybrid combination, and by whom should the MLOps stack be built or obtained?",37.11,Hybrid MLOps infrastructure: Combine internally built and externally managed infrastructure components for MLOps.,accepted,option,Combining internal and external MLOps components is a stack/placement choice.,
ML Infrastructure Placement,"Where should ML infrastructure be hosted and operated: in the cloud, on premises, or in a hybrid combination, and by whom should the MLOps stack be built or obtained?",37.12,Hybrid infrastructure management complexity: Operating cloud and on-premises environments together creates additional management complexity.,outcome,effect,This states an operational consequence of hybrid infrastructure.,
ML Infrastructure Placement,"Where should ML infrastructure be hosted and operated: in the cloud, on premises, or in a hybrid combination, and by whom should the MLOps stack be built or obtained?",37.13,Sensitive-data exposure risk: A vulnerability affecting private data can have catastrophic consequences and motivates infrastructure isolation.,outcome,effect,"This describes a risk motivating isolation, not a choice itself.",
ML Infrastructure Placement,"Where should ML infrastructure be hosted and operated: in the cloud, on premises, or in a hybrid combination, and by whom should the MLOps stack be built or obtained?",37.14,On-premises infrastructure reliability failures: Reliability problems arising from operating infrastructure on premises.,outcome,effect,This is a reliability consequence of on-premises operation.,
ML Infrastructure Placement,"Where should ML infrastructure be hosted and operated: in the cloud, on premises, or in a hybrid combination, and by whom should the MLOps stack be built or obtained?",37.15,Specialized compute and storage access gaps: Limited access to specialized infrastructure resources under self-managed deployment.,outcome,effect,This is an access-gap consequence of self-managed deployment.,
ML Infrastructure Placement,"Where should ML infrastructure be hosted and operated: in the cloud, on premises, or in a hybrid combination, and by whom should the MLOps stack be built or obtained?",37.16,Infrastructure-specific skills gap: Additional specialist skills required to operate self-managed infrastructure.,outcome,effect,This is a skills-related consequence of operating infrastructure oneself.,
ML Infrastructure Placement,"Where should ML infrastructure be hosted and operated: in the cloud, on premises, or in a hybrid combination, and by whom should the MLOps stack be built or obtained?",37.17,Infrastructure management diversion from model R&D: Operational infrastructure work displaces attention from model research and data collection.,outcome,effect,This is a resource-allocation consequence of infrastructure work.,
ML Infrastructure Placement,"Where should ML infrastructure be hosted and operated: in the cloud, on premises, or in a hybrid combination, and by whom should the MLOps stack be built or obtained?",37.18,Managed platform flexibility and scalability: Flexibility and scalability resulting from using a fully managed platform.,outcome,effect,This is a benefit/outcome of managed platforms.,
ML Infrastructure Placement,"Where should ML infrastructure be hosted and operated: in the cloud, on premises, or in a hybrid combination, and by whom should the MLOps stack be built or obtained?",37.19,"Managed platform compliance and security exposure: Compliance, regulatory, and security concerns introduced by managed-platform use.",outcome,effect,This is a risk/consequence of managed-platform use.,
ML Infrastructure Placement,"Where should ML infrastructure be hosted and operated: in the cloud, on premises, or in a hybrid combination, and by whom should the MLOps stack be built or obtained?",37.20,Cloud-based ML infrastructure: Running ML infrastructure in cloud environments rather than only self-managed local systems.,outcome,option,Running ML infrastructure in the cloud is a placement option.,
ML Infrastructure Placement,"Where should ML infrastructure be hosted and operated: in the cloud, on premises, or in a hybrid combination, and by whom should the MLOps stack be built or obtained?",37.21,"ML infrastructure maintenance burden: Building, updating, and operating in-house ML infrastructure consumes substantial engineering effort.",outcome,effect,This describes the maintenance burden of in-house infrastructure.,
ML Development Environment,What ML development environment and workflow should the organization use for data-science implementation and experimentation?,38.1,Enterprise-standard RStudio platform: An organization mandates RStudio Server as the standard data-science development platform.,accepted,option,It is a choice of standard development platform.,
ML Development Environment,What ML development environment and workflow should the organization use for data-science implementation and experimentation?,38.2,Mandatory R-language constraint: Organizational guidelines require data-science projects to use R.,accepted,goal,"It is a mandated language constraint, not an environment option.",
ML Development Environment,What ML development environment and workflow should the organization use for data-science implementation and experimentation?,38.3,Notebook-based prototyping: Data scientists prototype with notebooks despite an enterprise-provided platform.,mixed,other_question,"It is about whether to prototype in notebooks despite a platform, which is a workflow choice separate from the core environment question.",
ML Development Environment,What ML development environment and workflow should the organization use for data-science implementation and experimentation?,38.4,Model access authentication: Authentication restricts model use to authorized parties.,accepted,fact,It describes access control for model use rather than a development-environment choice.,
ML Development Environment,What ML development environment and workflow should the organization use for data-science implementation and experimentation?,38.5,Notebook production pipeline: Using notebooks as the production pipeline was explicitly rejected.,mixed,other_question,"It concerns whether notebooks may be used as the production pipeline, a deployment/workflow decision.",
ML Development Environment,What ML development environment and workflow should the organization use for data-science implementation and experimentation?,38.6,Multi-language implementation support: Use infrastructure that permits services or ML components to be implemented in multiple programming languages.,mixed,option,It is a choice about supporting multiple implementation languages.,
ML Development Environment,What ML development environment and workflow should the organization use for data-science implementation and experimentation?,38.7,Visual low-code/no-code ML tooling: Use of visual tools instead of conventional code-centered ML development.,accepted,option,It is a choice of development tooling style.,
ML Development Environment,What ML development environment and workflow should the organization use for data-science implementation and experimentation?,38.8,Cloud-hosted notebook execution: Using cloud-hosted notebook execution was explicitly rejected in favor of the selected execution arrangement.,mixed,other_question,"It is about where notebooks execute, not the general development environment question.",
ML Development Environment,What ML development environment and workflow should the organization use for data-science implementation and experimentation?,38.9,Uncontainerized notebook runtime: Research notebooks run without container isolation from production environments.,accepted,option,It is a choice of notebook runtime arrangement.,
ML Development Environment,What ML development environment and workflow should the organization use for data-science implementation and experimentation?,38.10,Notebook execution without build and CI validation: Notebook execution bypasses build processing and server-enforced continuous-integration validation.,accepted,option,It is a choice to allow notebook execution without build/CI validation.,
ML Development Environment,What ML development environment and workflow should the organization use for data-science implementation and experimentation?,38.11,Python implementation language: Python is selected as the primary implementation language for machine learning and data science.,accepted,option,It is a choice of primary implementation language.,
ML Development Environment,What ML development environment and workflow should the organization use for data-science implementation and experimentation?,38.12,"JSON-file notebook representation: Represent notebooks as large JSON documents, affecting collaboration and versioning.",mixed,fact,It describes a notebook representation format and its collaboration implications.,
ML Development Environment,What ML development environment and workflow should the organization use for data-science implementation and experimentation?,38.13,Local-machine data access: Develop by accessing protected data directly from a local machine.,rejected,option,"It is a possible development access mode, even though rejected.",
ML Development Environment,What ML development environment and workflow should the organization use for data-science implementation and experimentation?,38.14,Secure VM-hosted IDE development: Use a secure virtual machine and IDE for protected-data development.,accepted,option,It is a choice of secure hosted development setup.,
ML Development Environment,What ML development environment and workflow should the organization use for data-science implementation and experimentation?,38.15,"Replicable IDE code development: Use an IDE setup that supports proper, repeatable code and results.",accepted,option,It is a choice of IDE-based development approach.,
ML Development Environment,What ML development environment and workflow should the organization use for data-science implementation and experimentation?,38.16,Notebook cell SQL execution: Execute SQL directly through notebook cell integrations.,mixed,other_question,"It is about executing SQL inside notebook cells, a specific notebook capability rather than the overall environment.",
ML Development Environment,What ML development environment and workflow should the organization use for data-science implementation and experimentation?,38.17,Generic query-generation function: Generate related queries through a reusable function parameterized by changing elements.,accepted,fact,"It describes a reusable coding pattern, not an environment decision.",
ML Development Environment,What ML development environment and workflow should the organization use for data-science implementation and experimentation?,38.18,Notebook execution-state caching: Cache executed cell results and variables for reuse across notebook cells.,accepted,fact,"It describes notebook state behavior, not a choice of environment.",
ML Development Environment,What ML development environment and workflow should the organization use for data-science implementation and experimentation?,38.19,Explicit notebook cache invalidation: Clear cached state or rerun defining cells to invalidate notebook results.,accepted,fact,"It describes how notebook cache state is managed, not an alternative environment.",
ML Development Environment,What ML development environment and workflow should the organization use for data-science implementation and experimentation?,38.20,PyCharm data-science editor: Use an IDE such as PyCharm as the primary environment for editing data-science code.,accepted,option,It is a choice of primary editor/IDE.,
ML Development Environment,What ML development environment and workflow should the organization use for data-science implementation and experimentation?,38.21,Server-side notebook hosting: Host notebooks on servers to protect sensitive data and centralize execution.,mixed,other_question,"It is specifically about notebook hosting location, which is a narrower decision than the full environment question.",
ML Development Environment,What ML development environment and workflow should the organization use for data-science implementation and experimentation?,38.22,Notebook showcasing and exploratory workflow: Use interactive notebooks for presenting results and conducting exploratory data analysis.,accepted,option,It is a choice to use interactive notebooks for exploration and presentation.,
ML Development Environment,What ML development environment and workflow should the organization use for data-science implementation and experimentation?,38.23,"Notebook code-quality and testing burden: Notebook-centered development creates difficulty with linting, function structure, and automated testing.",outcome,effect,It states a consequence of notebook-centered development.,
ML Development Environment,What ML development environment and workflow should the organization use for data-science implementation and experimentation?,38.24,Technology-dependent maintenance and expert availability burden: Maintenance difficulty and staffing constraints resulting from selected languages and technologies.,outcome,effect,It states a maintenance and staffing consequence of technology choices.,
ML Development Environment,What ML development environment and workflow should the organization use for data-science implementation and experimentation?,38.25,Research-production numerical divergence: Dependency differences cause numerical calculations to differ between research and production.,outcome,effect,It states a production discrepancy caused by dependency differences.,
ML Development Environment,What ML development environment and workflow should the organization use for data-science implementation and experimentation?,38.26,Non-reproducible local notebook results: Local dependency and caching differences produce different notebook results across machines.,outcome,effect,It states a reproducibility problem caused by local differences.,
ML Development Environment,What ML development environment and workflow should the organization use for data-science implementation and experimentation?,38.27,Data value realization: Business value sought from collected data and enabled by organizational ML capabilities.,outcome,goal,"It is the business objective, not an environment choice.",
ML Development Environment,What ML development environment and workflow should the organization use for data-science implementation and experimentation?,38.28,Notebook merge difficulty: Difficulty merging collaboratively edited notebooks because of their document representation.,outcome,effect,It states a collaboration cost of notebook representation.,
ML Development Environment,What ML development environment and workflow should the organization use for data-science implementation and experimentation?,38.29,Notebook review-workflow gap: Difficulty applying pull requests and software review practices to collaborative notebooks.,outcome,effect,It states a workflow/review drawback of notebooks.,
ML Development Environment,What ML development environment and workflow should the organization use for data-science implementation and experimentation?,38.30,Lowered data-science entry barriers: Notebook environments make data science more accessible by reducing barriers to entry.,outcome,effect,It states an accessibility benefit of notebook environments.,
ML Development Environment,What ML development environment and workflow should the organization use for data-science implementation and experimentation?,38.31,Duplicated credential management: Maintain access credentials separately across notebooks.,outcome,effect,It states an operational burden on credentials management.,
ML Development Environment,What ML development environment and workflow should the organization use for data-science implementation and experimentation?,38.32,"Noncanonical dataset definition: Lack a reusable canonical representation of a dataset, requiring copied query definitions.",outcome,effect,It states a modeling/data-management consequence of lacking canonical dataset definitions.,
ML Development Environment,What ML development environment and workflow should the organization use for data-science implementation and experimentation?,38.33,"Untracked notebook accumulation: Accumulate notebooks whose purpose, history, and version relationships are unclear.",outcome,effect,It states an organizational documentation/traceability consequence.,
ML Development Environment,What ML development environment and workflow should the organization use for data-science implementation and experimentation?,38.34,"IDE productivity improvement: Improve development speed, code quality, and production delivery through IDE-supported work.",outcome,effect,It states a benefit of IDE-supported work.,
ML Development Environment,What ML development environment and workflow should the organization use for data-science implementation and experimentation?,38.35,Duplicated notebook queries: Repeated notebook query cells create duplicated query code.,outcome,effect,It states a duplication consequence in notebook workflows.,
ML Development Environment,What ML development environment and workflow should the organization use for data-science implementation and experimentation?,38.36,"Avoided repeated notebook computation: Avoid repeated expensive training, retrieval, or database computation through cached results.",outcome,effect,It states a benefit of caching repeated computation.,
ML Development Environment,What ML development environment and workflow should the organization use for data-science implementation and experimentation?,38.37,Stale notebook state risk: Retained notebook state can expose obsolete data or model results.,outcome,effect,It states a risk from retained notebook state.,
ML Development Environment,What ML development environment and workflow should the organization use for data-science implementation and experimentation?,38.38,"Procedural notebook workflow: Develop notebook work as sequential procedural steps, with associated maintainability consequences.",outcome,fact,It describes a procedural style of notebook workflow and its consequences rather than a discrete choice.,
Operational Monitoring Strategy,How should a deployed model be monitored and reviewed operationally after deployment?,9.1,"End-to-end lifecycle monitoring: Models, infrastructure, and all ML construction and operation steps are monitored continuously.",accepted,option,It is a monitoring approach for ongoing operational observation.,
Operational Monitoring Strategy,How should a deployed model be monitored and reviewed operationally after deployment?,9.2,"Data-scientist-led monitoring: The model creator personally collects feedback, iterates, and supervises the model after deployment.",accepted,option,It chooses who performs post-deployment monitoring and review.,
Operational Monitoring Strategy,How should a deployed model be monitored and reviewed operationally after deployment?,9.3,Periodic model health checks: Teams revisit deployed models at regular intervals for basic health assessment.,accepted,option,It is a cadence-based monitoring approach.,
Operational Monitoring Strategy,How should a deployed model be monitored and reviewed operationally after deployment?,9.4,"User-reported issue detection: Users identify failures and problems, after which the team responds reactively.",accepted,option,It is a reactive issue-detection approach.,
Operational Monitoring Strategy,How should a deployed model be monitored and reviewed operationally after deployment?,9.5,Custom monitoring dashboard: Important models use internally built dashboards for dedicated operational observation.,accepted,option,It is a choice to use a dedicated monitoring dashboard.,
Operational Monitoring Strategy,How should a deployed model be monitored and reviewed operationally after deployment?,9.6,Failure-driven monitoring checks: Custom checks are added incrementally after operational failures occur.,accepted,option,It is a monitoring approach that evolves after failures.,
Operational Monitoring Strategy,How should a deployed model be monitored and reviewed operationally after deployment?,9.7,Separated model and business KPI reporting: Operational model metrics and business KPI reports are maintained in separate views or silos.,accepted,other_question,"It asks whether operational model metrics and business KPI reporting are kept separate, which is a reporting-structure decision.",
Operational Monitoring Strategy,How should a deployed model be monitored and reviewed operationally after deployment?,9.8,Human review of uncertain predictions: Predictions below a confidence threshold are routed to human workers for review and updating.,accepted,option,It is a human-in-the-loop monitoring and review approach.,
Operational Monitoring Strategy,How should a deployed model be monitored and reviewed operationally after deployment?,9.9,Active model performance monitoring: The source explicitly rejected active model-performance monitoring as the selected monitoring approach.,rejected,other_question,It refers to rejecting a specific monitoring approach rather than offering an alternative value for the same axis.,
Operational Monitoring Strategy,How should a deployed model be monitored and reviewed operationally after deployment?,9.10,Training-serving data drift monitoring: Monitor divergence between training data or features and those observed during production serving.,accepted,option,It is a specific monitoring signal focused on drift.,
Operational Monitoring Strategy,How should a deployed model be monitored and reviewed operationally after deployment?,9.11,Below-threshold human review loop: Route predictions below a confidence or quality threshold to human review before accepting the result.,accepted,option,It is a threshold-based human review workflow.,
Operational Monitoring Strategy,How should a deployed model be monitored and reviewed operationally after deployment?,9.12,Complete online-learning data logging: Whether all incoming online-learning data is retained for offline analysis and replay.,accepted,fact,"It describes retaining online-learning data for later analysis, which is an implementation/property of logging.",
Operational Monitoring Strategy,How should a deployed model be monitored and reviewed operationally after deployment?,9.13,"Prediction logging: Whether predictions and their inputs are logged for replay, validation, and optimization.",accepted,option,It is a monitoring/logging practice used for replay and validation.,
Operational Monitoring Strategy,How should a deployed model be monitored and reviewed operationally after deployment?,9.14,Deferred persistence of logged data: Whether operational logs may be persisted later when immediate durability is unnecessary.,accepted,fact,"It describes when logged data is persisted, which is a storage characteristic rather than the monitoring strategy itself.",
Operational Monitoring Strategy,How should a deployed model be monitored and reviewed operationally after deployment?,9.15,Half-blind input-output monitoring: Monitoring inputs and predictions before ground truth or business outcomes are immediately available.,accepted,fact,"It describes monitoring before ground truth or business outcomes are available, which is a timing property.",
Operational Monitoring Strategy,How should a deployed model be monitored and reviewed operationally after deployment?,9.16,Classifier decision-threshold adjustment: Changing prediction thresholds to respond to drift or evolving model behavior.,accepted,option,It is a response tactic to monitoring signals or drift.,
Operational Monitoring Strategy,How should a deployed model be monitored and reviewed operationally after deployment?,9.17,Product-feature compensation for model flaws: Changing product features to mitigate known model weaknesses or population-specific failures.,accepted,option,It is an operational mitigation strategy for model weaknesses.,
Operational Monitoring Strategy,How should a deployed model be monitored and reviewed operationally after deployment?,9.18,Automated model adjustment: Operationally automated changes maintain or improve a deployed model after delivery.,accepted,other_question,"It is about automatic post-deployment model adjustment, which is a remediation/update decision rather than monitoring.",
Operational Monitoring Strategy,How should a deployed model be monitored and reviewed operationally after deployment?,9.19,Live-data performance monitoring: Production performance statistics from live data support operational decisions and retraining.,accepted,option,It is a monitoring approach based on live production performance.,
Operational Monitoring Strategy,How should a deployed model be monitored and reviewed operationally after deployment?,9.20,Pipeline dependency-change monitoring: Monitoring detects dependency changes across the complete machine-learning pipeline.,accepted,option,It is a specific dependency-monitoring practice within operational monitoring.,
Operational Monitoring Strategy,How should a deployed model be monitored and reviewed operationally after deployment?,9.21,Training-serving input schema monitoring: Monitoring alerts when production inputs violate the schema established during training.,accepted,option,It is a schema-monitoring practice for production inputs.,
Operational Monitoring Strategy,How should a deployed model be monitored and reviewed operationally after deployment?,9.22,Alert-threshold tuning: Alert thresholds are tuned to keep monitoring signals useful and credible.,accepted,fact,"It describes tuning alert thresholds, which is a calibration detail of monitoring rather than the strategy choice itself.",
Operational Monitoring Strategy,How should a deployed model be monitored and reviewed operationally after deployment?,9.23,Numerical and computational stability alerting: Monitoring alerts on numerical invalidity and dramatic or gradual computational regressions.,accepted,option,It is a specific class of alerting used in monitoring.,
Operational Monitoring Strategy,How should a deployed model be monitored and reviewed operationally after deployment?,9.24,"Lifecycle event alerting: Alert on experiment, registration, deployment, and drift events during the model lifecycle.",accepted,option,It is a lifecycle-event alerting approach.,
Operational Monitoring Strategy,How should a deployed model be monitored and reviewed operationally after deployment?,9.25,Distinct ML monitoring domain: Treat monitoring of model behavior and impact as a specialized operational discipline distinct from general software monitoring.,accepted,goal,It states a principle about monitoring as a distinct discipline.,
Operational Monitoring Strategy,How should a deployed model be monitored and reviewed operationally after deployment?,9.26,"Cross-functional monitoring responsibility: Assign model monitoring responsibility across technical, business, support, and other affected stakeholders.",accepted,goal,It states a responsibility-allocation principle across stakeholders.,
Operational Monitoring Strategy,How should a deployed model be monitored and reviewed operationally after deployment?,9.27,Software-metrics-only monitoring: Rely exclusively on software metrics to monitor a production model.,rejected,other_question,"It is a narrower choice about relying only on software metrics, not the broader operational monitoring question.",
Operational Monitoring Strategy,How should a deployed model be monitored and reviewed operationally after deployment?,9.28,Business-KPI-only monitoring: Wait exclusively for downstream product or business KPIs to monitor model behavior.,rejected,other_question,"It is a narrower choice about relying only on business KPIs, not the broader operational monitoring question.",
Operational Monitoring Strategy,How should a deployed model be monitored and reviewed operationally after deployment?,9.29,Production model as operational service: Treat a deployed model as a user-facing operational service within a product or process.,accepted,fact,It describes the deployed model’s role as an operational service.,
Operational Monitoring Strategy,How should a deployed model be monitored and reviewed operationally after deployment?,9.30,"Partial monitoring coverage: Only a minority of deployed models receive monitoring, leaving substantial operational blind spots.",outcome,effect,It is a coverage outcome showing incomplete monitoring.,
Operational Monitoring Strategy,How should a deployed model be monitored and reviewed operationally after deployment?,9.31,Model degradation: Changing real-world data causes predictive performance to decline over time.,outcome,effect,It is a result of changing real-world data on model performance.,
Operational Monitoring Strategy,How should a deployed model be monitored and reviewed operationally after deployment?,9.32,Feedback-loop bias amplification: Optimizing the wrong objective can bias collected data and amplify bias through subsequent retraining.,outcome,effect,It is a downstream consequence of optimizing the wrong objective.,
Operational Monitoring Strategy,How should a deployed model be monitored and reviewed operationally after deployment?,9.33,Silent model failure: Harmful or incorrect predictions that appear operationally successful and evade ordinary outage detection.,outcome,effect,It is a failure mode that monitoring aims to detect.,
Operational Monitoring Strategy,How should a deployed model be monitored and reviewed operationally after deployment?,9.34,Delayed business-outcome failure detection: Failure detection delayed until customer outcomes or business KPIs become observable.,outcome,effect,It is a delayed-detection outcome.,
Operational Monitoring Strategy,How should a deployed model be monitored and reviewed operationally after deployment?,9.35,"Performance degradation from data drift: Model performance decline caused by changing production data profiles, sensors, seasons, or feature relationships.",outcome,effect,It is a performance-degradation outcome caused by drift.,
Operational Monitoring Strategy,How should a deployed model be monitored and reviewed operationally after deployment?,9.36,"Enterprise adoption difficulty: Production adoption may remain difficult despite deployment, requiring organizational and operational support.",outcome,effect,It is an organizational outcome related to deployment adoption.,
Operational Monitoring Strategy,How should a deployed model be monitored and reviewed operationally after deployment?,9.37,Absence of model-drift violation: Observed distributional distance remains below the configured drift threshold.,outcome,effect,"It is an observed result about drift thresholds, not a choice.",
Operational Monitoring Strategy,How should a deployed model be monitored and reviewed operationally after deployment?,9.38,Prediction-confidence distribution: Operational results distribute predictions across high-confidence and indeterminate confidence bands.,outcome,effect,It describes the distribution of prediction confidence as an operational result.,
