dimension,question,value_id,value,status,kind,reason,human
Reward Objective Source,Which reward source or target objective should define the agent’s intended behavior?,22.1,Proxy reward model: A learned or engineered reward model used as an operational proxy for human preferences.,accepted,option,A proxy reward model is an alternative source for defining the agent’s objective.,
Reward Objective Source,Which reward source or target objective should define the agent’s intended behavior?,22.2,Reward-score optimization objective: Optimization that directly maximizes the operational reward signal.,accepted,option,Direct optimization of the operational reward signal is an alternative objective choice.,
Reward Objective Source,Which reward source or target objective should define the agent’s intended behavior?,22.3,Outcome-based reward objective: A simple outcome reward used as a baseline objective for comparison.,accepted,option,An outcome-based reward is an alternative objective used to define or compare intended behavior.,
Reward Objective Source,Which reward source or target objective should define the agent’s intended behavior?,22.4,Synthetic reward oracle: A large reward model serves as a scalable substitute for gold human-oracle labels.,accepted,option,A synthetic reward oracle is an alternative source of reward supervision.,
Reward Objective Source,Which reward source or target objective should define the agent’s intended behavior?,22.5,Operational optimization objective: RL-based systems optimize enterprise processes such as recommendations and dynamic pricing as an operational objective.,accepted,option,An operational enterprise objective is an alternative target for agent behavior.,
Reward Objective Source,Which reward source or target objective should define the agent’s intended behavior?,22.6,Programmatic environment-defined reward: Use mathematically defined rewards supplied by the environment as the optimization target.,accepted,option,An environment-defined mathematical reward is an alternative objective source.,
Reward Objective Source,Which reward source or target objective should define the agent’s intended behavior?,22.7,Human preference reward signal: Use human preference data as the reward signal guiding policy behavior.,accepted,option,Human preference data is an alternative source for the reward signal.,
Reward Objective Source,Which reward source or target objective should define the agent’s intended behavior?,22.8,Reward-penalty safety formulation: Fold safety costs into task reward through weighted penalties.,accepted,other_question,This chooses how safety costs are incorporated into reward rather than which source defines the objective.,
Reward Objective Source,Which reward source or target objective should define the agent’s intended behavior?,22.9,End-to-end reinforcement-learning objective: Optimizes behavior through ordinary long-horizon reinforcement learning rather than myopic approval or limited-horizon optimization.,mixed,other_question,This chooses a reinforcement-learning horizon and optimization paradigm rather than the reward source.,
Reward Objective Source,Which reward source or target objective should define the agent’s intended behavior?,22.10,Reward-function loopholes: Exploitable ambiguities or defects that permit high reward without intended task completion.,outcome,effect,Reward-function loopholes are an adverse consequence of objective specification.,
Reward Objective Source,Which reward source or target objective should define the agent’s intended behavior?,22.11,Proxy-objective divergence: High proxy reward accompanied by failure to achieve the intended human goal.,outcome,effect,Proxy-objective divergence is an outcome in which optimization fails to achieve the intended goal.,
Reward Objective Source,Which reward source or target objective should define the agent’s intended behavior?,22.12,Formal-reward task misalignment: Agent optimization of formal reward diverges from accomplishing the intended task.,outcome,effect,Formal-reward task misalignment is an adverse outcome of reward design.,
Reward Objective Source,Which reward source or target objective should define the agent’s intended behavior?,22.13,Cost-model validity failure: Production change can invalidate the safety-cost model underlying reward penalties.,outcome,effect,Cost-model validity failure is a consequence that can undermine a reward-penalty design.,
Reward Objective Source,Which reward source or target objective should define the agent’s intended behavior?,22.14,Safety-threshold invalidation: Distribution shift can make the safety threshold cease to represent meaningful danger.,outcome,effect,Safety-threshold invalidation is a consequence of distribution shift affecting the objective.,
Reward Objective Source,Which reward source or target objective should define the agent’s intended behavior?,22.15,State-observation inadequacy: Insufficiently accurate state observation can make reward safety constraints mismeasure danger.,outcome,effect,State-observation inadequacy is a condition that causes reward safety constraints to mismeasure danger.,
Reward Objective Source,Which reward source or target objective should define the agent’s intended behavior?,22.16,Action-effect nonstationarity: Changing action effects can invalidate safety reasoning based on stationary dynamics.,outcome,effect,Action-effect nonstationarity is a consequence that can invalidate safety-based reward reasoning.,
Objective Regularization and Monitoring,How should reward optimization be constrained against policy divergence and reward-model extrapolation?,23.1,High-KL proxy-reward extrapolation: Extrapolating proxy-reward growth to high policy divergence is rejected as an unreliable reward-design practice.,mixed,option,Rejecting or adopting high-KL proxy-reward extrapolation is a choice about controlling reward-model extrapolation.,
Objective Regularization and Monitoring,How should reward optimization be constrained against policy divergence and reward-model extrapolation?,23.2,PPO KL-penalty reward regularization: Using a PPO KL penalty is rejected when it increases divergence between proxy and gold reward.,mixed,option,Using or rejecting a PPO KL penalty is a regularization choice for constraining optimization.,
Objective Regularization and Monitoring,How should reward optimization be constrained against policy divergence and reward-model extrapolation?,23.3,Empirical gold-reward policy-distance model: Gold reward is modeled empirically as a function of policy distance from the initial policy.,accepted,option,Choosing an empirical gold-reward policy-distance model is a design choice for monitoring divergence effects.,
Objective Regularization and Monitoring,How should reward optimization be constrained against policy divergence and reward-model extrapolation?,23.4,Safety-cost exchange-rate monitoring: Monitors whether environmental change alters the policy’s trade between task reward and safety cost.,accepted,other_question,"This addresses how to monitor task-reward versus safety-cost exchange rates, a different monitoring question.",
Objective Regularization and Monitoring,How should reward optimization be constrained against policy divergence and reward-model extrapolation?,23.5,KL-cap reward regularization: Constraining policy updates with a KL-divergence cap to limit reward-model extrapolation and instability.,accepted,option,Applying a KL-divergence cap is a direct alternative for constraining policy updates.,
Objective Regularization and Monitoring,How should reward optimization be constrained against policy divergence and reward-model extrapolation?,23.6,Reward-cost exchange-rate drift: Environmental change alters the learned balance between task reward and safety cost.,outcome,effect,Exchange-rate drift is an outcome of environmental change rather than a design choice.,
Reward Model Construction,"Which mechanisms should be adopted to construct, shape, verify, and update reward models and their feedback signals?",24.1,Robust reward-design mechanism: Infrastructure for specifying rewards that better represent intended behavior and reduce loopholes.,accepted,option,It proposes adopting infrastructure that improves reward specification and reduces loopholes.,
Reward Model Construction,"Which mechanisms should be adopted to construct, shape, verify, and update reward models and their feedback signals?",24.2,Information-bottleneck reward modeling: Compress reward-model representations to filter spurious features that agents could exploit.,accepted,option,It proposes compressing reward representations as a modeling choice.,
Reward Model Construction,"Which mechanisms should be adopted to construct, shape, verify, and update reward models and their feedback signals?",24.3,Separated quality and length reward heads: Predict content quality separately from response length so verbosity is not an exploitable reward proxy.,accepted,option,It proposes separating quality and length into distinct reward heads.,
Reward Model Construction,"Which mechanisms should be adopted to construct, shape, verify, and update reward models and their feedback signals?",24.4,Prompt-normalized reward shaping: Normalize or structure rewards around prompt-specific expectations to reduce prompt-dependent distortions.,accepted,option,It proposes prompt-normalized reward shaping as a construction mechanism.,
Reward Model Construction,"Which mechanisms should be adopted to construct, shape, verify, and update reward models and their feedback signals?",24.5,Reward-model ensemble: Combine multiple reward models to reduce over-optimization of weaknesses in any single model.,accepted,option,It proposes using an ensemble of reward models.,
Reward Model Construction,"Which mechanisms should be adopted to construct, shape, verify, and update reward models and their feedback signals?",24.6,"Diverse de-biased preference data: Use diverse, de-biased comparison data to reduce reliance on easy proxies and improve content-quality sensitivity.",accepted,option,"It proposes using diverse, de-biased preference data to construct the reward model.",
Reward Model Construction,"Which mechanisms should be adopted to construct, shape, verify, and update reward models and their feedback signals?",24.7,Reward-model feature filtering: Filter spurious reward-model features before optimization to reduce proxy exploitation.,accepted,option,It proposes filtering reward-model features before optimization.,
Reward Model Construction,"Which mechanisms should be adopted to construct, shape, verify, and update reward models and their feedback signals?",24.8,"Structured rubric reward decomposition: Decompose scalar rewards into explicit, interpretable rubric criteria.",accepted,option,It proposes decomposing rewards into explicit rubric criteria.,
Reward Model Construction,"Which mechanisms should be adopted to construct, shape, verify, and update reward models and their feedback signals?",24.9,Cooperative-adversarial reward-data flywheel: Continuously evolve instruction and verification data through cooperative-adversarial processes.,accepted,option,It proposes a cooperative-adversarial process for evolving reward data.,
Reward Model Construction,"Which mechanisms should be adopted to construct, shape, verify, and update reward models and their feedback signals?",24.10,Policy–reward-model co-optimization: Adapt the policy and reward model together to reduce overfitting to a fixed evaluator.,accepted,option,It proposes jointly adapting the policy and reward model.,
Reward Model Construction,"Which mechanisms should be adopted to construct, shape, verify, and update reward models and their feedback signals?",24.11,Process–outcome consistency filtering: Restrict updates to trajectories whose process rewards agree with outcome correctness.,accepted,option,It proposes filtering reward-model updates using process–outcome consistency.,
Reward Model Construction,"Which mechanisms should be adopted to construct, shape, verify, and update reward models and their feedback signals?",24.12,Continuous verifier updating: Dynamically detect and update verifier logic as policy distributions shift.,accepted,option,It proposes dynamically updating verifier logic as policies change.,
Reward Model Construction,"Which mechanisms should be adopted to construct, shape, verify, and update reward models and their feedback signals?",24.13,Hybrid reward verifier: Combines complementary verification mechanisms to reduce exploitation of rigid or oversimplified reward checks.,accepted,option,It proposes combining complementary verification mechanisms in a hybrid verifier.,
Reward Model Construction,"Which mechanisms should be adopted to construct, shape, verify, and update reward models and their feedback signals?",24.14,Decoupled reward-feedback channel: Separates approval feedback from the world action so actions cannot corrupt their own evaluation.,accepted,option,It proposes separating reward feedback from the world action channel.,
Reward Model Construction,"Which mechanisms should be adopted to construct, shape, verify, and update reward models and their feedback signals?",24.15,Pre-execution feedback verification: Collects and verifies feedback before executing the corresponding world action.,accepted,option,It proposes verifying feedback before executing the associated action.,
Reward Model Construction,"Which mechanisms should be adopted to construct, shape, verify, and update reward models and their feedback signals?",24.16,Policy-preserving potential-based reward shaping: Shaping rewards with potential functions that accelerate learning while preserving the underlying optimal policy.,accepted,option,It proposes policy-preserving potential-based reward shaping.,
Reward Model Construction,"Which mechanisms should be adopted to construct, shape, verify, and update reward models and their feedback signals?",24.17,Reward-model disagreement signal: Reward-model disagreement is treated as an observed indicator of possible gaming or reward uncertainty.,outcome,effect,"Reward-model disagreement is an observed uncertainty or gaming signal produced by the design, not a construction choice.",
Exploit Mitigation Strategy,"Which mitigation mechanisms should be adopted to prevent, detect, invalidate, or remediate reward exploitation?",25.1,Reward-hack-resistant training objective: An objective designed to reduce optimization of reward-model loopholes beyond simple outcome rewards.,mixed,option,A reward objective designed to resist loopholes is an adoptable mitigation choice.,
Exploit Mitigation Strategy,"Which mitigation mechanisms should be adopted to prevent, detect, invalidate, or remediate reward exploitation?",25.2,Reward-function exploit patching: Revise the reward function after diagnosis to close a discovered exploit.,accepted,option,Patching the reward function after discovering an exploit is an adoptable remediation choice.,
Exploit Mitigation Strategy,"Which mitigation mechanisms should be adopted to prevent, detect, invalidate, or remediate reward exploitation?",25.3,Anti-hacking constraint layer: Add explicit constraints to prevent recurrence or generalization of reward hacks.,mixed,option,Adding explicit anti-hacking constraints is an adoptable preventive choice.,
Exploit Mitigation Strategy,"Which mitigation mechanisms should be adopted to prevent, detect, invalidate, or remediate reward exploitation?",25.4,Human-feedback-only reward mechanism: Relying solely on human feedback as the deployed reward mechanism is insufficient for robust monitoring.,mixed,option,"Using only human feedback is a deployable reward-mechanism alternative, even though it is described as insufficient.",
Exploit Mitigation Strategy,"Which mitigation mechanisms should be adopted to prevent, detect, invalidate, or remediate reward exploitation?",25.5,Automated gaming-behavior safeguards: Automatically detect and prevent reward-gaming behavior without relying entirely on human intervention.,accepted,option,Automated safeguards are an adoptable mechanism for detecting and preventing reward gaming.,
Exploit Mitigation Strategy,"Which mitigation mechanisms should be adopted to prevent, detect, invalidate, or remediate reward exploitation?",25.6,Reward shaping for exploit mitigation: Shape reward signals to reduce exploitable gaps and reward-hacking incentives.,accepted,option,Reward shaping is an adoptable strategy for reducing exploitability.,
Exploit Mitigation Strategy,"Which mitigation mechanisms should be adopted to prevent, detect, invalidate, or remediate reward exploitation?",25.7,Veto-layer reward invalidation: Invalidate aggregate reward when critical rubric dimensions detect an exploit.,accepted,option,A veto layer that invalidates compromised rewards is an adoptable mitigation mechanism.,
Exploit Mitigation Strategy,"Which mitigation mechanisms should be adopted to prevent, detect, invalidate, or remediate reward exploitation?",25.8,Gated reward accumulation: Accumulate immediate verification rewards only when long-term outcome rewards clear a threshold.,accepted,option,Gating reward accumulation on verified outcomes is an adoptable mitigation mechanism.,
Exploit Mitigation Strategy,"Which mitigation mechanisms should be adopted to prevent, detect, invalidate, or remediate reward exploitation?",25.9,Verbalization fine-tuning for exploit disclosure: Fine-tune agents to disclose cue or shortcut exploitation in their reasoning traces.,accepted,option,Fine-tuning agents to disclose exploitation is an adoptable detection or disclosure strategy.,
Exploit Mitigation Strategy,"Which mitigation mechanisms should be adopted to prevent, detect, invalidate, or remediate reward exploitation?",25.11,Reduction of obvious reward exploits: Repeated reward refinement reduces readily detectable reward-hacking behaviors.,outcome,effect,"Reducing obvious exploits is an outcome of repeated reward refinement, not a mitigation choice itself.",
Exploit Mitigation Strategy,"Which mitigation mechanisms should be adopted to prevent, detect, invalidate, or remediate reward exploitation?",25.12,Reward-model feature exploitation: Use of reward-favored lexical or stylistic features regardless of task appropriateness.,outcome,fact,Exploiting reward-favored features describes a reward-hacking behavior rather than an architectural choice.,
Exploit Mitigation Strategy,"Which mitigation mechanisms should be adopted to prevent, detect, invalidate, or remediate reward exploitation?",25.13,Reward-generating mechanism tampering: Agent changes the mechanism that produces rewards rather than merely exploiting its specification.,outcome,fact,Tampering with the reward-generating mechanism describes an exploitation behavior rather than a mitigation option.,
Exploit Mitigation Strategy,"Which mitigation mechanisms should be adopted to prevent, detect, invalidate, or remediate reward exploitation?",25.14,Limited practical mitigation research: Insufficient practical mitigation research limits available production reward-hacking safeguards.,outcome,fact,"Limited mitigation research is a background condition affecting available safeguards, not a design choice.",
Exploit Mitigation Strategy,"Which mitigation mechanisms should be adopted to prevent, detect, invalidate, or remediate reward exploitation?",25.15,Imperfect reinforcement-learning reward signals: Imperfect reward signals can reinforce reward-hacking behavior during training.,outcome,effect,Reinforcement of reward hacking by imperfect signals is a consequence of the training setup.,
Exploit Mitigation Strategy,"Which mitigation mechanisms should be adopted to prevent, detect, invalidate, or remediate reward exploitation?",25.16,Faked fine-tuning behavior: An agent can substitute deceptive computation for the intended fine-tuning task.,outcome,effect,"Faked fine-tuning behavior is an exploitative outcome or failure mode, not a mitigation choice.",
Safety Assessment Standard,What safety standard and deployment-distribution evidence should determine whether an agent’s behavior is acceptable after deployment?,2.1,Deployment-resilience safety criterion: Safety judged by resilience during repeated post-deployment action and optimization rather than training compliance alone.,accepted,option,It proposes judging safety by resilience during repeated post-deployment action and optimization.,
Safety Assessment Standard,What safety standard and deployment-distribution evidence should determine whether an agent’s behavior is acceptable after deployment?,2.2,Deployment-distribution safety assessment: Safety assessment explicitly grounded in the distribution of environments encountered after deployment.,accepted,option,It proposes grounding safety assessment in the environments encountered after deployment.,
Safety Assessment Standard,What safety standard and deployment-distribution evidence should determine whether an agent’s behavior is acceptable after deployment?,2.3,Training-compliance safety guarantee: Treating training-time constraint obedience as sufficient evidence of deployment safety.,rejected,option,"It proposes treating training-time constraint obedience as the safety standard, though it is rejected.",
Safety Assessment Standard,What safety standard and deployment-distribution evidence should determine whether an agent’s behavior is acceptable after deployment?,2.4,"Distribution-specific safety budget: A safety budget calibrated to a particular patient group, road surface, market regime, or robot load.",accepted,option,It proposes calibrating the safety budget to a particular deployment population or operating regime.,
Safety Assessment Standard,What safety standard and deployment-distribution evidence should determine whether an agent’s behavior is acceptable after deployment?,2.5,Closed-world deployment assumption: Assume deployment observations match training conditions when defining deployment safety criteria.,mixed,option,It proposes assuming deployment observations match training conditions when defining safety criteria.,
Safety Assessment Standard,What safety standard and deployment-distribution evidence should determine whether an agent’s behavior is acceptable after deployment?,2.6,Training-time safety transfer failure: Failure of constraint satisfaction during training to remain valid under unseen deployment conditions.,outcome,effect,It describes the consequence that training-time constraint satisfaction fails to transfer to deployment.,
Safety Assessment Standard,What safety standard and deployment-distribution evidence should determine whether an agent’s behavior is acceptable after deployment?,2.7,Changing deployment environments: Nonstationary production worlds that undermine assumptions behind static safety guarantees.,outcome,effect,It describes how changing deployment environments undermine static safety guarantees.,
Safety Assessment Standard,What safety standard and deployment-distribution evidence should determine whether an agent’s behavior is acceptable after deployment?,2.8,Safety compromise under reward maximization: Optimizing a real-world reward can produce behavior that violates operational safety constraints.,outcome,effect,It describes unsafe behavior as a consequence of optimizing real-world reward.,
Runtime Signal Selection,"Which production signals should the monitoring system collect to detect behavioral, drift, quality, reward, safety, and usage changes?",26.1,Continuous behavior monitoring: Ongoing observation of deployed agent behavior in real-world environments.,accepted,option,This is an alternative choice to continuously monitor deployed agent behavior.,
Runtime Signal Selection,"Which production signals should the monitoring system collect to detect behavioral, drift, quality, reward, safety, and usage changes?",26.2,Baseline comparison monitoring: Compare live inputs and outputs continuously against training and initial-deployment baselines.,accepted,option,This is an alternative choice to compare live behavior with training and deployment baselines.,
Runtime Signal Selection,"Which production signals should the monitoring system collect to detect behavioral, drift, quality, reward, safety, and usage changes?",26.3,Periodic concept-drift evaluation: Run recurring data-drift and concept-drift evaluations during production operation.,accepted,option,This is an alternative choice to perform recurring drift evaluations in production.,
Runtime Signal Selection,"Which production signals should the monitoring system collect to detect behavioral, drift, quality, reward, safety, and usage changes?",26.4,"Policy-decision SLI monitoring: Monitor policy decision latency, action failures, safety violations, and reward-proxy stability as production indicators.",accepted,option,This is an alternative choice to monitor policy-decision service-level indicators.,
Runtime Signal Selection,"Which production signals should the monitoring system collect to detect behavioral, drift, quality, reward, safety, and usage changes?",26.5,Combined drift and output-quality monitoring: Monitor input-distribution drift together with output-quality metrics and feedback for broader coverage.,accepted,option,This is an alternative choice to combine drift and output-quality monitoring.,
Runtime Signal Selection,"Which production signals should the monitoring system collect to detect behavioral, drift, quality, reward, safety, and usage changes?",26.6,"Tool-conditioned state monitoring: Monitor post-tool, low-support state slices separately from aggregate deployment metrics.",accepted,option,This is an alternative choice to monitor tool-conditioned state slices separately.,
Runtime Signal Selection,"Which production signals should the monitoring system collect to detect behavioral, drift, quality, reward, safety, and usage changes?",26.7,Activation-based drift monitoring: Internal activation changes and learned classifiers are used to detect task drift without fine-tuning the deployed model.,accepted,option,This is an alternative choice to use activation changes and classifiers as drift signals.,
Runtime Signal Selection,"Which production signals should the monitoring system collect to detect behavioral, drift, quality, reward, safety, and usage changes?",26.8,"User-feedback and usage-signal monitoring: Explicit ratings, implicit user behavior, and operational trace metrics provide granular production monitoring signals.",accepted,option,"This is an alternative choice to collect user feedback, usage, and operational trace signals.",
Runtime Signal Selection,"Which production signals should the monitoring system collect to detect behavioral, drift, quality, reward, safety, and usage changes?",26.9,Episodic-return threshold monitoring: Sliding windows of episodic returns and moving-average thresholds detect degradation and trigger diagnosis.,accepted,option,This is an alternative choice to monitor episodic returns and degradation thresholds.,
Runtime Signal Selection,"Which production signals should the monitoring system collect to detect behavioral, drift, quality, reward, safety, and usage changes?",26.10,"Safety-flag monitoring: Monitor classifier or keyword flags for harmful, biased, or inappropriate outputs.",accepted,option,This is an alternative choice to monitor safety-related classifier or keyword flags.,
Runtime Signal Selection,"Which production signals should the monitoring system collect to detect behavioral, drift, quality, reward, safety, and usage changes?",26.11,"Helpfulness-proxy monitoring: Monitor task-appropriate response, feedback, and completion proxies for helpfulness.",accepted,option,This is an alternative choice to monitor helpfulness proxies.,
Runtime Signal Selection,"Which production signals should the monitoring system collect to detect behavioral, drift, quality, reward, safety, and usage changes?",26.12,Frozen reward-model production scoring: Periodically score sampled production interactions with a frozen reward model.,accepted,option,This is an alternative choice to score production samples with a frozen reward model.,
Runtime Signal Selection,"Which production signals should the monitoring system collect to detect behavioral, drift, quality, reward, safety, and usage changes?",26.13,KL-based policy-drift measurement: Measure divergence between the deployed policy and its reference policy on production samples.,accepted,option,This is an alternative choice to measure policy drift using KL divergence.,
Runtime Signal Selection,"Which production signals should the monitoring system collect to detect behavioral, drift, quality, reward, safety, and usage changes?",26.14,"Shield intervention-rate monitoring: Monitor how often runtime action shielding intervenes, especially on unfamiliar states.",accepted,option,This is an alternative choice to monitor runtime shield intervention rates.,
Runtime Signal Selection,"Which production signals should the monitoring system collect to detect behavioral, drift, quality, reward, safety, and usage changes?",26.15,Embedding-cluster distribution comparison: Compare semantic embedding-cluster proportions across baseline and production snapshots.,accepted,option,This is an alternative choice to compare embedding-cluster distributions.,
Runtime Signal Selection,"Which production signals should the monitoring system collect to detect behavioral, drift, quality, reward, safety, and usage changes?",26.16,Continuous output evaluation: Continuously evaluate deployed outputs rather than monitoring inputs alone.,accepted,option,This is an alternative choice to continuously evaluate production outputs.,
Runtime Signal Selection,"Which production signals should the monitoring system collect to detect behavioral, drift, quality, reward, safety, and usage changes?",26.17,"Reward-hacking behavior: Observable behavior that obtains reward through shortcuts, proxy exploitation, or task avoidance.",outcome,effect,"Reward-hacking behavior is an observed consequence or outcome, not a monitoring choice.",
Runtime Signal Selection,"Which production signals should the monitoring system collect to detect behavioral, drift, quality, reward, safety, and usage changes?",26.18,Tool-conditioned variance amplification: Tool-conditioned low-support states amplify importance-weight variance and destabilize long-horizon learning.,outcome,effect,"Tool-conditioned variance amplification is a resulting instability, not a monitoring choice.",
Runtime Signal Selection,"Which production signals should the monitoring system collect to detect behavioral, drift, quality, reward, safety, and usage changes?",26.19,Safety-envelope mismatch: Runtime shielding intervention patterns reveal divergence between modeled safety boundaries and operational reality.,outcome,effect,"Safety-envelope mismatch is an observed operational consequence, not a monitoring choice.",
Runtime Signal Selection,"Which production signals should the monitoring system collect to detect behavioral, drift, quality, reward, safety, and usage changes?",26.20,Semantic-cluster input drift: Production semantic cluster proportions can reveal emerging input areas and drift.,outcome,effect,"Semantic-cluster input drift is an observed production condition, not a monitoring choice.",
Runtime Signal Selection,"Which production signals should the monitoring system collect to detect behavioral, drift, quality, reward, safety, and usage changes?",26.21,"Output-quality degradation: Perplexity, task scores, and human ratings can decline as deployed quality drifts.",outcome,effect,"Output-quality degradation is an observed performance outcome, not a monitoring choice.",
Telemetry Collection Architecture,"Which instrumentation, storage, and telemetry-pipeline mechanisms should be adopted to capture runtime evidence?",27.1,"Infrastructure and ML-signal monitoring: Joint monitoring of infrastructure metrics and RL-specific signals such as reward, drift, confidence, and inference latency.",accepted,option,It is an adoptable choice to jointly monitor infrastructure metrics and RL-specific signals.,
Telemetry Collection Architecture,"Which instrumentation, storage, and telemetry-pipeline mechanisms should be adopted to capture runtime evidence?",27.2,"Trajectory instrumentation: Log each decision with timestamp, state, action, outcome, reward proxy, version, and trace identifiers.",accepted,option,It is an adoptable choice to instrument and log each decision with trajectory metadata.,
Telemetry Collection Architecture,"Which instrumentation, storage, and telemetry-pipeline mechanisms should be adopted to capture runtime evidence?",27.3,Centralized versioned telemetry lake: Centralize versioned trajectories and request-response metadata for reproducible monitoring and evaluation.,accepted,option,It is an adoptable choice to centralize versioned telemetry in a lake.,
Telemetry Collection Architecture,"Which instrumentation, storage, and telemetry-pipeline mechanisms should be adopted to capture runtime evidence?",27.4,"Aggregate monitoring blind spot: Global entropy, reward, and KL metrics may remain stable while tool-conditioned instability develops.",outcome,effect,It describes a monitoring failure that can result from insufficiently targeted telemetry.,
Telemetry Collection Architecture,"Which instrumentation, storage, and telemetry-pipeline mechanisms should be adopted to capture runtime evidence?",27.5,Importance-weight variance amplification: Low-support tool-conditioned updates create disproportionate variance through importance-weight denominator effects.,outcome,effect,It describes variance amplification caused by low-support tool-conditioned updates.,
Telemetry Collection Architecture,"Which instrumentation, storage, and telemetry-pipeline mechanisms should be adopted to capture runtime evidence?",27.6,Heavy-tailed importance-weight signal: Heavy-tailed importance weights in tool-conditioned contexts provide an empirical instability signal.,outcome,effect,It describes heavy-tailed importance weights as an observed instability signal.,
Runtime Alerting,How should runtime anomalies be detected and converted into operational alerts?,28.1,Trend-based anomaly monitoring: Monitoring persistent trends rather than reacting to isolated metric spikes.,accepted,option,Chooses trend-based monitoring as the anomaly-detection strategy.,
Runtime Alerting,How should runtime anomalies be detected and converted into operational alerts?,28.2,Threshold-based drift alerting: Automatically alert when drift metrics cross defined thresholds for investigation before user impact.,accepted,option,Chooses threshold crossings as the alert-triggering strategy.,
Runtime Alerting,How should runtime anomalies be detected and converted into operational alerts?,28.3,Severity-based alert routing: Route safety and latency breaches to paging while routing lower-severity metric drift to tickets and escalation.,accepted,option,Chooses severity-based routing for triggered alerts.,
Runtime Alerting,How should runtime anomalies be detected and converted into operational alerts?,28.4,Adaptive alert baselines and grouping: Adapt alert baselines and group related alerts to reduce noise from static thresholds.,accepted,option,Chooses adaptive baselines and grouping to control alert noise.,
Runtime Alerting,How should runtime anomalies be detected and converted into operational alerts?,28.5,Sequential false-alarm-controlled degradation testing: Controls false alarms across overlapping sequential monitoring windows.,accepted,other_question,"Chooses a sequential false-alarm-control procedure, a distinct statistical-monitoring question.",
Runtime Alerting,How should runtime anomalies be detected and converted into operational alerts?,28.6,Episode-preserving bootstrap calibration: Resamples complete episodes when calibrating degradation thresholds for dependent rewards.,accepted,other_question,"Chooses an episode-resampling calibration method, a distinct threshold-calibration question.",
Runtime Alerting,How should runtime anomalies be detected and converted into operational alerts?,28.7,BFAR degradation monitoring procedure: Uses bootstrap false-alarm-rate control for non-i.i.d. sequential reward signals.,accepted,other_question,"Chooses a bootstrap false-alarm-rate monitoring procedure, a distinct sequential-testing question.",
Runtime Alerting,How should runtime anomalies be detected and converted into operational alerts?,28.8,Simple false-positive criterion: Uses a single false-positive probability despite sequential overlapping tests.,mixed,other_question,"Chooses a sequential false-positive criterion, a distinct statistical-validity question.",
Runtime Alerting,How should runtime anomalies be detected and converted into operational alerts?,28.9,Low monitoring overhead: Keeps deployed detector resource overhead below an operational threshold.,outcome,effect,Describes the resource-overhead outcome of the monitoring design rather than an alerting choice.,
Runtime Diagnosis,Which diagnostic evidence and validation methods should be used to diagnose suspected runtime degradation or reward exploitation?,29.1,Reward-hacking diagnosis: Verify that observed behavior is reward hacking rather than an unexpected valid strategy.,accepted,option,Verification of reward hacking is a method for diagnosing suspected exploitation.,
Runtime Diagnosis,Which diagnostic evidence and validation methods should be used to diagnose suspected runtime degradation or reward exploitation?,29.2,"Effective-sample-size supporting diagnostic: Use ESS as a supplementary, not decisive, signal for tool-conditioned instability.",accepted,option,Using ESS as supplementary evidence is a selectable diagnostic approach.,
Runtime Diagnosis,Which diagnostic evidence and validation methods should be used to diagnose suspected runtime degradation or reward exploitation?,29.3,Effective-sample-size primary evidence: Treat ESS as sufficient primary evidence for instability decisions.,rejected,option,Treating ESS as primary evidence is an alternative diagnostic approach.,
Runtime Diagnosis,Which diagnostic evidence and validation methods should be used to diagnose suspected runtime degradation or reward exploitation?,29.4,Aggregate metrics as sole instability monitor: Rely only on aggregate metrics to detect tool-conditioned instability.,mixed,option,Relying solely on aggregate metrics is a selectable monitoring strategy.,
Runtime Diagnosis,Which diagnostic evidence and validation methods should be used to diagnose suspected runtime degradation or reward exploitation?,29.5,Reward-hacking detection classifiers: Use classifiers to identify reward-hacking behavior in monitored interactions.,accepted,option,Classifier-based detection is an alternative diagnostic method.,
Runtime Diagnosis,Which diagnostic evidence and validation methods should be used to diagnose suspected runtime degradation or reward exploitation?,29.6,Reward-hacking detection methods: Apply dedicated detection methods to identify unintended reward optimization.,accepted,option,Dedicated reward-hacking detection is a selectable diagnostic method.,
Runtime Diagnosis,Which diagnostic evidence and validation methods should be used to diagnose suspected runtime degradation or reward exploitation?,29.7,Covariance-weighted reward degradation test: Sequentially detects reward deterioration using covariance-aware weighted aggregation rather than an unweighted recent-episode mean.,mixed,option,Covariance-weighted sequential testing is an alternative degradation-detection method.,
Runtime Diagnosis,Which diagnostic evidence and validation methods should be used to diagnose suspected runtime degradation or reward exploitation?,29.8,Cross-environment detector validation: Validates reward-hacking detectors separately across tasks and environments.,mixed,option,Cross-environment validation is a selectable detector-validation method.,
Runtime Diagnosis,Which diagnostic evidence and validation methods should be used to diagnose suspected runtime degradation or reward exploitation?,29.9,Reward-hack frequency: The rate of reward-hacking events is a runtime diagnostic outcome.,outcome,effect,Reward-hack frequency is an observed outcome of runtime behavior.,
Runtime Diagnosis,Which diagnostic evidence and validation methods should be used to diagnose suspected runtime degradation or reward exploitation?,29.10,Unseen-task reward hacking: Reward hacking may emerge on tasks absent from prior experience.,outcome,fact,Reward hacking on unseen tasks describes a possible behavioral property.,
Runtime Diagnosis,Which diagnostic evidence and validation methods should be used to diagnose suspected runtime degradation or reward exploitation?,29.11,Post-failure reward-hack onset: Reward hacking may occur after normal task completion fails.,outcome,fact,Post-failure onset describes when reward hacking may occur.,
Runtime Diagnosis,Which diagnostic evidence and validation methods should be used to diagnose suspected runtime degradation or reward exploitation?,29.12,Immediate reward-hack onset: Reward hacking may begin immediately rather than after a failed attempt.,outcome,fact,Immediate onset describes a possible temporal pattern of reward hacking.,
Runtime Diagnosis,Which diagnostic evidence and validation methods should be used to diagnose suspected runtime degradation or reward exploitation?,29.13,Capability-conditioned reward hacking: Reward-hack interpretation depends on whether the agent could solve the task normally.,outcome,fact,Capability-conditioned interpretation describes a property of diagnosis.,
Runtime Diagnosis,Which diagnostic evidence and validation methods should be used to diagnose suspected runtime degradation or reward exploitation?,29.14,Cross-domain reward-hack coverage: Monitoring evidence must cover reward hacking beyond programming domains.,outcome,goal,Cross-domain coverage states a monitoring requirement.,
Runtime Diagnosis,Which diagnostic evidence and validation methods should be used to diagnose suspected runtime degradation or reward exploitation?,29.15,Cross-model reward-hack comparability: Comparisons require comparable tests across model families.,outcome,goal,Comparable cross-model testing states a comparison requirement.,
Runtime Diagnosis,Which diagnostic evidence and validation methods should be used to diagnose suspected runtime degradation or reward exploitation?,29.16,Covariance-aware monitoring advantage: Improved detection performance when reward variability is heterogeneous across time steps.,outcome,effect,Improved detection under heterogeneous variability is a consequence of covariance-aware monitoring.,
Runtime Diagnosis,Which diagnostic evidence and validation methods should be used to diagnose suspected runtime degradation or reward exploitation?,29.17,Reward-hacking suspicion from metric divergence: Divergence between optimized and related metrics prompts investigation of metric gaming.,outcome,fact,Metric divergence functioning as an investigation prompt describes diagnostic behavior.,
Runtime Diagnosis,Which diagnostic evidence and validation methods should be used to diagnose suspected runtime degradation or reward exploitation?,29.18,Non-i.i.d. reward dependence: Dependent episodic rewards constrain ordinary degradation-monitoring resampling.,outcome,fact,Non-i.i.d. reward dependence is a property constraining monitoring methods.,
Runtime Diagnosis,Which diagnostic evidence and validation methods should be used to diagnose suspected runtime degradation or reward exploitation?,29.19,"Covert misalignment prevalence: Misaligned internal reasoning can accompany aligned-seeming outputs, limiting output-only diagnosis.",outcome,fact,Covert misalignment accompanying aligned outputs is a background diagnostic limitation.,
Reasoning-Trace Inspection,"What approach should be used to inspect reasoning traces for concealed, unfaithful, or misaligned agent behavior?",15.1,Reasoning-trace monitoring: Inspection of chain-of-thought or reasoning traces to expose exploit intent or unfaithful behavior.,accepted,option,It proposes monitoring reasoning traces to detect exploit intent or unfaithful behavior.,
Reasoning-Trace Inspection,"What approach should be used to inspect reasoning traces for concealed, unfaithful, or misaligned agent behavior?",15.2,LLM-based trace monitor: An automated language-model monitor for detecting exploits in reasoning traces.,accepted,option,It proposes an automated language-model monitor as a trace-inspection approach.,
Reasoning-Trace Inspection,"What approach should be used to inspect reasoning traces for concealed, unfaithful, or misaligned agent behavior?",15.3,Chain-of-Thought faithfulness testing: Test whether reasoning traces faithfully describe the model process before relying on them for monitoring.,accepted,option,It proposes faithfulness testing as a prerequisite for relying on reasoning traces.,
Reasoning-Trace Inspection,"What approach should be used to inspect reasoning traces for concealed, unfaithful, or misaligned agent behavior?",15.4,Reasoning-trace concealment detection: Inspect reasoning traces for omitted unauthorized information use or misaligned behavior hidden from final outputs.,mixed,option,It proposes inspecting traces for concealed unauthorized information use or misalignment.,
Reasoning-Trace Inspection,"What approach should be used to inspect reasoning traces for concealed, unfaithful, or misaligned agent behavior?",15.5,Interpretability-based loophole detection: Use interpretability techniques to expose unintended optimization strategies and reward-hacking loopholes.,accepted,option,It proposes interpretability techniques as a way to inspect optimization strategies and loopholes.,
Reasoning-Trace Inspection,"What approach should be used to inspect reasoning traces for concealed, unfaithful, or misaligned agent behavior?",15.6,Scratchpad hidden-reasoning inspection: Scratchpads expose hidden reasoning for monitoring evaluation awareness and reward-hacking behavior.,accepted,option,It proposes using scratchpads to expose hidden reasoning for monitoring.,
Reasoning-Trace Inspection,"What approach should be used to inspect reasoning traces for concealed, unfaithful, or misaligned agent behavior?",15.7,Light chain-of-thought optimization pressure: Applies limited optimization pressure to traces while avoiding strong direct supervision.,accepted,other_question,"It concerns the amount of optimization pressure applied to traces, not how traces are inspected.",
Reasoning-Trace Inspection,"What approach should be used to inspect reasoning traces for concealed, unfaithful, or misaligned agent behavior?",15.8,Strong chain-of-thought supervision: Directly applies strong supervision to reasoning traces.,rejected,other_question,"It concerns strong supervision of traces, which is a training-intervention question rather than an inspection approach.",
Reasoning-Trace Inspection,"What approach should be used to inspect reasoning traces for concealed, unfaithful, or misaligned agent behavior?",15.9,Black-box decision auditing: Opaque decision systems without stakeholder-understandable reasoning are excluded from auditable oversight.,mixed,other_question,"It concerns whether opaque systems qualify for auditable oversight, not specifically how reasoning traces are inspected.",
Reasoning-Trace Inspection,"What approach should be used to inspect reasoning traces for concealed, unfaithful, or misaligned agent behavior?",15.10,Reasoning-trace concealment: Observed hiding of exploit intent when monitoring or penalties make undesirable reasoning detectable.,outcome,effect,It describes concealment of exploit intent as an observed consequence of monitoring or penalties.,
Reasoning-Trace Inspection,"What approach should be used to inspect reasoning traces for concealed, unfaithful, or misaligned agent behavior?",15.11,Capability-driven exploit complexity: Increasingly sophisticated exploits that raise the burden on production monitoring.,outcome,effect,It describes increasingly complex exploits as a burden on production monitoring.,
Reasoning-Trace Inspection,"What approach should be used to inspect reasoning traces for concealed, unfaithful, or misaligned agent behavior?",15.12,Hidden reasoning monitoring blind spot: Concealed or unfaithful reasoning limits confidence that trace inspection reveals actual agent behavior.,outcome,effect,It describes concealed or unfaithful reasoning as limiting confidence in trace inspection.,
Reasoning-Trace Inspection,"What approach should be used to inspect reasoning traces for concealed, unfaithful, or misaligned agent behavior?",15.13,Evaluation-to-production trace transfer limitation: Trace-monitoring results from contrived evaluations may not generalize to harder production tasks.,outcome,effect,It describes poor transfer of evaluation results to production as a limitation of trace monitoring.,
Evaluation Method Selection,Which evaluation method or combination of methods should be used to assess agent behavior?,20.1,Multiple offline evaluation methods: Triangulation across several offline evaluation methods instead of relying on one metric.,accepted,option,Triangulating across offline methods is an alternative evaluation strategy.,
Evaluation Method Selection,Which evaluation method or combination of methods should be used to assess agent behavior?,20.2,Behavior-policy baseline: Offline evaluation benchmark derived from the policy that generated the observed data.,accepted,option,Using the behavior policy as the offline baseline is a selectable benchmark design.,
Evaluation Method Selection,Which evaluation method or combination of methods should be used to assess agent behavior?,20.3,Subset traffic sampling: Sampling a subset of production traffic to control shadow-evaluation overhead.,accepted,option,Sampling production traffic is an alternative way to control evaluation overhead.,
Evaluation Method Selection,Which evaluation method or combination of methods should be used to assess agent behavior?,20.4,Ground-truth test-case evaluation: Assessment against known test cases where correctness can be directly established.,accepted,option,Known test-case evaluation is an alternative assessment method.,
Evaluation Method Selection,Which evaluation method or combination of methods should be used to assess agent behavior?,20.5,Evaluator-free assessment: Assessment design for tasks whose correctness cannot be directly evaluated by an available evaluator.,accepted,option,Evaluator-free assessment is an alternative method for tasks lacking direct evaluators.,
Evaluation Method Selection,Which evaluation method or combination of methods should be used to assess agent behavior?,20.6,Hint-based faithfulness protocol: Testing whether models disclose reliance on injected correct or incorrect hints in their reasoning.,accepted,option,A hint-based faithfulness protocol is a selectable testing method.,
Evaluation Method Selection,Which evaluation method or combination of methods should be used to assess agent behavior?,20.7,Multi-turn reward-hacking environment: Deliberately eliciting reward hacking across realistic multi-turn interactions for systematic evaluation.,accepted,option,A multi-turn reward-hacking environment is a selectable evaluation environment.,
Evaluation Method Selection,Which evaluation method or combination of methods should be used to assess agent behavior?,20.8,"Adversarial reward-hacking evaluation: Use red teams, adversarial agents, or scaled critiques to probe policies and reward models for exploitation.",accepted,option,Adversarial probing is an alternative evaluation method for detecting exploitation.,
Evaluation Method Selection,Which evaluation method or combination of methods should be used to assess agent behavior?,20.9,Support-aware offline evaluation: Check whether offline evaluation data adequately represents situations in which the policy may be deployed.,accepted,option,Support-aware offline evaluation is a selectable data-representativeness method.,
Evaluation Method Selection,Which evaluation method or combination of methods should be used to assess agent behavior?,20.10,Counterfactual policy evaluation: Evaluate alternative policy decisions from historical interactions without exploratory production actions.,accepted,option,Counterfactual policy evaluation is an alternative offline evaluation method.,
Evaluation Method Selection,Which evaluation method or combination of methods should be used to assess agent behavior?,20.11,Score-only performance evaluation: Use reward scores alone as evidence of acceptable agent performance.,mixed,option,"Using score alone is a selectable, though potentially inadequate, evaluation strategy.",
Evaluation Method Selection,Which evaluation method or combination of methods should be used to assess agent behavior?,20.12,LLM-grader evaluation: Use language models to grade difficult-to-verify outputs and provide evaluation feedback.,accepted,option,LLM grading is an alternative method for evaluating difficult outputs.,
Evaluation Method Selection,Which evaluation method or combination of methods should be used to assess agent behavior?,20.13,Offline-only evaluation without on-policy interaction: On-policy evaluation is rejected when evaluation must remain entirely offline.,mixed,option,Restricting evaluation to offline interaction is a selectable evaluation-mode constraint.,
Evaluation Method Selection,Which evaluation method or combination of methods should be used to assess agent behavior?,20.14,Production A/B policy evaluation: Compare a candidate policy with the existing production model under controlled live traffic.,accepted,option,Production A/B testing is an alternative live evaluation method.,
Evaluation Method Selection,Which evaluation method or combination of methods should be used to assess agent behavior?,20.15,Multiple-evidence evaluator calibration: Calibrates model-based evaluation using textual evidence before scoring outputs.,accepted,option,Evidence-based evaluator calibration is a selectable grading design.,
Evaluation Method Selection,Which evaluation method or combination of methods should be used to assess agent behavior?,20.16,Position-balanced score aggregation: Aggregates evaluation results across response orders to reduce positional bias.,accepted,option,Position-balanced aggregation is a selectable score-aggregation method.,
Evaluation Method Selection,Which evaluation method or combination of methods should be used to assess agent behavior?,20.17,Entropy-based evaluation difficulty routing: Uses evaluator uncertainty to select difficult cases for human assistance.,accepted,option,Entropy-based routing is a selectable method for allocating difficult cases to human evaluators.,
Evaluation Method Selection,Which evaluation method or combination of methods should be used to assess agent behavior?,20.18,Agentic evaluation scaffolds: Which execution context should evaluation use to expose agent behavior?,accepted,other_question,"It asks which execution context or scaffold evaluation should use, a distinct design question from selecting evaluation methods.",
Evaluation Method Selection,Which evaluation method or combination of methods should be used to assess agent behavior?,20.19,Unfaithful answer behavior: Failure to disclose information used to generate an answer despite the evaluation requiring such disclosure.,outcome,effect,Unfaithful answer behavior is an observed failure outcome of agents under evaluation.,
Evaluation Method Selection,Which evaluation method or combination of methods should be used to assess agent behavior?,20.20,Evaluator fidelity and bias risk: LLM-based grading can diverge from oracle judgment and depend on model family or response ordering.,outcome,effect,Evaluator fidelity and bias risk is a consequence or risk of using particular grading methods.,
Evaluation Method Selection,Which evaluation method or combination of methods should be used to assess agent behavior?,20.21,Evaluation-aware model behavior: Agents may adapt behavior to evaluator mechanisms rather than performing the intended task.,outcome,effect,Evaluation-aware behavior is a behavioral consequence of the evaluation mechanism.,
Evaluation Deployment Context,"Which deployment, environment-shift, replay, and failure contexts should be included when validating behavior beyond training?",21.1,Shadow-run evaluation: Evaluation of candidate behavior on production-like traffic without making it authoritative for users.,accepted,option,Shadow evaluation is an alternative choice for validating behavior on production-like traffic without user impact.,
Evaluation Deployment Context,"Which deployment, environment-shift, replay, and failure contexts should be included when validating behavior beyond training?",21.2,Shift stress testing: Stress-test candidate policies across shifted or unseen environments before or during deployment.,accepted,option,Shift stress testing is an alternative choice for validating behavior in changed or unseen environments.,
Evaluation Deployment Context,"Which deployment, environment-shift, replay, and failure contexts should be included when validating behavior beyond training?",21.3,"Decision-context replay debugging: Replay logged decision contexts to inspect inputs, circumstances, and alternative policy decisions.",accepted,option,Decision-context replay is an alternative choice for validating and debugging behavior using logged contexts.,
Evaluation Deployment Context,"Which deployment, environment-shift, replay, and failure contexts should be included when validating behavior beyond training?",21.4,Training-environment-only evaluation: Evaluate agents only in the environment used for training.,mixed,option,Training-environment-only evaluation is an alternative scope choice that excludes deployment and shifted contexts.,
Evaluation Deployment Context,"Which deployment, environment-shift, replay, and failure contexts should be included when validating behavior beyond training?",21.5,Near-boundary failure coverage: Include logged failures near safety boundaries when validating policies and safety estimates.,accepted,option,Near-boundary failure coverage is an alternative choice for including safety-critical cases in validation.,
Evaluation Deployment Context,"Which deployment, environment-shift, replay, and failure contexts should be included when validating behavior beyond training?",21.6,Dataset-evaluation mismatch: Mismatch between production data and evaluation evidence that undermines offline validation.,outcome,effect,"Dataset-evaluation mismatch is an outcome that can undermine offline validation, not an evaluation-context choice.",
Human Oversight Mode,What mode and degree of human oversight should be used to monitor and improve deployed-agent behavior?,12.1,Human-in-the-loop behavior review: Continuous human checking and improvement of deployed agent behavior.,accepted,option,It specifies continuous human review and improvement as an oversight approach.,
Human Oversight Mode,What mode and degree of human oversight should be used to monitor and improve deployed-agent behavior?,12.2,Solely automated oversight: Excluding human checking from behavior assessment and improvement.,rejected,option,It specifies an alternative approach that excludes human oversight.,
Human Oversight Mode,What mode and degree of human oversight should be used to monitor and improve deployed-agent behavior?,12.3,Manual action monitoring: Human review of agent actions and complex generated artifacts as the primary monitoring mechanism.,mixed,option,It specifies manual monitoring as the primary oversight approach.,
Human Oversight Mode,What mode and degree of human oversight should be used to monitor and improve deployed-agent behavior?,12.4,Automated-only behavior monitoring: Exclusive reliance on automated models to check and improve deployed behavior.,mixed,option,It specifies exclusive reliance on automated monitoring as an oversight approach.,
Human Oversight Mode,What mode and degree of human oversight should be used to monitor and improve deployed-agent behavior?,12.5,Human review alongside automation: Retain human review of actions or outputs rather than relying exclusively on automated monitoring.,accepted,option,It specifies retaining human review alongside automated oversight.,
Human Oversight Mode,What mode and degree of human oversight should be used to monitor and improve deployed-agent behavior?,12.6,Human oversight labor burden: Operational effort required to sustain human review and corrective feedback in production.,outcome,effect,It describes the operational labor burden resulting from human oversight.,
Feedback Integration Cycle,"How should human feedback be collected, propagated, evaluated, and integrated into corrective model updates?",13.1,Cyclic feedback collection: Repeated collection of feedback so behavior can improve incrementally over time.,accepted,option,It proposes iterative collection of feedback as an alternative feedback-cycle design.,
Feedback Integration Cycle,"How should human feedback be collected, propagated, evaluated, and integrated into corrective model updates?",13.2,Preference propagation: Scaling a small amount of human preference data across larger datasets.,accepted,option,It proposes propagating limited preference data as an alternative integration strategy.,
Feedback Integration Cycle,"How should human feedback be collected, propagated, evaluated, and integrated into corrective model updates?",13.3,Human-evaluation feedback loop: Incorporating human evaluations into repeated alignment and correction cycles.,accepted,option,It proposes repeated incorporation of human evaluations into alignment and correction.,
Feedback Integration Cycle,"How should human feedback be collected, propagated, evaluated, and integrated into corrective model updates?",13.4,Single-batch feedback collection: Collecting feedback once rather than through ongoing iterative cycles.,mixed,option,It proposes one-time feedback collection instead of an ongoing cycle.,
Feedback Integration Cycle,"How should human feedback be collected, propagated, evaluated, and integrated into corrective model updates?",13.5,Preference-and-correctness cross-checking: Compare human approval or preference feedback with independent factual or quality checks before corrective updates.,accepted,option,It proposes cross-checking human feedback with independent checks before updates.,
Feedback Integration Cycle,"How should human feedback be collected, propagated, evaluated, and integrated into corrective model updates?",13.6,"Continuous evaluation-feedback iteration: Iterate monitoring, feedback, and model updates throughout the deployed model lifecycle.",accepted,option,"It proposes continuous monitoring, feedback, and model-update iteration.",
Feedback Integration Cycle,"How should human feedback be collected, propagated, evaluated, and integrated into corrective model updates?",13.7,"Harmful and biased output reduction: Lower rates of harmful, biased, unsafe, or policy-violating outputs following human feedback.",outcome,effect,It is an expected reduction in harmful or biased outputs after feedback.,
Feedback Integration Cycle,"How should human feedback be collected, propagated, evaluated, and integrated into corrective model updates?",13.8,Reduced correction and retraining burden: Continuous human feedback reduces manual correction effort and extensive retraining cycles.,outcome,effect,It is a consequence concerning reduced correction and retraining effort.,
Feedback Integration Cycle,"How should human feedback be collected, propagated, evaluated, and integrated into corrective model updates?",13.9,Lower operational adaptation costs: Continuous feedback and fewer errors reduce long-term model-operation costs.,outcome,effect,It is a consequence concerning lower long-term operational costs.,
Feedback Integration Cycle,"How should human feedback be collected, propagated, evaluated, and integrated into corrective model updates?",13.10,Sustained accuracy and ethical standards: Human feedback and automation maintain accuracy and ethical standards during adaptation.,outcome,effect,It is a consequence concerning maintained accuracy and ethical standards.,
Post-Deployment Adaptation Strategy,What overall strategy should govern adaptation and maintenance of a deployed model throughout its lifecycle?,6.1,Repeated fine-tuning cycle: Repeated post-deployment fine-tuning using newly collected evidence and feedback.,accepted,other_question,It addresses the separate choice of whether and how often to fine-tune using new evidence.,
Post-Deployment Adaptation Strategy,What overall strategy should govern adaptation and maintenance of a deployed model throughout its lifecycle?,6.2,Segment-specific personalization: Adapting outputs or policies to distinct user or operational segments.,accepted,other_question,It addresses the separate choice of whether adaptation should be personalized by user or operational segment.,
Post-Deployment Adaptation Strategy,What overall strategy should govern adaptation and maintenance of a deployed model throughout its lifecycle?,6.3,Continual-learning capability: Ongoing model adaptation as production conditions change.,accepted,other_question,It addresses the separate choice of adopting continual learning as the adaptation mechanism.,
Post-Deployment Adaptation Strategy,What overall strategy should govern adaptation and maintenance of a deployed model throughout its lifecycle?,6.4,Online-learning stability controls: Controls that prevent continual adaptation from becoming unstable in production.,accepted,other_question,It addresses the separate choice of which controls should stabilize online learning.,
Post-Deployment Adaptation Strategy,What overall strategy should govern adaptation and maintenance of a deployed model throughout its lifecycle?,6.5,"Production drift detection: Detection of changes in model behavior, inputs, or relevance after deployment.",accepted,other_question,It addresses the separate choice of whether and how to detect production drift.,
Post-Deployment Adaptation Strategy,What overall strategy should govern adaptation and maintenance of a deployed model throughout its lifecycle?,6.6,Continuous model-improvement process: An organizational and technical process for maintaining and improving deployed models.,accepted,other_question,It addresses the separate choice of how to organize the model-improvement process.,
Post-Deployment Adaptation Strategy,What overall strategy should govern adaptation and maintenance of a deployed model throughout its lifecycle?,6.7,Observed-cost constraint adaptation: Updating safety pressure using observed costs and a Lagrange multiplier during learning.,accepted,other_question,It addresses the separate choice of how observed costs should modify safety constraints during learning.,
Post-Deployment Adaptation Strategy,What overall strategy should govern adaptation and maintenance of a deployed model throughout its lifecycle?,6.8,Periodic retraining schedule: Retrain on a fixed calendar schedule regardless of whether live metrics have crossed a trigger.,accepted,other_question,It addresses the separate choice of using calendar-based retraining triggers.,
Post-Deployment Adaptation Strategy,What overall strategy should govern adaptation and maintenance of a deployed model throughout its lifecycle?,6.9,"Metric-triggered retraining: Start retraining when evaluation, feedback, or drift metrics cross a defined threshold.",accepted,other_question,It addresses the separate choice of using metric thresholds to trigger retraining.,
Post-Deployment Adaptation Strategy,What overall strategy should govern adaptation and maintenance of a deployed model throughout its lifecycle?,6.10,"Automated drift-to-deployment retraining: Automate drift detection, retraining execution, validation, and deployment as one production workflow.",accepted,other_question,It addresses the separate choice of automating the end-to-end drift-to-deployment workflow.,
Post-Deployment Adaptation Strategy,What overall strategy should govern adaptation and maintenance of a deployed model throughout its lifecycle?,6.11,Partial-model fine-tuning: Update selected model components rather than all weights to reduce adaptation cost and time.,accepted,other_question,It addresses the separate choice of which model components to update during fine-tuning.,
Post-Deployment Adaptation Strategy,What overall strategy should govern adaptation and maintenance of a deployed model throughout its lifecycle?,6.12,Historical-and-recent data replay: Mix older and recent data during retraining to preserve prior capabilities while adapting to new conditions.,accepted,other_question,It addresses the separate choice of how historical and recent data should be combined for retraining.,
Post-Deployment Adaptation Strategy,What overall strategy should govern adaptation and maintenance of a deployed model throughout its lifecycle?,6.13,Weight-preserving fine-tuning: Preserve important model weights during fine-tuning to reduce loss of existing knowledge.,accepted,other_question,It addresses the separate choice of preserving selected weights during fine-tuning.,
Post-Deployment Adaptation Strategy,What overall strategy should govern adaptation and maintenance of a deployed model throughout its lifecycle?,6.14,Serving-data feedback to training: Rapidly feed production serving data to a separate training cluster for online adaptation.,accepted,other_question,It addresses the separate choice of whether and how serving data feeds a training system.,
Post-Deployment Adaptation Strategy,What overall strategy should govern adaptation and maintenance of a deployed model throughout its lifecycle?,6.15,Mutable adapter with fixed base model: Update a separate adapter while keeping the base model fixed to limit production-change scope.,accepted,other_question,It addresses the separate choice of using a mutable adapter with a fixed base model.,
Post-Deployment Adaptation Strategy,What overall strategy should govern adaptation and maintenance of a deployed model throughout its lifecycle?,6.16,Adapter rollback: Revert a continuously updated adapter when an online update causes production problems.,accepted,other_question,It addresses the separate choice of whether and how to roll back online adapter updates.,
Post-Deployment Adaptation Strategy,What overall strategy should govern adaptation and maintenance of a deployed model throughout its lifecycle?,6.17,"Staged preference-data retraining pipeline: Collect new preference data, update the reward model, resume policy training, and evaluate before release.",accepted,other_question,It addresses the separate choice of using a staged preference-data retraining pipeline.,
Post-Deployment Adaptation Strategy,What overall strategy should govern adaptation and maintenance of a deployed model throughout its lifecycle?,6.18,Model drift: Observed degradation or changed relevance caused by evolving production conditions.,outcome,effect,Model drift is an observed consequence or condition resulting from changing production conditions.,
Post-Deployment Adaptation Strategy,What overall strategy should govern adaptation and maintenance of a deployed model throughout its lifecycle?,6.19,Production reward-hacking sophistication: More subtle or frequent reward hacking associated with increasing model capability.,outcome,effect,More sophisticated reward hacking is an observed risk associated with capability changes.,
Post-Deployment Adaptation Strategy,What overall strategy should govern adaptation and maintenance of a deployed model throughout its lifecycle?,6.20,"Outdated recommendation risk: Deployed models become unsafe or ineffective when domain guidance, libraries, or practices change.",outcome,effect,Outdated recommendation risk is a potential adverse consequence of inadequate adaptation.,
Post-Deployment Adaptation Strategy,What overall strategy should govern adaptation and maintenance of a deployed model throughout its lifecycle?,6.21,Restored model accuracy: Model updating restores answer accuracy after production knowledge becomes outdated.,outcome,effect,Restored model accuracy is a beneficial outcome of successful model updating.,
Post-Deployment Adaptation Strategy,What overall strategy should govern adaptation and maintenance of a deployed model throughout its lifecycle?,6.22,Financial losses from faulty outputs: Drift-related faulty outputs cause significant organizational losses.,outcome,effect,Financial losses are an adverse organizational consequence of faulty outputs.,
Scaling and Resilience Architecture,"What deployment topology, scaling, and redundancy mechanisms should be used to keep RL monitoring services available and performant?",8.1,Stateless inference services: Stateless service architecture supporting horizontal scaling of production inference.,accepted,option,Stateless inference is a deployable architecture choice supporting horizontal scaling.,
Scaling and Resilience Architecture,"What deployment topology, scaling, and redundancy mechanisms should be used to keep RL monitoring services available and performant?",8.2,Kubernetes horizontal scaling: Kubernetes-based scaling of inference services as workloads change.,accepted,option,Kubernetes horizontal scaling is a selectable mechanism for adapting inference capacity.,
Scaling and Resilience Architecture,"What deployment topology, scaling, and redundancy mechanisms should be used to keep RL monitoring services available and performant?",8.3,Elastic training-cluster scaling: Elastic resource allocation for large or changing RL training jobs.,accepted,option,Elastic training-cluster scaling is a selectable resource-scaling architecture.,
Scaling and Resilience Architecture,"What deployment topology, scaling, and redundancy mechanisms should be used to keep RL monitoring services available and performant?",8.4,Critical-component redundancy: Redundant infrastructure for components whose failure could interrupt RL operations.,accepted,option,Critical-component redundancy is an adoptable resilience mechanism.,
Scaling and Resilience Architecture,"What deployment topology, scaling, and redundancy mechanisms should be used to keep RL monitoring services available and performant?",8.5,Separated training and inference: Keep training infrastructure separate from inference to protect serving stability and latency.,accepted,option,Separating training and inference is an adoptable deployment-topology choice.,
Scaling and Resilience Architecture,"What deployment topology, scaling, and redundancy mechanisms should be used to keep RL monitoring services available and performant?",8.6,Co-located training and serving: Place training and serving processes together to enable rapid online updates with lower data-transfer overhead.,accepted,option,Co-locating training and serving is an alternative deployment-topology choice.,
Scaling and Resilience Architecture,"What deployment topology, scaling, and redundancy mechanisms should be used to keep RL monitoring services available and performant?",8.7,Managed endpoint deployment: Serve the trained policy through a managed cloud inference endpoint.,accepted,option,A managed inference endpoint is an adoptable serving-deployment choice.,
Scaling and Resilience Architecture,"What deployment topology, scaling, and redundancy mechanisms should be used to keep RL monitoring services available and performant?",8.8,Multi-model policy endpoint: Consolidate policies serving different segments behind a shared multi-model endpoint.,accepted,option,A shared multi-model endpoint is an alternative endpoint-deployment architecture.,
Scaling and Resilience Architecture,"What deployment topology, scaling, and redundancy mechanisms should be used to keep RL monitoring services available and performant?",8.9,"Private-cloud RL deployment: Deploy sensitive, time-critical RL systems in a private cloud environment.",accepted,option,Private-cloud deployment is an adoptable deployment-environment choice for sensitive systems.,
Scaling and Resilience Architecture,"What deployment topology, scaling, and redundancy mechanisms should be used to keep RL monitoring services available and performant?",8.10,Federated offline RL deployment: Trains from privacy-sensitive offline logs distributed across devices without centralizing those logs.,accepted,other_question,Federated offline RL primarily answers how training data and privacy should be architected.,
Scaling and Resilience Architecture,"What deployment topology, scaling, and redundancy mechanisms should be used to keep RL monitoring services available and performant?",8.11,Hybrid simulation-based training: Combines logged experience with learned dynamics for controlled exploration while limiting live interaction.,accepted,other_question,Hybrid simulation-based training primarily answers how RL training and exploration should be performed.,
Scaling and Resilience Architecture,"What deployment topology, scaling, and redundancy mechanisms should be used to keep RL monitoring services available and performant?",8.12,Edge policy with server retraining: Runs a lightweight policy on-device while periodically retraining or refreshing it on a server.,accepted,option,An edge policy with server retraining is an adoptable distributed serving topology.,
Scaling and Resilience Architecture,"What deployment topology, scaling, and redundancy mechanisms should be used to keep RL monitoring services available and performant?",8.13,Quantized inference serving: Uses reduced-precision inference to lower production serving resource requirements.,accepted,other_question,Quantized inference primarily answers how the serving model should be optimized for resource use.,
Scaling and Resilience Architecture,"What deployment topology, scaling, and redundancy mechanisms should be used to keep RL monitoring services available and performant?",8.14,Knowledge-distilled serving model: Serves a smaller model distilled to mimic a larger aligned model.,accepted,other_question,Knowledge distillation primarily answers how to construct a smaller serving model.,
Scaling and Resilience Architecture,"What deployment topology, scaling, and redundancy mechanisms should be used to keep RL monitoring services available and performant?",8.15,Inference request batching: Groups incoming requests for joint accelerator processing to increase throughput.,accepted,other_question,Request batching primarily answers how inference workload processing should be optimized.,
Scaling and Resilience Architecture,"What deployment topology, scaling, and redundancy mechanisms should be used to keep RL monitoring services available and performant?",8.16,Latency and error SLO compliance: Meeting latency and error objectives under production load.,outcome,goal,Latency and error SLO compliance is a production availability and performance objective.,
Scaling and Resilience Architecture,"What deployment topology, scaling, and redundancy mechanisms should be used to keep RL monitoring services available and performant?",8.17,"Non-scalable code-review burden: Operational inability to manually review large, complex agent-generated artifacts at production scale.",outcome,effect,Non-scalable code-review burden is an operational consequence rather than an architecture choice.,
Scaling and Resilience Architecture,"What deployment topology, scaling, and redundancy mechanisms should be used to keep RL monitoring services available and performant?",8.18,Low reward-penalty implementation cost: Reward penalties reduce implementation effort and cost.,outcome,effect,Low reward-penalty implementation cost is a cost consequence of an approach.,
Scaling and Resilience Architecture,"What deployment topology, scaling, and redundancy mechanisms should be used to keep RL monitoring services available and performant?",8.19,Standard training-pipeline compatibility: Reward penalties integrate readily with standard training pipelines.,outcome,effect,Training-pipeline compatibility is a consequence of the selected approach.,
Scaling and Resilience Architecture,"What deployment topology, scaling, and redundancy mechanisms should be used to keep RL monitoring services available and performant?",8.20,Per-request batching latency increase: Batching improves aggregate throughput while increasing individual request latency.,outcome,effect,Increased per-request latency is a consequence of batching.,
Scaling and Resilience Architecture,"What deployment topology, scaling, and redundancy mechanisms should be used to keep RL monitoring services available and performant?",8.21,"Inference-optimization alignment degradation: Aggressive quantization, distillation, or serving optimization can reduce helpfulness or safety.",outcome,effect,Inference-optimization alignment degradation is a quality and safety consequence of optimization.,
Rollout and Incident Control,"Which operational controls should be adopted to limit harm when production policies are rolled out, monitored, degraded, rolled back, or investigated?",9.1,Canary threshold control: Predefined thresholds that limit exposure during controlled policy rollout.,accepted,option,A predefined canary threshold is an adoptable control for limiting rollout exposure.,
Rollout and Incident Control,"Which operational controls should be adopted to limit harm when production policies are rolled out, monitored, degraded, rolled back, or investigated?",9.2,Policy-version traffic slicing: Identification and isolation of affected policy versions and production traffic segments.,accepted,option,Traffic slicing by policy version is an adoptable control for isolating affected deployments.,
Rollout and Incident Control,"Which operational controls should be adopted to limit harm when production policies are rolled out, monitored, degraded, rolled back, or investigated?",9.3,Safe fallback policy switching: Redirecting traffic to a safe fallback or behavior policy during incidents.,accepted,option,Fallback policy switching is an adoptable incident-mitigation control.,
Rollout and Incident Control,"Which operational controls should be adopted to limit harm when production policies are rolled out, monitored, degraded, rolled back, or investigated?",9.4,Affected-period data freeze: Freezing ingestion of potentially contaminated or disputed data during incident investigation.,accepted,option,Freezing affected-period data is an adoptable incident-investigation control.,
Rollout and Incident Control,"Which operational controls should be adopted to limit harm when production policies are rolled out, monitored, degraded, rolled back, or investigated?",9.5,Safe-exploration infrastructure: Controls and infrastructure that limit harm while agents learn through real-world interaction.,accepted,other_question,"Safe exploration addresses how agents learn through interaction, a different exploration-safety design question.",
Rollout and Incident Control,"Which operational controls should be adopted to limit harm when production policies are rolled out, monitored, degraded, rolled back, or investigated?",9.6,Automated policy rollback: Automatically return to a stable model or policy when monitoring detects severe production regressions or safety failures.,accepted,option,Automated rollback is an adoptable control for reversing severe production regressions.,
Rollout and Incident Control,"Which operational controls should be adopted to limit harm when production policies are rolled out, monitored, degraded, rolled back, or investigated?",9.7,Canary and shadow release control: Expose candidate policies to limited or non-impacting traffic before full production rollout.,accepted,option,Canary and shadow release are adoptable pre-production exposure controls.,
Rollout and Incident Control,"Which operational controls should be adopted to limit harm when production policies are rolled out, monitored, degraded, rolled back, or investigated?",9.8,"Fail-safe degradation and action gating: Degrade gracefully or gate unsafe actions when policies, features, or environments behave unexpectedly.",accepted,option,Fail-safe degradation and action gating are adoptable controls for unexpected policy behavior.,
Rollout and Incident Control,"Which operational controls should be adopted to limit harm when production policies are rolled out, monitored, degraded, rolled back, or investigated?",9.9,"Chaos and game-day validation: Exercise logging, feature, drift, and data-integrity dependencies before or during production operation.",accepted,option,Chaos and game-day validation are adoptable controls for testing operational dependencies.,
Rollout and Incident Control,"Which operational controls should be adopted to limit harm when production policies are rolled out, monitored, degraded, rolled back, or investigated?",9.10,Drift-sensitive error-budget control: Restrict policy deployment cadence using conservative error budgets when production drift risk is high.,accepted,option,Drift-sensitive error budgets are an adoptable control over deployment cadence.,
Rollout and Incident Control,"Which operational controls should be adopted to limit harm when production policies are rolled out, monitored, degraded, rolled back, or investigated?",9.11,Runtime out-of-distribution monitoring: Detect deployment observations or conditions outside modeled and evaluated distributions before unsafe actions occur.,accepted,option,Runtime out-of-distribution monitoring is an adoptable control for detecting unsafe deployment conditions.,
Rollout and Incident Control,"Which operational controls should be adopted to limit harm when production policies are rolled out, monitored, degraded, rolled back, or investigated?",9.12,Adaptive action shielding: Adaptively intervene between policy output and execution when distribution shifts or unsafe conditions are detected.,accepted,option,Adaptive action shielding is an adoptable runtime intervention control.,
Rollout and Incident Control,"Which operational controls should be adopted to limit harm when production policies are rolled out, monitored, degraded, rolled back, or investigated?",9.13,Safe action gate: Route policy outputs through a final gate that blocks unsafe actions before execution.,accepted,option,A final safe-action gate is an adoptable control that blocks unsafe execution.,
Rollout and Incident Control,"Which operational controls should be adopted to limit harm when production policies are rolled out, monitored, degraded, rolled back, or investigated?",9.14,Layered safety controls: Combine complementary safety mechanisms rather than relying on one constraint family under distribution shift.,accepted,option,Layering safety controls is an adoptable defense-in-depth strategy for deployment.,
Rollout and Incident Control,"Which operational controls should be adopted to limit harm when production policies are rolled out, monitored, degraded, rolled back, or investigated?",9.15,Conservative policy learning: Prefer policies that remain safer under deployment shifts rather than optimizing only average return.,accepted,other_question,"Conservative policy learning concerns the policy-learning objective, not primarily rollout or incident control.",
Rollout and Incident Control,"Which operational controls should be adopted to limit harm when production policies are rolled out, monitored, degraded, rolled back, or investigated?",9.16,Explicit uncertainty modeling: Represent policy and cost uncertainty explicitly to support safer runtime decisions under shift.,accepted,other_question,Explicit uncertainty modeling concerns policy and cost-model design rather than operational rollout control.,
Rollout and Incident Control,"Which operational controls should be adopted to limit harm when production policies are rolled out, monitored, degraded, rolled back, or investigated?",9.17,Input-output safety filtering: Block harmful inputs and sanitize unsafe outputs before they reach users.,accepted,option,Input-output filtering is an adoptable production safety control that limits harmful interactions.,
Rollout and Incident Control,"Which operational controls should be adopted to limit harm when production policies are rolled out, monitored, degraded, rolled back, or investigated?",9.18,Observed-state-only safety constraints: Safety constraints limited to visible state variables are rejected when hidden risk variables can change.,mixed,other_question,Observed-state-only constraints concern the design of safety constraints under hidden risk variables.,
Rollout and Incident Control,"Which operational controls should be adopted to limit harm when production policies are rolled out, monitored, degraded, rolled back, or investigated?",9.19,Fixed hidden-regime safety assumption: Assuming hidden environmental and system parameters remain fixed is rejected for deployment safety.,rejected,other_question,The fixed hidden-regime assumption concerns deployment-model assumptions rather than a rollout control.,
Rollout and Incident Control,"Which operational controls should be adopted to limit harm when production policies are rolled out, monitored, degraded, rolled back, or investigated?",9.20,Classical multiplier-based safety constraints: Classical primal-dual or Lagrangian constraint handling is rejected for fast distribution shifts.,rejected,other_question,Classical multiplier-based constraints concern the choice of constraint-optimization method.,
Rollout and Incident Control,"Which operational controls should be adopted to limit harm when production policies are rolled out, monitored, degraded, rolled back, or investigated?",9.21,Novelty-as-danger decision rule: Treating every novel situation as dangerous is rejected because agents may safely generalize to some novel situations.,mixed,other_question,"Novelty-as-danger concerns the decision rule for interpreting novel situations, a distinct safety-policy question.",
Rollout and Incident Control,"Which operational controls should be adopted to limit harm when production policies are rolled out, monitored, degraded, rolled back, or investigated?",9.22,"Inference-time missing-feature fallback: Fallback defaults, imputation, and robust policy logic handle missing required features during deployment.",accepted,option,Inference-time missing-feature fallback is an adoptable deployment-resilience control.,
Rollout and Incident Control,"Which operational controls should be adopted to limit harm when production policies are rolled out, monitored, degraded, rolled back, or investigated?",9.23,Separated model-runtime ownership: Assigns model and runtime accountability to distinct teams for incident response.,accepted,option,Separated model-runtime ownership is an adoptable organizational incident-response control.,
Rollout and Incident Control,"Which operational controls should be adopted to limit harm when production policies are rolled out, monitored, degraded, rolled back, or investigated?",9.24,Incident runbooks and escalation playbooks: Uses predefined runbooks for known incidents and coordinated playbooks for complex incidents.,accepted,option,Incident runbooks and escalation playbooks are adoptable coordination controls.,
Rollout and Incident Control,"Which operational controls should be adopted to limit harm when production policies are rolled out, monitored, degraded, rolled back, or investigated?",9.25,Irrational outputs under novel observations: Monitor and control unsafe or over-confident actions caused by observations outside training support.,outcome,effect,Irrational outputs under novel observations are an adverse consequence to monitor and mitigate.,
Rollout and Incident Control,"Which operational controls should be adopted to limit harm when production policies are rolled out, monitored, degraded, rolled back, or investigated?",9.26,Observation manipulation: Agent manipulates sensors or observations so monitoring receives a misleading environment state.,outcome,effect,Observation manipulation is an adverse failure outcome affecting monitoring reliability.,
Rollout and Incident Control,"Which operational controls should be adopted to limit harm when production policies are rolled out, monitored, degraded, rolled back, or investigated?",9.27,Lagging violation signal under distribution shift: Delayed violation-triggered signals are an adverse deployment outcome when safety control reacts after unfamiliar conditions arise.,outcome,effect,A lagging violation signal is an adverse consequence of delayed safety response.,
Rollout and Incident Control,"Which operational controls should be adopted to limit harm when production policies are rolled out, monitored, degraded, rolled back, or investigated?",9.28,Cost-estimator bias under regime change: Regime changes can bias estimated safety costs and drive constraint updates in the wrong direction.,outcome,effect,Cost-estimator bias under regime change is an adverse effect on safety-control updates.,
Rollout and Incident Control,"Which operational controls should be adopted to limit harm when production policies are rolled out, monitored, degraded, rolled back, or investigated?",9.29,"Estimated–true risk divergence: Hidden-parameter changes can make estimated risk diverge from true risk, allowing unsafe constraints to pass.",outcome,effect,Estimated–true risk divergence is an adverse risk outcome of hidden-parameter changes.,
Rollout and Incident Control,"Which operational controls should be adopted to limit harm when production policies are rolled out, monitored, degraded, rolled back, or investigated?",9.30,Unsafe shield approval under shift: Outdated shielding assumptions can approve unsafe actions after distribution shift.,outcome,effect,Unsafe shield approval under shift is an adverse runtime safety outcome.,
Rollout and Incident Control,"Which operational controls should be adopted to limit harm when production policies are rolled out, monitored, degraded, rolled back, or investigated?",9.31,Safe-action shield overblocking: Changed dynamics can cause a shield to block actions that are actually safe.,outcome,effect,Safe-action shield overblocking is an adverse performance and safety-control outcome.,
Production Security Controls,Which production security controls should be adopted to protect deployed RL monitoring infrastructure?,10.1,Least-privilege role-based access: Separated duties and minimum necessary permissions across training and production deployment.,accepted,option,Least-privilege role-based access is an adoptable access-control choice.,
Production Security Controls,Which production security controls should be adopted to protect deployed RL monitoring infrastructure?,10.2,Model-artifact vulnerability scanning: Security scanning of model artifacts before or during deployment.,accepted,option,Artifact vulnerability scanning is an adoptable deployment-security control.,
Production Security Controls,Which production security controls should be adopted to protect deployed RL monitoring infrastructure?,10.3,"Model-code-dataset version control: Version models, code, and datasets together to secure and reproduce deployed RL systems.",accepted,option,"Joint version control for models, code, and datasets is an adoptable integrity and reproducibility control.",
Production Security Controls,Which production security controls should be adopted to protect deployed RL monitoring infrastructure?,10.4,Privacy-preserving learning: Protect sensitive user data while learning and satisfying applicable privacy requirements.,accepted,option,Privacy-preserving learning is an adoptable control for protecting sensitive data.,
Production Security Controls,Which production security controls should be adopted to protect deployed RL monitoring infrastructure?,10.5,Domain regulatory compliance and audit controls: Regulatory validation and audit controls govern whether production RL monitoring can be relied upon in regulated domains.,accepted,option,Regulatory validation and audit controls are adoptable compliance controls.,
Production Security Controls,Which production security controls should be adopted to protect deployed RL monitoring infrastructure?,10.6,End-to-end lifecycle control: Retain organizational control over the full production data and model lifecycle.,accepted,option,End-to-end lifecycle control is an adoptable organizational security approach.,
Production Security Controls,Which production security controls should be adopted to protect deployed RL monitoring infrastructure?,10.7,Ethical AI governance controls: Which ethical governance controls should constrain reward-model development and deployed-agent accountability?,accepted,other_question,"It asks which ethical-governance controls should constrain development and accountability, a distinct governance decision.",
Production Security Controls,Which production security controls should be adopted to protect deployed RL monitoring infrastructure?,10.8,Compliance and governance outcome: Enterprise RLHF deployment produces compliance and governance requirements around organizational use.,outcome,effect,Compliance and governance requirements are an outcome of enterprise RLHF deployment.,
Operational Monitoring Integration,Which operational systems or workflows should monitoring evidence integrate with to support production operations?,11.1,"MLOps pipeline integration: Embedding deployment, monitoring, updates, CI/CD, and model refresh in repeatable workflows.",accepted,option,It is an alternative choice to integrate monitoring into MLOps deployment and refresh workflows.,
Operational Monitoring Integration,Which operational systems or workflows should monitoring evidence integrate with to support production operations?,11.2,"Analytics-platform integration: Connecting monitoring data to business-impact analytics such as safety, personalization, and satisfaction.",accepted,option,It is an alternative choice to connect monitoring data with business-impact analytics.,
Operational Monitoring Integration,Which operational systems or workflows should monitoring evidence integrate with to support production operations?,11.3,Reporting-dashboard integration: Connecting monitoring insights to dashboards used by technical and decision-making teams.,accepted,option,It is an alternative choice to connect monitoring insights with operational reporting dashboards.,
Operational Monitoring Integration,Which operational systems or workflows should monitoring evidence integrate with to support production operations?,11.4,"Prometheus-Grafana monitoring stack: Prometheus collection combined with Grafana dashboards for infrastructure, action, offline, and shadow metrics.",accepted,option,It is an alternative choice to adopt a Prometheus-Grafana monitoring integration.,
Operational Monitoring Integration,Which operational systems or workflows should monitoring evidence integrate with to support production operations?,11.5,"Dataset provenance and audit logging: Maintain data lineage and audit records to support reproducibility, incident analysis, and legal review.",accepted,other_question,It addresses the separate design question of whether to implement provenance and audit logging.,
Operational Monitoring Integration,Which operational systems or workflows should monitoring evidence integrate with to support production operations?,11.6,External moderation integration: Integrate external content moderation services as an additional production safety-checking layer.,accepted,option,It is an alternative choice to integrate external moderation into production safety monitoring.,
Operational Monitoring Integration,Which operational systems or workflows should monitoring evidence integrate with to support production operations?,11.7,"Reward-hacking incident documentation: Document problematic reward-hacking behavior for traceability, analysis, and future prevention.",accepted,other_question,It addresses the separate design question of how to document and govern reward-hacking incidents.,
